ISO-10303-21;
HEADER;
/* Generated by software containing ST-Developer
 * from STEP Tools, Inc. (www.steptools.com) 
 */

FILE_DESCRIPTION(
/* description */ (''),
/* implementation_level */ '2;1');

FILE_NAME(
/* name */ '',
/* time_stamp */ '2026-03-19T19:46:07+08:00',
/* author */ (''),
/* organization */ (''),
/* preprocessor_version */ 'ST-DEVELOPER v20.1',
/* originating_system */ 'Autodesk Translation Framework v14.24.0.0',
/* authorisation */ '');

FILE_SCHEMA (('AUTOMOTIVE_DESIGN { 1 0 10303 214 3 1 1 }'));
ENDSEC;

DATA;
#10=MECHANICAL_DESIGN_GEOMETRIC_PRESENTATION_REPRESENTATION('',(#45,#46,
#47,#48,#49),#3104);
#11=ITEM_DEFINED_TRANSFORMATION($,$,#1782,#2010);
#12=ITEM_DEFINED_TRANSFORMATION($,$,#1803,#2011);
#13=ITEM_DEFINED_TRANSFORMATION($,$,#1824,#2012);
#14=ITEM_DEFINED_TRANSFORMATION($,$,#1845,#2013);
#15=(
REPRESENTATION_RELATIONSHIP($,$,#3124,#3123)
REPRESENTATION_RELATIONSHIP_WITH_TRANSFORMATION(#11)
SHAPE_REPRESENTATION_RELATIONSHIP()
);
#16=(
REPRESENTATION_RELATIONSHIP($,$,#3125,#3123)
REPRESENTATION_RELATIONSHIP_WITH_TRANSFORMATION(#12)
SHAPE_REPRESENTATION_RELATIONSHIP()
);
#17=(
REPRESENTATION_RELATIONSHIP($,$,#3126,#3123)
REPRESENTATION_RELATIONSHIP_WITH_TRANSFORMATION(#13)
SHAPE_REPRESENTATION_RELATIONSHIP()
);
#18=(
REPRESENTATION_RELATIONSHIP($,$,#3127,#3123)
REPRESENTATION_RELATIONSHIP_WITH_TRANSFORMATION(#14)
SHAPE_REPRESENTATION_RELATIONSHIP()
);
#19=CONTEXT_DEPENDENT_SHAPE_REPRESENTATION(#15,#3119);
#20=CONTEXT_DEPENDENT_SHAPE_REPRESENTATION(#16,#3120);
#21=CONTEXT_DEPENDENT_SHAPE_REPRESENTATION(#17,#3121);
#22=CONTEXT_DEPENDENT_SHAPE_REPRESENTATION(#18,#3122);
#23=NEXT_ASSEMBLY_USAGE_OCCURRENCE('M3_4.5_6:1','M3_4.5_6:1',
'M3_4.5_6:1',#3129,#3130,'M3_4.5_6:1');
#24=NEXT_ASSEMBLY_USAGE_OCCURRENCE('M3_4.5_6 (1):1','M3_4.5_6 (1):1',
'M3_4.5_6 (1):1',#3129,#3131,'M3_4.5_6 (1):1');
#25=NEXT_ASSEMBLY_USAGE_OCCURRENCE('M3_4.5_6 (2):1','M3_4.5_6 (2):1',
'M3_4.5_6 (2):1',#3129,#3132,'M3_4.5_6 (2):1');
#26=NEXT_ASSEMBLY_USAGE_OCCURRENCE('M3_4.5_6 (3):1','M3_4.5_6 (3):1',
'M3_4.5_6 (3):1',#3129,#3133,'M3_4.5_6 (3):1');
#27=CONICAL_SURFACE('',#1899,1.85,0.785398163397448);
#28=CONICAL_SURFACE('',#1912,1.85,0.785398163397448);
#29=CONICAL_SURFACE('',#1916,1.85,0.785398163397448);
#30=CONICAL_SURFACE('',#1920,1.85,0.785398163397448);
#31=CONICAL_SURFACE('',#1987,2.,0.785398163397447);
#32=CONICAL_SURFACE('',#1989,2.,0.785398163397447);
#33=CONICAL_SURFACE('',#1991,2.,0.785398163397448);
#34=CONICAL_SURFACE('',#1994,2.,0.785398163397449);
#35=SHAPE_REPRESENTATION_RELATIONSHIP('SRR','None',#3124,#40);
#36=SHAPE_REPRESENTATION_RELATIONSHIP('SRR','None',#3125,#41);
#37=SHAPE_REPRESENTATION_RELATIONSHIP('SRR','None',#3126,#42);
#38=SHAPE_REPRESENTATION_RELATIONSHIP('SRR','None',#3127,#43);
#39=SHAPE_REPRESENTATION_RELATIONSHIP('SRR','None',#3123,#44);
#40=ADVANCED_BREP_SHAPE_REPRESENTATION('',(#50),#3100);
#41=ADVANCED_BREP_SHAPE_REPRESENTATION('',(#51),#3101);
#42=ADVANCED_BREP_SHAPE_REPRESENTATION('',(#52),#3102);
#43=ADVANCED_BREP_SHAPE_REPRESENTATION('',(#53),#3103);
#44=ADVANCED_BREP_SHAPE_REPRESENTATION('',(#54),#3099);
#45=STYLED_ITEM('',(#3153),#50);
#46=STYLED_ITEM('',(#3153),#51);
#47=STYLED_ITEM('',(#3153),#52);
#48=STYLED_ITEM('',(#3153),#53);
#49=STYLED_ITEM('',(#3152),#54);
#50=MANIFOLD_SOLID_BREP('\X2\5B9E4F53\X0\1',#1731);
#51=MANIFOLD_SOLID_BREP('\X2\5B9E4F53\X0\1',#1732);
#52=MANIFOLD_SOLID_BREP('\X2\5B9E4F53\X0\1',#1733);
#53=MANIFOLD_SOLID_BREP('\X2\5B9E4F53\X0\1',#1734);
#54=MANIFOLD_SOLID_BREP('\X2\5B9E4F53\X0\1',#1735);
#55=FACE_BOUND('',#251,.T.);
#56=FACE_BOUND('',#254,.T.);
#57=FACE_BOUND('',#256,.T.);
#58=FACE_BOUND('',#261,.T.);
#59=FACE_BOUND('',#263,.T.);
#60=FACE_BOUND('',#266,.T.);
#61=FACE_BOUND('',#269,.T.);
#62=FACE_BOUND('',#271,.T.);
#63=FACE_BOUND('',#276,.T.);
#64=FACE_BOUND('',#278,.T.);
#65=FACE_BOUND('',#281,.T.);
#66=FACE_BOUND('',#284,.T.);
#67=FACE_BOUND('',#286,.T.);
#68=FACE_BOUND('',#291,.T.);
#69=FACE_BOUND('',#293,.T.);
#70=FACE_BOUND('',#296,.T.);
#71=FACE_BOUND('',#299,.T.);
#72=FACE_BOUND('',#301,.T.);
#73=FACE_BOUND('',#306,.T.);
#74=FACE_BOUND('',#308,.T.);
#75=FACE_BOUND('',#324,.T.);
#76=FACE_BOUND('',#325,.T.);
#77=FACE_BOUND('',#326,.T.);
#78=FACE_BOUND('',#327,.T.);
#79=FACE_BOUND('',#352,.T.);
#80=FACE_BOUND('',#365,.T.);
#81=FACE_BOUND('',#375,.T.);
#82=FACE_BOUND('',#377,.T.);
#83=FACE_BOUND('',#379,.T.);
#84=FACE_BOUND('',#381,.T.);
#85=PLANE('',#1786);
#86=PLANE('',#1791);
#87=PLANE('',#1793);
#88=PLANE('',#1801);
#89=PLANE('',#1802);
#90=PLANE('',#1807);
#91=PLANE('',#1812);
#92=PLANE('',#1814);
#93=PLANE('',#1822);
#94=PLANE('',#1823);
#95=PLANE('',#1828);
#96=PLANE('',#1833);
#97=PLANE('',#1835);
#98=PLANE('',#1843);
#99=PLANE('',#1844);
#100=PLANE('',#1849);
#101=PLANE('',#1854);
#102=PLANE('',#1856);
#103=PLANE('',#1864);
#104=PLANE('',#1865);
#105=PLANE('',#1869);
#106=PLANE('',#1873);
#107=PLANE('',#1884);
#108=PLANE('',#1889);
#109=PLANE('',#1894);
#110=PLANE('',#1902);
#111=PLANE('',#1927);
#112=PLANE('',#1931);
#113=PLANE('',#1935);
#114=PLANE('',#1939);
#115=PLANE('',#1940);
#116=PLANE('',#1944);
#117=PLANE('',#1948);
#118=PLANE('',#1952);
#119=PLANE('',#1956);
#120=PLANE('',#1961);
#121=PLANE('',#1964);
#122=PLANE('',#1973);
#123=PLANE('',#1978);
#124=PLANE('',#1983);
#125=PLANE('',#1985);
#126=PLANE('',#1986);
#127=PLANE('',#1988);
#128=PLANE('',#1990);
#129=PLANE('',#1993);
#130=PLANE('',#1996);
#131=PLANE('',#1997);
#132=PLANE('',#1998);
#133=PLANE('',#1999);
#134=PLANE('',#2001);
#135=PLANE('',#2007);
#136=PLANE('',#2009);
#137=FACE_OUTER_BOUND('',#249,.T.);
#138=FACE_OUTER_BOUND('',#250,.T.);
#139=FACE_OUTER_BOUND('',#252,.T.);
#140=FACE_OUTER_BOUND('',#253,.T.);
#141=FACE_OUTER_BOUND('',#255,.T.);
#142=FACE_OUTER_BOUND('',#257,.T.);
#143=FACE_OUTER_BOUND('',#258,.T.);
#144=FACE_OUTER_BOUND('',#259,.T.);
#145=FACE_OUTER_BOUND('',#260,.T.);
#146=FACE_OUTER_BOUND('',#262,.T.);
#147=FACE_OUTER_BOUND('',#264,.T.);
#148=FACE_OUTER_BOUND('',#265,.T.);
#149=FACE_OUTER_BOUND('',#267,.T.);
#150=FACE_OUTER_BOUND('',#268,.T.);
#151=FACE_OUTER_BOUND('',#270,.T.);
#152=FACE_OUTER_BOUND('',#272,.T.);
#153=FACE_OUTER_BOUND('',#273,.T.);
#154=FACE_OUTER_BOUND('',#274,.T.);
#155=FACE_OUTER_BOUND('',#275,.T.);
#156=FACE_OUTER_BOUND('',#277,.T.);
#157=FACE_OUTER_BOUND('',#279,.T.);
#158=FACE_OUTER_BOUND('',#280,.T.);
#159=FACE_OUTER_BOUND('',#282,.T.);
#160=FACE_OUTER_BOUND('',#283,.T.);
#161=FACE_OUTER_BOUND('',#285,.T.);
#162=FACE_OUTER_BOUND('',#287,.T.);
#163=FACE_OUTER_BOUND('',#288,.T.);
#164=FACE_OUTER_BOUND('',#289,.T.);
#165=FACE_OUTER_BOUND('',#290,.T.);
#166=FACE_OUTER_BOUND('',#292,.T.);
#167=FACE_OUTER_BOUND('',#294,.T.);
#168=FACE_OUTER_BOUND('',#295,.T.);
#169=FACE_OUTER_BOUND('',#297,.T.);
#170=FACE_OUTER_BOUND('',#298,.T.);
#171=FACE_OUTER_BOUND('',#300,.T.);
#172=FACE_OUTER_BOUND('',#302,.T.);
#173=FACE_OUTER_BOUND('',#303,.T.);
#174=FACE_OUTER_BOUND('',#304,.T.);
#175=FACE_OUTER_BOUND('',#305,.T.);
#176=FACE_OUTER_BOUND('',#307,.T.);
#177=FACE_OUTER_BOUND('',#309,.T.);
#178=FACE_OUTER_BOUND('',#310,.T.);
#179=FACE_OUTER_BOUND('',#311,.T.);
#180=FACE_OUTER_BOUND('',#312,.T.);
#181=FACE_OUTER_BOUND('',#313,.T.);
#182=FACE_OUTER_BOUND('',#314,.T.);
#183=FACE_OUTER_BOUND('',#315,.T.);
#184=FACE_OUTER_BOUND('',#316,.T.);
#185=FACE_OUTER_BOUND('',#317,.T.);
#186=FACE_OUTER_BOUND('',#318,.T.);
#187=FACE_OUTER_BOUND('',#319,.T.);
#188=FACE_OUTER_BOUND('',#320,.T.);
#189=FACE_OUTER_BOUND('',#321,.T.);
#190=FACE_OUTER_BOUND('',#322,.T.);
#191=FACE_OUTER_BOUND('',#323,.T.);
#192=FACE_OUTER_BOUND('',#328,.T.);
#193=FACE_OUTER_BOUND('',#329,.T.);
#194=FACE_OUTER_BOUND('',#330,.T.);
#195=FACE_OUTER_BOUND('',#331,.T.);
#196=FACE_OUTER_BOUND('',#332,.T.);
#197=FACE_OUTER_BOUND('',#333,.T.);
#198=FACE_OUTER_BOUND('',#334,.T.);
#199=FACE_OUTER_BOUND('',#335,.T.);
#200=FACE_OUTER_BOUND('',#336,.T.);
#201=FACE_OUTER_BOUND('',#337,.T.);
#202=FACE_OUTER_BOUND('',#338,.T.);
#203=FACE_OUTER_BOUND('',#339,.T.);
#204=FACE_OUTER_BOUND('',#340,.T.);
#205=FACE_OUTER_BOUND('',#341,.T.);
#206=FACE_OUTER_BOUND('',#342,.T.);
#207=FACE_OUTER_BOUND('',#343,.T.);
#208=FACE_OUTER_BOUND('',#344,.T.);
#209=FACE_OUTER_BOUND('',#345,.T.);
#210=FACE_OUTER_BOUND('',#346,.T.);
#211=FACE_OUTER_BOUND('',#347,.T.);
#212=FACE_OUTER_BOUND('',#348,.T.);
#213=FACE_OUTER_BOUND('',#349,.T.);
#214=FACE_OUTER_BOUND('',#350,.T.);
#215=FACE_OUTER_BOUND('',#351,.T.);
#216=FACE_OUTER_BOUND('',#353,.T.);
#217=FACE_OUTER_BOUND('',#354,.T.);
#218=FACE_OUTER_BOUND('',#355,.T.);
#219=FACE_OUTER_BOUND('',#356,.T.);
#220=FACE_OUTER_BOUND('',#357,.T.);
#221=FACE_OUTER_BOUND('',#358,.T.);
#222=FACE_OUTER_BOUND('',#359,.T.);
#223=FACE_OUTER_BOUND('',#360,.T.);
#224=FACE_OUTER_BOUND('',#361,.T.);
#225=FACE_OUTER_BOUND('',#362,.T.);
#226=FACE_OUTER_BOUND('',#363,.T.);
#227=FACE_OUTER_BOUND('',#364,.T.);
#228=FACE_OUTER_BOUND('',#366,.T.);
#229=FACE_OUTER_BOUND('',#367,.T.);
#230=FACE_OUTER_BOUND('',#368,.T.);
#231=FACE_OUTER_BOUND('',#369,.T.);
#232=FACE_OUTER_BOUND('',#370,.T.);
#233=FACE_OUTER_BOUND('',#371,.T.);
#234=FACE_OUTER_BOUND('',#372,.T.);
#235=FACE_OUTER_BOUND('',#373,.T.);
#236=FACE_OUTER_BOUND('',#374,.T.);
#237=FACE_OUTER_BOUND('',#376,.T.);
#238=FACE_OUTER_BOUND('',#378,.T.);
#239=FACE_OUTER_BOUND('',#380,.T.);
#240=FACE_OUTER_BOUND('',#382,.T.);
#241=FACE_OUTER_BOUND('',#383,.T.);
#242=FACE_OUTER_BOUND('',#384,.T.);
#243=FACE_OUTER_BOUND('',#385,.T.);
#244=FACE_OUTER_BOUND('',#386,.T.);
#245=FACE_OUTER_BOUND('',#387,.T.);
#246=FACE_OUTER_BOUND('',#388,.T.);
#247=FACE_OUTER_BOUND('',#389,.T.);
#248=FACE_OUTER_BOUND('',#390,.T.);
#249=EDGE_LOOP('',(#1111,#1112,#1113,#1114));
#250=EDGE_LOOP('',(#1115));
#251=EDGE_LOOP('',(#1116));
#252=EDGE_LOOP('',(#1117,#1118,#1119,#1120));
#253=EDGE_LOOP('',(#1121));
#254=EDGE_LOOP('',(#1122));
#255=EDGE_LOOP('',(#1123));
#256=EDGE_LOOP('',(#1124));
#257=EDGE_LOOP('',(#1125,#1126,#1127,#1128));
#258=EDGE_LOOP('',(#1129,#1130,#1131,#1132));
#259=EDGE_LOOP('',(#1133,#1134,#1135,#1136));
#260=EDGE_LOOP('',(#1137));
#261=EDGE_LOOP('',(#1138));
#262=EDGE_LOOP('',(#1139));
#263=EDGE_LOOP('',(#1140));
#264=EDGE_LOOP('',(#1141,#1142,#1143,#1144));
#265=EDGE_LOOP('',(#1145));
#266=EDGE_LOOP('',(#1146));
#267=EDGE_LOOP('',(#1147,#1148,#1149,#1150));
#268=EDGE_LOOP('',(#1151));
#269=EDGE_LOOP('',(#1152));
#270=EDGE_LOOP('',(#1153));
#271=EDGE_LOOP('',(#1154));
#272=EDGE_LOOP('',(#1155,#1156,#1157,#1158));
#273=EDGE_LOOP('',(#1159,#1160,#1161,#1162));
#274=EDGE_LOOP('',(#1163,#1164,#1165,#1166));
#275=EDGE_LOOP('',(#1167));
#276=EDGE_LOOP('',(#1168));
#277=EDGE_LOOP('',(#1169));
#278=EDGE_LOOP('',(#1170));
#279=EDGE_LOOP('',(#1171,#1172,#1173,#1174));
#280=EDGE_LOOP('',(#1175));
#281=EDGE_LOOP('',(#1176));
#282=EDGE_LOOP('',(#1177,#1178,#1179,#1180));
#283=EDGE_LOOP('',(#1181));
#284=EDGE_LOOP('',(#1182));
#285=EDGE_LOOP('',(#1183));
#286=EDGE_LOOP('',(#1184));
#287=EDGE_LOOP('',(#1185,#1186,#1187,#1188));
#288=EDGE_LOOP('',(#1189,#1190,#1191,#1192));
#289=EDGE_LOOP('',(#1193,#1194,#1195,#1196));
#290=EDGE_LOOP('',(#1197));
#291=EDGE_LOOP('',(#1198));
#292=EDGE_LOOP('',(#1199));
#293=EDGE_LOOP('',(#1200));
#294=EDGE_LOOP('',(#1201,#1202,#1203,#1204));
#295=EDGE_LOOP('',(#1205));
#296=EDGE_LOOP('',(#1206));
#297=EDGE_LOOP('',(#1207,#1208,#1209,#1210));
#298=EDGE_LOOP('',(#1211));
#299=EDGE_LOOP('',(#1212));
#300=EDGE_LOOP('',(#1213));
#301=EDGE_LOOP('',(#1214));
#302=EDGE_LOOP('',(#1215,#1216,#1217,#1218));
#303=EDGE_LOOP('',(#1219,#1220,#1221,#1222));
#304=EDGE_LOOP('',(#1223,#1224,#1225,#1226));
#305=EDGE_LOOP('',(#1227));
#306=EDGE_LOOP('',(#1228));
#307=EDGE_LOOP('',(#1229));
#308=EDGE_LOOP('',(#1230));
#309=EDGE_LOOP('',(#1231,#1232,#1233,#1234));
#310=EDGE_LOOP('',(#1235,#1236,#1237,#1238,#1239,#1240,#1241,#1242));
#311=EDGE_LOOP('',(#1243,#1244,#1245,#1246));
#312=EDGE_LOOP('',(#1247,#1248,#1249,#1250,#1251,#1252,#1253,#1254,#1255,
#1256,#1257,#1258,#1259,#1260,#1261,#1262));
#313=EDGE_LOOP('',(#1263,#1264,#1265,#1266,#1267,#1268,#1269,#1270));
#314=EDGE_LOOP('',(#1271,#1272,#1273,#1274));
#315=EDGE_LOOP('',(#1275,#1276,#1277,#1278));
#316=EDGE_LOOP('',(#1279,#1280,#1281,#1282,#1283,#1284,#1285,#1286));
#317=EDGE_LOOP('',(#1287,#1288,#1289,#1290));
#318=EDGE_LOOP('',(#1291,#1292,#1293,#1294));
#319=EDGE_LOOP('',(#1295,#1296,#1297,#1298,#1299,#1300,#1301,#1302));
#320=EDGE_LOOP('',(#1303,#1304,#1305,#1306));
#321=EDGE_LOOP('',(#1307,#1308,#1309,#1310));
#322=EDGE_LOOP('',(#1311,#1312,#1313,#1314));
#323=EDGE_LOOP('',(#1315,#1316,#1317,#1318,#1319,#1320,#1321,#1322));
#324=EDGE_LOOP('',(#1323));
#325=EDGE_LOOP('',(#1324));
#326=EDGE_LOOP('',(#1325));
#327=EDGE_LOOP('',(#1326));
#328=EDGE_LOOP('',(#1327,#1328,#1329,#1330));
#329=EDGE_LOOP('',(#1331,#1332,#1333,#1334));
#330=EDGE_LOOP('',(#1335,#1336,#1337,#1338));
#331=EDGE_LOOP('',(#1339,#1340,#1341,#1342));
#332=EDGE_LOOP('',(#1343,#1344,#1345,#1346));
#333=EDGE_LOOP('',(#1347,#1348,#1349,#1350));
#334=EDGE_LOOP('',(#1351,#1352,#1353,#1354));
#335=EDGE_LOOP('',(#1355,#1356,#1357,#1358));
#336=EDGE_LOOP('',(#1359));
#337=EDGE_LOOP('',(#1360,#1361,#1362,#1363));
#338=EDGE_LOOP('',(#1364));
#339=EDGE_LOOP('',(#1365,#1366,#1367,#1368));
#340=EDGE_LOOP('',(#1369));
#341=EDGE_LOOP('',(#1370,#1371,#1372,#1373));
#342=EDGE_LOOP('',(#1374));
#343=EDGE_LOOP('',(#1375,#1376,#1377,#1378));
#344=EDGE_LOOP('',(#1379,#1380,#1381,#1382));
#345=EDGE_LOOP('',(#1383,#1384,#1385,#1386));
#346=EDGE_LOOP('',(#1387,#1388,#1389,#1390));
#347=EDGE_LOOP('',(#1391,#1392,#1393,#1394));
#348=EDGE_LOOP('',(#1395,#1396,#1397,#1398));
#349=EDGE_LOOP('',(#1399,#1400,#1401,#1402));
#350=EDGE_LOOP('',(#1403,#1404,#1405,#1406));
#351=EDGE_LOOP('',(#1407,#1408,#1409,#1410,#1411,#1412,#1413,#1414));
#352=EDGE_LOOP('',(#1415,#1416,#1417,#1418,#1419,#1420,#1421,#1422));
#353=EDGE_LOOP('',(#1423,#1424,#1425,#1426));
#354=EDGE_LOOP('',(#1427,#1428,#1429,#1430));
#355=EDGE_LOOP('',(#1431,#1432,#1433,#1434));
#356=EDGE_LOOP('',(#1435,#1436,#1437,#1438));
#357=EDGE_LOOP('',(#1439,#1440,#1441,#1442));
#358=EDGE_LOOP('',(#1443,#1444,#1445,#1446));
#359=EDGE_LOOP('',(#1447,#1448,#1449,#1450,#1451,#1452));
#360=EDGE_LOOP('',(#1453,#1454,#1455,#1456));
#361=EDGE_LOOP('',(#1457,#1458,#1459,#1460,#1461,#1462));
#362=EDGE_LOOP('',(#1463,#1464,#1465,#1466));
#363=EDGE_LOOP('',(#1467,#1468,#1469,#1470,#1471,#1472));
#364=EDGE_LOOP('',(#1473,#1474,#1475,#1476,#1477,#1478,#1479,#1480));
#365=EDGE_LOOP('',(#1481,#1482,#1483,#1484,#1485,#1486,#1487,#1488));
#366=EDGE_LOOP('',(#1489,#1490,#1491,#1492));
#367=EDGE_LOOP('',(#1493,#1494,#1495,#1496));
#368=EDGE_LOOP('',(#1497,#1498,#1499,#1500));
#369=EDGE_LOOP('',(#1501,#1502,#1503,#1504));
#370=EDGE_LOOP('',(#1505,#1506,#1507,#1508));
#371=EDGE_LOOP('',(#1509,#1510,#1511,#1512));
#372=EDGE_LOOP('',(#1513,#1514,#1515,#1516));
#373=EDGE_LOOP('',(#1517,#1518,#1519,#1520));
#374=EDGE_LOOP('',(#1521));
#375=EDGE_LOOP('',(#1522));
#376=EDGE_LOOP('',(#1523));
#377=EDGE_LOOP('',(#1524));
#378=EDGE_LOOP('',(#1525));
#379=EDGE_LOOP('',(#1526));
#380=EDGE_LOOP('',(#1527));
#381=EDGE_LOOP('',(#1528));
#382=EDGE_LOOP('',(#1529,#1530,#1531,#1532));
#383=EDGE_LOOP('',(#1533,#1534,#1535,#1536,#1537,#1538));
#384=EDGE_LOOP('',(#1539,#1540,#1541,#1542));
#385=EDGE_LOOP('',(#1543,#1544,#1545,#1546));
#386=EDGE_LOOP('',(#1547,#1548,#1549,#1550));
#387=EDGE_LOOP('',(#1551,#1552,#1553,#1554));
#388=EDGE_LOOP('',(#1555,#1556,#1557,#1558));
#389=EDGE_LOOP('',(#1559,#1560,#1561,#1562));
#390=EDGE_LOOP('',(#1563,#1564,#1565,#1566));
#391=LINE('',#2602,#507);
#392=LINE('',#2611,#508);
#393=LINE('',#2620,#509);
#394=LINE('',#2625,#510);
#395=LINE('',#2629,#511);
#396=LINE('',#2638,#512);
#397=LINE('',#2647,#513);
#398=LINE('',#2656,#514);
#399=LINE('',#2661,#515);
#400=LINE('',#2665,#516);
#401=LINE('',#2674,#517);
#402=LINE('',#2683,#518);
#403=LINE('',#2692,#519);
#404=LINE('',#2697,#520);
#405=LINE('',#2701,#521);
#406=LINE('',#2710,#522);
#407=LINE('',#2719,#523);
#408=LINE('',#2728,#524);
#409=LINE('',#2733,#525);
#410=LINE('',#2737,#526);
#411=LINE('',#2746,#527);
#412=LINE('',#2749,#528);
#413=LINE('',#2752,#529);
#414=LINE('',#2754,#530);
#415=LINE('',#2756,#531);
#416=LINE('',#2758,#532);
#417=LINE('',#2760,#533);
#418=LINE('',#2762,#534);
#419=LINE('',#2763,#535);
#420=LINE('',#2769,#536);
#421=LINE('',#2772,#537);
#422=LINE('',#2776,#538);
#423=LINE('',#2784,#539);
#424=LINE('',#2792,#540);
#425=LINE('',#2800,#541);
#426=LINE('',#2802,#542);
#427=LINE('',#2804,#543);
#428=LINE('',#2806,#544);
#429=LINE('',#2808,#545);
#430=LINE('',#2809,#546);
#431=LINE('',#2813,#547);
#432=LINE('',#2816,#548);
#433=LINE('',#2819,#549);
#434=LINE('',#2822,#550);
#435=LINE('',#2824,#551);
#436=LINE('',#2826,#552);
#437=LINE('',#2828,#553);
#438=LINE('',#2830,#554);
#439=LINE('',#2831,#555);
#440=LINE('',#2835,#556);
#441=LINE('',#2838,#557);
#442=LINE('',#2841,#558);
#443=LINE('',#2844,#559);
#444=LINE('',#2846,#560);
#445=LINE('',#2848,#561);
#446=LINE('',#2850,#562);
#447=LINE('',#2852,#563);
#448=LINE('',#2853,#564);
#449=LINE('',#2857,#565);
#450=LINE('',#2860,#566);
#451=LINE('',#2866,#567);
#452=LINE('',#2871,#568);
#453=LINE('',#2875,#569);
#454=LINE('',#2879,#570);
#455=LINE('',#2883,#571);
#456=LINE('',#2893,#572);
#457=LINE('',#2897,#573);
#458=LINE('',#2901,#574);
#459=LINE('',#2905,#575);
#460=LINE('',#2909,#576);
#461=LINE('',#2913,#577);
#462=LINE('',#2917,#578);
#463=LINE('',#2923,#579);
#464=LINE('',#2930,#580);
#465=LINE('',#2937,#581);
#466=LINE('',#2944,#582);
#467=LINE('',#2950,#583);
#468=LINE('',#2952,#584);
#469=LINE('',#2954,#585);
#470=LINE('',#2955,#586);
#471=LINE('',#2960,#587);
#472=LINE('',#2964,#588);
#473=LINE('',#2966,#589);
#474=LINE('',#2967,#590);
#475=LINE('',#2972,#591);
#476=LINE('',#2976,#592);
#477=LINE('',#2978,#593);
#478=LINE('',#2979,#594);
#479=LINE('',#2984,#595);
#480=LINE('',#2988,#596);
#481=LINE('',#2990,#597);
#482=LINE('',#2991,#598);
#483=LINE('',#2998,#599);
#484=LINE('',#3002,#600);
#485=LINE('',#3006,#601);
#486=LINE('',#3010,#602);
#487=LINE('',#3014,#603);
#488=LINE('',#3016,#604);
#489=LINE('',#3017,#605);
#490=LINE('',#3020,#606);
#491=LINE('',#3024,#607);
#492=LINE('',#3025,#608);
#493=LINE('',#3028,#609);
#494=LINE('',#3050,#610);
#495=LINE('',#3051,#611);
#496=LINE('',#3053,#612);
#497=LINE('',#3055,#613);
#498=LINE('',#3057,#614);
#499=LINE('',#3060,#615);
#500=LINE('',#3061,#616);
#501=LINE('',#3065,#617);
#502=LINE('',#3068,#618);
#503=LINE('',#3069,#619);
#504=LINE('',#3083,#620);
#505=LINE('',#3084,#621);
#506=LINE('',#3087,#622);
#507=VECTOR('',#2022,1.75);
#508=VECTOR('',#2033,1.75);
#509=VECTOR('',#2046,2.25);
#510=VECTOR('',#2051,1.5);
#511=VECTOR('',#2056,2.25);
#512=VECTOR('',#2069,1.75);
#513=VECTOR('',#2080,1.75);
#514=VECTOR('',#2093,2.25);
#515=VECTOR('',#2098,1.5);
#516=VECTOR('',#2103,2.25);
#517=VECTOR('',#2116,1.75);
#518=VECTOR('',#2127,1.75);
#519=VECTOR('',#2140,2.25);
#520=VECTOR('',#2145,1.5);
#521=VECTOR('',#2150,2.25);
#522=VECTOR('',#2163,1.75);
#523=VECTOR('',#2174,1.75);
#524=VECTOR('',#2187,2.25);
#525=VECTOR('',#2192,1.5);
#526=VECTOR('',#2197,2.25);
#527=VECTOR('',#2208,10.);
#528=VECTOR('',#2211,10.);
#529=VECTOR('',#2214,10.);
#530=VECTOR('',#2215,10.);
#531=VECTOR('',#2216,10.);
#532=VECTOR('',#2217,10.);
#533=VECTOR('',#2218,10.);
#534=VECTOR('',#2219,10.);
#535=VECTOR('',#2220,10.);
#536=VECTOR('',#2225,10.);
#537=VECTOR('',#2228,10.);
#538=VECTOR('',#2233,10.);
#539=VECTOR('',#2240,10.);
#540=VECTOR('',#2247,10.);
#541=VECTOR('',#2256,10.);
#542=VECTOR('',#2257,10.);
#543=VECTOR('',#2258,10.);
#544=VECTOR('',#2259,10.);
#545=VECTOR('',#2260,10.);
#546=VECTOR('',#2261,10.);
#547=VECTOR('',#2266,10.);
#548=VECTOR('',#2269,10.);
#549=VECTOR('',#2272,10.);
#550=VECTOR('',#2275,10.);
#551=VECTOR('',#2276,10.);
#552=VECTOR('',#2277,10.);
#553=VECTOR('',#2278,10.);
#554=VECTOR('',#2279,10.);
#555=VECTOR('',#2280,10.);
#556=VECTOR('',#2285,10.);
#557=VECTOR('',#2288,10.);
#558=VECTOR('',#2291,10.);
#559=VECTOR('',#2294,10.);
#560=VECTOR('',#2295,10.);
#561=VECTOR('',#2296,10.);
#562=VECTOR('',#2297,10.);
#563=VECTOR('',#2298,10.);
#564=VECTOR('',#2299,10.);
#565=VECTOR('',#2304,10.);
#566=VECTOR('',#2307,10.);
#567=VECTOR('',#2314,1.85);
#568=VECTOR('',#2319,10.);
#569=VECTOR('',#2322,10.);
#570=VECTOR('',#2325,10.);
#571=VECTOR('',#2328,10.);
#572=VECTOR('',#2339,2.25);
#573=VECTOR('',#2344,1.85);
#574=VECTOR('',#2349,2.25);
#575=VECTOR('',#2354,1.85);
#576=VECTOR('',#2359,2.25);
#577=VECTOR('',#2364,1.85);
#578=VECTOR('',#2369,2.25);
#579=VECTOR('',#2376,1.25);
#580=VECTOR('',#2385,1.25);
#581=VECTOR('',#2394,1.25);
#582=VECTOR('',#2403,1.25);
#583=VECTOR('',#2410,10.);
#584=VECTOR('',#2411,10.);
#585=VECTOR('',#2412,10.);
#586=VECTOR('',#2413,10.);
#587=VECTOR('',#2418,10.);
#588=VECTOR('',#2423,10.);
#589=VECTOR('',#2424,10.);
#590=VECTOR('',#2425,10.);
#591=VECTOR('',#2430,10.);
#592=VECTOR('',#2435,10.);
#593=VECTOR('',#2436,10.);
#594=VECTOR('',#2437,10.);
#595=VECTOR('',#2442,10.);
#596=VECTOR('',#2447,10.);
#597=VECTOR('',#2448,10.);
#598=VECTOR('',#2449,10.);
#599=VECTOR('',#2458,10.);
#600=VECTOR('',#2461,10.);
#601=VECTOR('',#2464,10.);
#602=VECTOR('',#2467,10.);
#603=VECTOR('',#2472,10.);
#604=VECTOR('',#2473,10.);
#605=VECTOR('',#2474,10.);
#606=VECTOR('',#2477,10.);
#607=VECTOR('',#2482,10.);
#608=VECTOR('',#2483,10.);
#609=VECTOR('',#2486,10.);
#610=VECTOR('',#2529,10.);
#611=VECTOR('',#2530,10.);
#612=VECTOR('',#2533,10.);
#613=VECTOR('',#2536,10.);
#614=VECTOR('',#2539,10.);
#615=VECTOR('',#2542,10.);
#616=VECTOR('',#2543,10.);
#617=VECTOR('',#2548,10.);
#618=VECTOR('',#2551,10.);
#619=VECTOR('',#2552,10.);
#620=VECTOR('',#2579,10.);
#621=VECTOR('',#2580,10.);
#622=VECTOR('',#2585,10.);
#623=CIRCLE('',#1784,1.75);
#624=CIRCLE('',#1785,1.75);
#625=CIRCLE('',#1787,2.);
#626=CIRCLE('',#1789,1.75);
#627=CIRCLE('',#1790,1.75);
#628=CIRCLE('',#1792,2.);
#629=CIRCLE('',#1794,2.);
#630=CIRCLE('',#1797,1.5);
#631=CIRCLE('',#1798,1.5);
#632=CIRCLE('',#1800,2.);
#633=CIRCLE('',#1805,1.75);
#634=CIRCLE('',#1806,1.75);
#635=CIRCLE('',#1808,2.);
#636=CIRCLE('',#1810,1.75);
#637=CIRCLE('',#1811,1.75);
#638=CIRCLE('',#1813,2.);
#639=CIRCLE('',#1815,2.);
#640=CIRCLE('',#1818,1.5);
#641=CIRCLE('',#1819,1.5);
#642=CIRCLE('',#1821,2.);
#643=CIRCLE('',#1826,1.75);
#644=CIRCLE('',#1827,1.75);
#645=CIRCLE('',#1829,2.);
#646=CIRCLE('',#1831,1.75);
#647=CIRCLE('',#1832,1.75);
#648=CIRCLE('',#1834,2.);
#649=CIRCLE('',#1836,2.);
#650=CIRCLE('',#1839,1.5);
#651=CIRCLE('',#1840,1.5);
#652=CIRCLE('',#1842,2.);
#653=CIRCLE('',#1847,1.75);
#654=CIRCLE('',#1848,1.75);
#655=CIRCLE('',#1850,2.);
#656=CIRCLE('',#1852,1.75);
#657=CIRCLE('',#1853,1.75);
#658=CIRCLE('',#1855,2.);
#659=CIRCLE('',#1857,2.);
#660=CIRCLE('',#1860,1.5);
#661=CIRCLE('',#1861,1.5);
#662=CIRCLE('',#1863,2.);
#663=CIRCLE('',#1867,3.);
#664=CIRCLE('',#1868,3.);
#665=CIRCLE('',#1871,3.);
#666=CIRCLE('',#1872,3.);
#667=CIRCLE('',#1874,3.65);
#668=CIRCLE('',#1875,3.);
#669=CIRCLE('',#1876,3.65);
#670=CIRCLE('',#1877,3.);
#671=CIRCLE('',#1878,3.);
#672=CIRCLE('',#1879,3.65);
#673=CIRCLE('',#1880,3.);
#674=CIRCLE('',#1881,3.);
#675=CIRCLE('',#1882,3.65);
#676=CIRCLE('',#1883,3.);
#677=CIRCLE('',#1886,3.);
#678=CIRCLE('',#1888,3.);
#679=CIRCLE('',#1891,3.);
#680=CIRCLE('',#1893,3.);
#681=CIRCLE('',#1896,3.);
#682=CIRCLE('',#1898,3.);
#683=CIRCLE('',#1900,2.1);
#684=CIRCLE('',#1901,1.6);
#685=CIRCLE('',#1903,1.5);
#686=CIRCLE('',#1904,1.5);
#687=CIRCLE('',#1905,1.5);
#688=CIRCLE('',#1906,1.5);
#689=CIRCLE('',#1907,2.1);
#690=CIRCLE('',#1908,2.1);
#691=CIRCLE('',#1909,2.1);
#692=CIRCLE('',#1911,1.6);
#693=CIRCLE('',#1913,1.6);
#694=CIRCLE('',#1915,1.6);
#695=CIRCLE('',#1917,1.6);
#696=CIRCLE('',#1919,1.6);
#697=CIRCLE('',#1921,1.6);
#698=CIRCLE('',#1923,1.6);
#699=CIRCLE('',#1925,1.25);
#700=CIRCLE('',#1926,1.25);
#701=CIRCLE('',#1929,1.25);
#702=CIRCLE('',#1930,1.25);
#703=CIRCLE('',#1933,1.25);
#704=CIRCLE('',#1934,1.25);
#705=CIRCLE('',#1937,1.25);
#706=CIRCLE('',#1938,1.25);
#707=CIRCLE('',#1942,2.);
#708=CIRCLE('',#1943,2.);
#709=CIRCLE('',#1946,2.);
#710=CIRCLE('',#1947,2.);
#711=CIRCLE('',#1950,2.);
#712=CIRCLE('',#1951,2.);
#713=CIRCLE('',#1954,2.);
#714=CIRCLE('',#1955,2.);
#715=CIRCLE('',#1957,2.5);
#716=CIRCLE('',#1958,2.5);
#717=CIRCLE('',#1959,2.5);
#718=CIRCLE('',#1960,2.5);
#719=CIRCLE('',#1963,2.5);
#720=CIRCLE('',#1966,2.5);
#721=CIRCLE('',#1968,1.2);
#722=CIRCLE('',#1969,1.2);
#723=CIRCLE('',#1971,1.2);
#724=CIRCLE('',#1972,1.2);
#725=CIRCLE('',#1974,3.65);
#726=CIRCLE('',#1976,1.2);
#727=CIRCLE('',#1977,1.2);
#728=CIRCLE('',#1979,3.65);
#729=CIRCLE('',#1981,1.2);
#730=CIRCLE('',#1982,1.2);
#731=CIRCLE('',#1984,3.65);
#732=CIRCLE('',#1992,2.5);
#733=CIRCLE('',#1995,2.5);
#734=CIRCLE('',#2002,3.65);
#735=VERTEX_POINT('',#2599);
#736=VERTEX_POINT('',#2601);
#737=VERTEX_POINT('',#2605);
#738=VERTEX_POINT('',#2608);
#739=VERTEX_POINT('',#2610);
#740=VERTEX_POINT('',#2614);
#741=VERTEX_POINT('',#2617);
#742=VERTEX_POINT('',#2622);
#743=VERTEX_POINT('',#2624);
#744=VERTEX_POINT('',#2628);
#745=VERTEX_POINT('',#2635);
#746=VERTEX_POINT('',#2637);
#747=VERTEX_POINT('',#2641);
#748=VERTEX_POINT('',#2644);
#749=VERTEX_POINT('',#2646);
#750=VERTEX_POINT('',#2650);
#751=VERTEX_POINT('',#2653);
#752=VERTEX_POINT('',#2658);
#753=VERTEX_POINT('',#2660);
#754=VERTEX_POINT('',#2664);
#755=VERTEX_POINT('',#2671);
#756=VERTEX_POINT('',#2673);
#757=VERTEX_POINT('',#2677);
#758=VERTEX_POINT('',#2680);
#759=VERTEX_POINT('',#2682);
#760=VERTEX_POINT('',#2686);
#761=VERTEX_POINT('',#2689);
#762=VERTEX_POINT('',#2694);
#763=VERTEX_POINT('',#2696);
#764=VERTEX_POINT('',#2700);
#765=VERTEX_POINT('',#2707);
#766=VERTEX_POINT('',#2709);
#767=VERTEX_POINT('',#2713);
#768=VERTEX_POINT('',#2716);
#769=VERTEX_POINT('',#2718);
#770=VERTEX_POINT('',#2722);
#771=VERTEX_POINT('',#2725);
#772=VERTEX_POINT('',#2730);
#773=VERTEX_POINT('',#2732);
#774=VERTEX_POINT('',#2736);
#775=VERTEX_POINT('',#2742);
#776=VERTEX_POINT('',#2743);
#777=VERTEX_POINT('',#2745);
#778=VERTEX_POINT('',#2747);
#779=VERTEX_POINT('',#2751);
#780=VERTEX_POINT('',#2753);
#781=VERTEX_POINT('',#2755);
#782=VERTEX_POINT('',#2757);
#783=VERTEX_POINT('',#2759);
#784=VERTEX_POINT('',#2761);
#785=VERTEX_POINT('',#2765);
#786=VERTEX_POINT('',#2766);
#787=VERTEX_POINT('',#2768);
#788=VERTEX_POINT('',#2770);
#789=VERTEX_POINT('',#2775);
#790=VERTEX_POINT('',#2777);
#791=VERTEX_POINT('',#2779);
#792=VERTEX_POINT('',#2781);
#793=VERTEX_POINT('',#2783);
#794=VERTEX_POINT('',#2785);
#795=VERTEX_POINT('',#2787);
#796=VERTEX_POINT('',#2789);
#797=VERTEX_POINT('',#2791);
#798=VERTEX_POINT('',#2793);
#799=VERTEX_POINT('',#2795);
#800=VERTEX_POINT('',#2799);
#801=VERTEX_POINT('',#2801);
#802=VERTEX_POINT('',#2803);
#803=VERTEX_POINT('',#2805);
#804=VERTEX_POINT('',#2807);
#805=VERTEX_POINT('',#2811);
#806=VERTEX_POINT('',#2815);
#807=VERTEX_POINT('',#2817);
#808=VERTEX_POINT('',#2821);
#809=VERTEX_POINT('',#2823);
#810=VERTEX_POINT('',#2825);
#811=VERTEX_POINT('',#2827);
#812=VERTEX_POINT('',#2829);
#813=VERTEX_POINT('',#2833);
#814=VERTEX_POINT('',#2837);
#815=VERTEX_POINT('',#2839);
#816=VERTEX_POINT('',#2843);
#817=VERTEX_POINT('',#2845);
#818=VERTEX_POINT('',#2847);
#819=VERTEX_POINT('',#2849);
#820=VERTEX_POINT('',#2851);
#821=VERTEX_POINT('',#2855);
#822=VERTEX_POINT('',#2859);
#823=VERTEX_POINT('',#2863);
#824=VERTEX_POINT('',#2865);
#825=VERTEX_POINT('',#2869);
#826=VERTEX_POINT('',#2870);
#827=VERTEX_POINT('',#2872);
#828=VERTEX_POINT('',#2874);
#829=VERTEX_POINT('',#2876);
#830=VERTEX_POINT('',#2878);
#831=VERTEX_POINT('',#2880);
#832=VERTEX_POINT('',#2882);
#833=VERTEX_POINT('',#2885);
#834=VERTEX_POINT('',#2887);
#835=VERTEX_POINT('',#2889);
#836=VERTEX_POINT('',#2892);
#837=VERTEX_POINT('',#2896);
#838=VERTEX_POINT('',#2900);
#839=VERTEX_POINT('',#2904);
#840=VERTEX_POINT('',#2908);
#841=VERTEX_POINT('',#2912);
#842=VERTEX_POINT('',#2916);
#843=VERTEX_POINT('',#2920);
#844=VERTEX_POINT('',#2922);
#845=VERTEX_POINT('',#2927);
#846=VERTEX_POINT('',#2929);
#847=VERTEX_POINT('',#2934);
#848=VERTEX_POINT('',#2936);
#849=VERTEX_POINT('',#2941);
#850=VERTEX_POINT('',#2943);
#851=VERTEX_POINT('',#2948);
#852=VERTEX_POINT('',#2949);
#853=VERTEX_POINT('',#2951);
#854=VERTEX_POINT('',#2953);
#855=VERTEX_POINT('',#2957);
#856=VERTEX_POINT('',#2959);
#857=VERTEX_POINT('',#2963);
#858=VERTEX_POINT('',#2965);
#859=VERTEX_POINT('',#2969);
#860=VERTEX_POINT('',#2971);
#861=VERTEX_POINT('',#2975);
#862=VERTEX_POINT('',#2977);
#863=VERTEX_POINT('',#2981);
#864=VERTEX_POINT('',#2983);
#865=VERTEX_POINT('',#2987);
#866=VERTEX_POINT('',#2989);
#867=VERTEX_POINT('',#2996);
#868=VERTEX_POINT('',#2997);
#869=VERTEX_POINT('',#2999);
#870=VERTEX_POINT('',#3001);
#871=VERTEX_POINT('',#3003);
#872=VERTEX_POINT('',#3005);
#873=VERTEX_POINT('',#3007);
#874=VERTEX_POINT('',#3009);
#875=VERTEX_POINT('',#3013);
#876=VERTEX_POINT('',#3015);
#877=VERTEX_POINT('',#3019);
#878=VERTEX_POINT('',#3023);
#879=VERTEX_POINT('',#3027);
#880=VERTEX_POINT('',#3059);
#881=VERTEX_POINT('',#3063);
#882=VERTEX_POINT('',#3067);
#883=EDGE_CURVE('',#735,#735,#623,.T.);
#884=EDGE_CURVE('',#735,#736,#391,.T.);
#885=EDGE_CURVE('',#736,#736,#624,.T.);
#886=EDGE_CURVE('',#737,#737,#625,.T.);
#887=EDGE_CURVE('',#738,#738,#626,.T.);
#888=EDGE_CURVE('',#738,#739,#392,.T.);
#889=EDGE_CURVE('',#739,#739,#627,.T.);
#890=EDGE_CURVE('',#740,#740,#628,.T.);
#891=EDGE_CURVE('',#741,#741,#629,.T.);
#892=EDGE_CURVE('',#737,#741,#393,.T.);
#893=EDGE_CURVE('',#742,#742,#630,.T.);
#894=EDGE_CURVE('',#742,#743,#394,.T.);
#895=EDGE_CURVE('',#743,#743,#631,.T.);
#896=EDGE_CURVE('',#740,#744,#395,.T.);
#897=EDGE_CURVE('',#744,#744,#632,.F.);
#898=EDGE_CURVE('',#745,#745,#633,.T.);
#899=EDGE_CURVE('',#745,#746,#396,.T.);
#900=EDGE_CURVE('',#746,#746,#634,.T.);
#901=EDGE_CURVE('',#747,#747,#635,.T.);
#902=EDGE_CURVE('',#748,#748,#636,.T.);
#903=EDGE_CURVE('',#748,#749,#397,.T.);
#904=EDGE_CURVE('',#749,#749,#637,.T.);
#905=EDGE_CURVE('',#750,#750,#638,.T.);
#906=EDGE_CURVE('',#751,#751,#639,.T.);
#907=EDGE_CURVE('',#747,#751,#398,.T.);
#908=EDGE_CURVE('',#752,#752,#640,.T.);
#909=EDGE_CURVE('',#752,#753,#399,.T.);
#910=EDGE_CURVE('',#753,#753,#641,.T.);
#911=EDGE_CURVE('',#750,#754,#400,.T.);
#912=EDGE_CURVE('',#754,#754,#642,.F.);
#913=EDGE_CURVE('',#755,#755,#643,.T.);
#914=EDGE_CURVE('',#755,#756,#401,.T.);
#915=EDGE_CURVE('',#756,#756,#644,.T.);
#916=EDGE_CURVE('',#757,#757,#645,.T.);
#917=EDGE_CURVE('',#758,#758,#646,.T.);
#918=EDGE_CURVE('',#758,#759,#402,.T.);
#919=EDGE_CURVE('',#759,#759,#647,.T.);
#920=EDGE_CURVE('',#760,#760,#648,.T.);
#921=EDGE_CURVE('',#761,#761,#649,.T.);
#922=EDGE_CURVE('',#757,#761,#403,.T.);
#923=EDGE_CURVE('',#762,#762,#650,.T.);
#924=EDGE_CURVE('',#762,#763,#404,.T.);
#925=EDGE_CURVE('',#763,#763,#651,.T.);
#926=EDGE_CURVE('',#760,#764,#405,.T.);
#927=EDGE_CURVE('',#764,#764,#652,.F.);
#928=EDGE_CURVE('',#765,#765,#653,.T.);
#929=EDGE_CURVE('',#765,#766,#406,.T.);
#930=EDGE_CURVE('',#766,#766,#654,.T.);
#931=EDGE_CURVE('',#767,#767,#655,.T.);
#932=EDGE_CURVE('',#768,#768,#656,.T.);
#933=EDGE_CURVE('',#768,#769,#407,.T.);
#934=EDGE_CURVE('',#769,#769,#657,.T.);
#935=EDGE_CURVE('',#770,#770,#658,.T.);
#936=EDGE_CURVE('',#771,#771,#659,.T.);
#937=EDGE_CURVE('',#767,#771,#408,.T.);
#938=EDGE_CURVE('',#772,#772,#660,.T.);
#939=EDGE_CURVE('',#772,#773,#409,.T.);
#940=EDGE_CURVE('',#773,#773,#661,.T.);
#941=EDGE_CURVE('',#770,#774,#410,.T.);
#942=EDGE_CURVE('',#774,#774,#662,.F.);
#943=EDGE_CURVE('',#775,#776,#663,.T.);
#944=EDGE_CURVE('',#775,#777,#411,.T.);
#945=EDGE_CURVE('',#777,#778,#664,.T.);
#946=EDGE_CURVE('',#778,#776,#412,.T.);
#947=EDGE_CURVE('',#779,#777,#413,.T.);
#948=EDGE_CURVE('',#780,#775,#414,.T.);
#949=EDGE_CURVE('',#781,#780,#415,.T.);
#950=EDGE_CURVE('',#781,#782,#416,.T.);
#951=EDGE_CURVE('',#783,#782,#417,.T.);
#952=EDGE_CURVE('',#783,#784,#418,.T.);
#953=EDGE_CURVE('',#779,#784,#419,.T.);
#954=EDGE_CURVE('',#785,#786,#665,.T.);
#955=EDGE_CURVE('',#785,#787,#420,.T.);
#956=EDGE_CURVE('',#787,#788,#666,.T.);
#957=EDGE_CURVE('',#788,#786,#421,.T.);
#958=EDGE_CURVE('',#776,#785,#667,.T.);
#959=EDGE_CURVE('',#786,#789,#422,.T.);
#960=EDGE_CURVE('',#789,#790,#668,.T.);
#961=EDGE_CURVE('',#790,#791,#669,.T.);
#962=EDGE_CURVE('',#791,#792,#670,.T.);
#963=EDGE_CURVE('',#792,#793,#423,.T.);
#964=EDGE_CURVE('',#793,#794,#671,.T.);
#965=EDGE_CURVE('',#794,#795,#672,.T.);
#966=EDGE_CURVE('',#795,#796,#673,.T.);
#967=EDGE_CURVE('',#796,#797,#424,.T.);
#968=EDGE_CURVE('',#797,#798,#674,.T.);
#969=EDGE_CURVE('',#798,#799,#675,.T.);
#970=EDGE_CURVE('',#799,#780,#676,.T.);
#971=EDGE_CURVE('',#788,#800,#425,.T.);
#972=EDGE_CURVE('',#801,#800,#426,.T.);
#973=EDGE_CURVE('',#801,#802,#427,.T.);
#974=EDGE_CURVE('',#803,#802,#428,.T.);
#975=EDGE_CURVE('',#803,#804,#429,.T.);
#976=EDGE_CURVE('',#789,#804,#430,.T.);
#977=EDGE_CURVE('',#804,#805,#677,.T.);
#978=EDGE_CURVE('',#805,#790,#431,.T.);
#979=EDGE_CURVE('',#791,#806,#432,.T.);
#980=EDGE_CURVE('',#806,#807,#678,.T.);
#981=EDGE_CURVE('',#807,#792,#433,.T.);
#982=EDGE_CURVE('',#807,#808,#434,.T.);
#983=EDGE_CURVE('',#809,#808,#435,.T.);
#984=EDGE_CURVE('',#809,#810,#436,.T.);
#985=EDGE_CURVE('',#811,#810,#437,.T.);
#986=EDGE_CURVE('',#811,#812,#438,.T.);
#987=EDGE_CURVE('',#793,#812,#439,.T.);
#988=EDGE_CURVE('',#812,#813,#679,.T.);
#989=EDGE_CURVE('',#813,#794,#440,.T.);
#990=EDGE_CURVE('',#795,#814,#441,.T.);
#991=EDGE_CURVE('',#814,#815,#680,.T.);
#992=EDGE_CURVE('',#815,#796,#442,.T.);
#993=EDGE_CURVE('',#815,#816,#443,.T.);
#994=EDGE_CURVE('',#817,#816,#444,.T.);
#995=EDGE_CURVE('',#817,#818,#445,.T.);
#996=EDGE_CURVE('',#819,#818,#446,.T.);
#997=EDGE_CURVE('',#819,#820,#447,.T.);
#998=EDGE_CURVE('',#797,#820,#448,.T.);
#999=EDGE_CURVE('',#820,#821,#681,.T.);
#1000=EDGE_CURVE('',#821,#798,#449,.T.);
#1001=EDGE_CURVE('',#799,#822,#450,.T.);
#1002=EDGE_CURVE('',#822,#781,#682,.T.);
#1003=EDGE_CURVE('',#823,#823,#683,.T.);
#1004=EDGE_CURVE('',#823,#824,#451,.T.);
#1005=EDGE_CURVE('',#824,#824,#684,.T.);
#1006=EDGE_CURVE('',#825,#826,#452,.T.);
#1007=EDGE_CURVE('',#827,#825,#685,.T.);
#1008=EDGE_CURVE('',#828,#827,#453,.T.);
#1009=EDGE_CURVE('',#829,#828,#686,.T.);
#1010=EDGE_CURVE('',#830,#829,#454,.T.);
#1011=EDGE_CURVE('',#831,#830,#687,.T.);
#1012=EDGE_CURVE('',#832,#831,#455,.T.);
#1013=EDGE_CURVE('',#826,#832,#688,.T.);
#1014=EDGE_CURVE('',#833,#833,#689,.T.);
#1015=EDGE_CURVE('',#834,#834,#690,.T.);
#1016=EDGE_CURVE('',#835,#835,#691,.T.);
#1017=EDGE_CURVE('',#824,#836,#456,.T.);
#1018=EDGE_CURVE('',#836,#836,#692,.T.);
#1019=EDGE_CURVE('',#833,#837,#457,.T.);
#1020=EDGE_CURVE('',#837,#837,#693,.T.);
#1021=EDGE_CURVE('',#837,#838,#458,.T.);
#1022=EDGE_CURVE('',#838,#838,#694,.T.);
#1023=EDGE_CURVE('',#835,#839,#459,.T.);
#1024=EDGE_CURVE('',#839,#839,#695,.T.);
#1025=EDGE_CURVE('',#839,#840,#460,.T.);
#1026=EDGE_CURVE('',#840,#840,#696,.T.);
#1027=EDGE_CURVE('',#834,#841,#461,.T.);
#1028=EDGE_CURVE('',#841,#841,#697,.T.);
#1029=EDGE_CURVE('',#841,#842,#462,.T.);
#1030=EDGE_CURVE('',#842,#842,#698,.T.);
#1031=EDGE_CURVE('',#843,#843,#699,.T.);
#1032=EDGE_CURVE('',#843,#844,#463,.T.);
#1033=EDGE_CURVE('',#844,#844,#700,.T.);
#1034=EDGE_CURVE('',#845,#845,#701,.T.);
#1035=EDGE_CURVE('',#845,#846,#464,.T.);
#1036=EDGE_CURVE('',#846,#846,#702,.T.);
#1037=EDGE_CURVE('',#847,#847,#703,.T.);
#1038=EDGE_CURVE('',#847,#848,#465,.T.);
#1039=EDGE_CURVE('',#848,#848,#704,.T.);
#1040=EDGE_CURVE('',#849,#849,#705,.T.);
#1041=EDGE_CURVE('',#849,#850,#466,.T.);
#1042=EDGE_CURVE('',#850,#850,#706,.T.);
#1043=EDGE_CURVE('',#851,#852,#467,.T.);
#1044=EDGE_CURVE('',#851,#853,#468,.T.);
#1045=EDGE_CURVE('',#853,#854,#469,.T.);
#1046=EDGE_CURVE('',#852,#854,#470,.T.);
#1047=EDGE_CURVE('',#855,#851,#707,.T.);
#1048=EDGE_CURVE('',#855,#856,#471,.T.);
#1049=EDGE_CURVE('',#856,#853,#708,.T.);
#1050=EDGE_CURVE('',#857,#855,#472,.T.);
#1051=EDGE_CURVE('',#857,#858,#473,.T.);
#1052=EDGE_CURVE('',#858,#856,#474,.T.);
#1053=EDGE_CURVE('',#859,#857,#709,.T.);
#1054=EDGE_CURVE('',#859,#860,#475,.T.);
#1055=EDGE_CURVE('',#860,#858,#710,.T.);
#1056=EDGE_CURVE('',#861,#859,#476,.T.);
#1057=EDGE_CURVE('',#861,#862,#477,.T.);
#1058=EDGE_CURVE('',#862,#860,#478,.T.);
#1059=EDGE_CURVE('',#863,#861,#711,.T.);
#1060=EDGE_CURVE('',#863,#864,#479,.T.);
#1061=EDGE_CURVE('',#864,#862,#712,.T.);
#1062=EDGE_CURVE('',#865,#863,#480,.T.);
#1063=EDGE_CURVE('',#865,#866,#481,.T.);
#1064=EDGE_CURVE('',#866,#864,#482,.T.);
#1065=EDGE_CURVE('',#852,#865,#713,.T.);
#1066=EDGE_CURVE('',#854,#866,#714,.T.);
#1067=EDGE_CURVE('',#867,#868,#483,.T.);
#1068=EDGE_CURVE('',#869,#867,#715,.T.);
#1069=EDGE_CURVE('',#870,#869,#484,.T.);
#1070=EDGE_CURVE('',#871,#870,#716,.T.);
#1071=EDGE_CURVE('',#872,#871,#485,.T.);
#1072=EDGE_CURVE('',#873,#872,#717,.T.);
#1073=EDGE_CURVE('',#874,#873,#486,.T.);
#1074=EDGE_CURVE('',#868,#874,#718,.T.);
#1075=EDGE_CURVE('',#875,#871,#487,.T.);
#1076=EDGE_CURVE('',#876,#875,#488,.T.);
#1077=EDGE_CURVE('',#872,#876,#489,.T.);
#1078=EDGE_CURVE('',#870,#877,#490,.T.);
#1079=EDGE_CURVE('',#875,#877,#719,.T.);
#1080=EDGE_CURVE('',#878,#869,#491,.T.);
#1081=EDGE_CURVE('',#877,#878,#492,.T.);
#1082=EDGE_CURVE('',#867,#879,#493,.T.);
#1083=EDGE_CURVE('',#878,#879,#720,.T.);
#1084=EDGE_CURVE('',#779,#800,#721,.T.);
#1085=EDGE_CURVE('',#784,#801,#722,.T.);
#1086=EDGE_CURVE('',#803,#808,#723,.T.);
#1087=EDGE_CURVE('',#802,#809,#724,.T.);
#1088=EDGE_CURVE('',#806,#805,#725,.F.);
#1089=EDGE_CURVE('',#811,#816,#726,.T.);
#1090=EDGE_CURVE('',#810,#817,#727,.T.);
#1091=EDGE_CURVE('',#814,#813,#728,.F.);
#1092=EDGE_CURVE('',#819,#782,#729,.T.);
#1093=EDGE_CURVE('',#818,#783,#730,.T.);
#1094=EDGE_CURVE('',#822,#821,#731,.F.);
#1095=EDGE_CURVE('',#875,#825,#494,.T.);
#1096=EDGE_CURVE('',#826,#876,#495,.T.);
#1097=EDGE_CURVE('',#877,#827,#496,.T.);
#1098=EDGE_CURVE('',#878,#828,#497,.T.);
#1099=EDGE_CURVE('',#879,#829,#498,.T.);
#1100=EDGE_CURVE('',#880,#830,#499,.T.);
#1101=EDGE_CURVE('',#879,#880,#500,.T.);
#1102=EDGE_CURVE('',#880,#881,#732,.T.);
#1103=EDGE_CURVE('',#881,#831,#501,.T.);
#1104=EDGE_CURVE('',#882,#832,#502,.T.);
#1105=EDGE_CURVE('',#881,#882,#503,.T.);
#1106=EDGE_CURVE('',#882,#876,#733,.T.);
#1107=EDGE_CURVE('',#787,#778,#734,.F.);
#1108=EDGE_CURVE('',#874,#881,#504,.T.);
#1109=EDGE_CURVE('',#880,#868,#505,.T.);
#1110=EDGE_CURVE('',#882,#873,#506,.T.);
#1111=ORIENTED_EDGE('',*,*,#883,.T.);
#1112=ORIENTED_EDGE('',*,*,#884,.T.);
#1113=ORIENTED_EDGE('',*,*,#885,.F.);
#1114=ORIENTED_EDGE('',*,*,#884,.F.);
#1115=ORIENTED_EDGE('',*,*,#886,.F.);
#1116=ORIENTED_EDGE('',*,*,#883,.F.);
#1117=ORIENTED_EDGE('',*,*,#887,.T.);
#1118=ORIENTED_EDGE('',*,*,#888,.T.);
#1119=ORIENTED_EDGE('',*,*,#889,.T.);
#1120=ORIENTED_EDGE('',*,*,#888,.F.);
#1121=ORIENTED_EDGE('',*,*,#890,.F.);
#1122=ORIENTED_EDGE('',*,*,#887,.F.);
#1123=ORIENTED_EDGE('',*,*,#891,.F.);
#1124=ORIENTED_EDGE('',*,*,#889,.F.);
#1125=ORIENTED_EDGE('',*,*,#886,.T.);
#1126=ORIENTED_EDGE('',*,*,#892,.T.);
#1127=ORIENTED_EDGE('',*,*,#891,.T.);
#1128=ORIENTED_EDGE('',*,*,#892,.F.);
#1129=ORIENTED_EDGE('',*,*,#893,.F.);
#1130=ORIENTED_EDGE('',*,*,#894,.T.);
#1131=ORIENTED_EDGE('',*,*,#895,.F.);
#1132=ORIENTED_EDGE('',*,*,#894,.F.);
#1133=ORIENTED_EDGE('',*,*,#890,.T.);
#1134=ORIENTED_EDGE('',*,*,#896,.T.);
#1135=ORIENTED_EDGE('',*,*,#897,.F.);
#1136=ORIENTED_EDGE('',*,*,#896,.F.);
#1137=ORIENTED_EDGE('',*,*,#897,.T.);
#1138=ORIENTED_EDGE('',*,*,#895,.T.);
#1139=ORIENTED_EDGE('',*,*,#885,.T.);
#1140=ORIENTED_EDGE('',*,*,#893,.T.);
#1141=ORIENTED_EDGE('',*,*,#898,.T.);
#1142=ORIENTED_EDGE('',*,*,#899,.T.);
#1143=ORIENTED_EDGE('',*,*,#900,.F.);
#1144=ORIENTED_EDGE('',*,*,#899,.F.);
#1145=ORIENTED_EDGE('',*,*,#901,.F.);
#1146=ORIENTED_EDGE('',*,*,#898,.F.);
#1147=ORIENTED_EDGE('',*,*,#902,.T.);
#1148=ORIENTED_EDGE('',*,*,#903,.T.);
#1149=ORIENTED_EDGE('',*,*,#904,.T.);
#1150=ORIENTED_EDGE('',*,*,#903,.F.);
#1151=ORIENTED_EDGE('',*,*,#905,.F.);
#1152=ORIENTED_EDGE('',*,*,#902,.F.);
#1153=ORIENTED_EDGE('',*,*,#906,.F.);
#1154=ORIENTED_EDGE('',*,*,#904,.F.);
#1155=ORIENTED_EDGE('',*,*,#901,.T.);
#1156=ORIENTED_EDGE('',*,*,#907,.T.);
#1157=ORIENTED_EDGE('',*,*,#906,.T.);
#1158=ORIENTED_EDGE('',*,*,#907,.F.);
#1159=ORIENTED_EDGE('',*,*,#908,.F.);
#1160=ORIENTED_EDGE('',*,*,#909,.T.);
#1161=ORIENTED_EDGE('',*,*,#910,.F.);
#1162=ORIENTED_EDGE('',*,*,#909,.F.);
#1163=ORIENTED_EDGE('',*,*,#905,.T.);
#1164=ORIENTED_EDGE('',*,*,#911,.T.);
#1165=ORIENTED_EDGE('',*,*,#912,.F.);
#1166=ORIENTED_EDGE('',*,*,#911,.F.);
#1167=ORIENTED_EDGE('',*,*,#912,.T.);
#1168=ORIENTED_EDGE('',*,*,#910,.T.);
#1169=ORIENTED_EDGE('',*,*,#900,.T.);
#1170=ORIENTED_EDGE('',*,*,#908,.T.);
#1171=ORIENTED_EDGE('',*,*,#913,.T.);
#1172=ORIENTED_EDGE('',*,*,#914,.T.);
#1173=ORIENTED_EDGE('',*,*,#915,.F.);
#1174=ORIENTED_EDGE('',*,*,#914,.F.);
#1175=ORIENTED_EDGE('',*,*,#916,.F.);
#1176=ORIENTED_EDGE('',*,*,#913,.F.);
#1177=ORIENTED_EDGE('',*,*,#917,.T.);
#1178=ORIENTED_EDGE('',*,*,#918,.T.);
#1179=ORIENTED_EDGE('',*,*,#919,.T.);
#1180=ORIENTED_EDGE('',*,*,#918,.F.);
#1181=ORIENTED_EDGE('',*,*,#920,.F.);
#1182=ORIENTED_EDGE('',*,*,#917,.F.);
#1183=ORIENTED_EDGE('',*,*,#921,.F.);
#1184=ORIENTED_EDGE('',*,*,#919,.F.);
#1185=ORIENTED_EDGE('',*,*,#916,.T.);
#1186=ORIENTED_EDGE('',*,*,#922,.T.);
#1187=ORIENTED_EDGE('',*,*,#921,.T.);
#1188=ORIENTED_EDGE('',*,*,#922,.F.);
#1189=ORIENTED_EDGE('',*,*,#923,.F.);
#1190=ORIENTED_EDGE('',*,*,#924,.T.);
#1191=ORIENTED_EDGE('',*,*,#925,.F.);
#1192=ORIENTED_EDGE('',*,*,#924,.F.);
#1193=ORIENTED_EDGE('',*,*,#920,.T.);
#1194=ORIENTED_EDGE('',*,*,#926,.T.);
#1195=ORIENTED_EDGE('',*,*,#927,.F.);
#1196=ORIENTED_EDGE('',*,*,#926,.F.);
#1197=ORIENTED_EDGE('',*,*,#927,.T.);
#1198=ORIENTED_EDGE('',*,*,#925,.T.);
#1199=ORIENTED_EDGE('',*,*,#915,.T.);
#1200=ORIENTED_EDGE('',*,*,#923,.T.);
#1201=ORIENTED_EDGE('',*,*,#928,.T.);
#1202=ORIENTED_EDGE('',*,*,#929,.T.);
#1203=ORIENTED_EDGE('',*,*,#930,.F.);
#1204=ORIENTED_EDGE('',*,*,#929,.F.);
#1205=ORIENTED_EDGE('',*,*,#931,.F.);
#1206=ORIENTED_EDGE('',*,*,#928,.F.);
#1207=ORIENTED_EDGE('',*,*,#932,.T.);
#1208=ORIENTED_EDGE('',*,*,#933,.T.);
#1209=ORIENTED_EDGE('',*,*,#934,.T.);
#1210=ORIENTED_EDGE('',*,*,#933,.F.);
#1211=ORIENTED_EDGE('',*,*,#935,.F.);
#1212=ORIENTED_EDGE('',*,*,#932,.F.);
#1213=ORIENTED_EDGE('',*,*,#936,.F.);
#1214=ORIENTED_EDGE('',*,*,#934,.F.);
#1215=ORIENTED_EDGE('',*,*,#931,.T.);
#1216=ORIENTED_EDGE('',*,*,#937,.T.);
#1217=ORIENTED_EDGE('',*,*,#936,.T.);
#1218=ORIENTED_EDGE('',*,*,#937,.F.);
#1219=ORIENTED_EDGE('',*,*,#938,.F.);
#1220=ORIENTED_EDGE('',*,*,#939,.T.);
#1221=ORIENTED_EDGE('',*,*,#940,.F.);
#1222=ORIENTED_EDGE('',*,*,#939,.F.);
#1223=ORIENTED_EDGE('',*,*,#935,.T.);
#1224=ORIENTED_EDGE('',*,*,#941,.T.);
#1225=ORIENTED_EDGE('',*,*,#942,.F.);
#1226=ORIENTED_EDGE('',*,*,#941,.F.);
#1227=ORIENTED_EDGE('',*,*,#942,.T.);
#1228=ORIENTED_EDGE('',*,*,#940,.T.);
#1229=ORIENTED_EDGE('',*,*,#930,.T.);
#1230=ORIENTED_EDGE('',*,*,#938,.T.);
#1231=ORIENTED_EDGE('',*,*,#943,.F.);
#1232=ORIENTED_EDGE('',*,*,#944,.T.);
#1233=ORIENTED_EDGE('',*,*,#945,.T.);
#1234=ORIENTED_EDGE('',*,*,#946,.T.);
#1235=ORIENTED_EDGE('',*,*,#947,.T.);
#1236=ORIENTED_EDGE('',*,*,#944,.F.);
#1237=ORIENTED_EDGE('',*,*,#948,.F.);
#1238=ORIENTED_EDGE('',*,*,#949,.F.);
#1239=ORIENTED_EDGE('',*,*,#950,.T.);
#1240=ORIENTED_EDGE('',*,*,#951,.F.);
#1241=ORIENTED_EDGE('',*,*,#952,.T.);
#1242=ORIENTED_EDGE('',*,*,#953,.F.);
#1243=ORIENTED_EDGE('',*,*,#954,.F.);
#1244=ORIENTED_EDGE('',*,*,#955,.T.);
#1245=ORIENTED_EDGE('',*,*,#956,.T.);
#1246=ORIENTED_EDGE('',*,*,#957,.T.);
#1247=ORIENTED_EDGE('',*,*,#943,.T.);
#1248=ORIENTED_EDGE('',*,*,#958,.T.);
#1249=ORIENTED_EDGE('',*,*,#954,.T.);
#1250=ORIENTED_EDGE('',*,*,#959,.T.);
#1251=ORIENTED_EDGE('',*,*,#960,.T.);
#1252=ORIENTED_EDGE('',*,*,#961,.T.);
#1253=ORIENTED_EDGE('',*,*,#962,.T.);
#1254=ORIENTED_EDGE('',*,*,#963,.T.);
#1255=ORIENTED_EDGE('',*,*,#964,.T.);
#1256=ORIENTED_EDGE('',*,*,#965,.T.);
#1257=ORIENTED_EDGE('',*,*,#966,.T.);
#1258=ORIENTED_EDGE('',*,*,#967,.T.);
#1259=ORIENTED_EDGE('',*,*,#968,.T.);
#1260=ORIENTED_EDGE('',*,*,#969,.T.);
#1261=ORIENTED_EDGE('',*,*,#970,.T.);
#1262=ORIENTED_EDGE('',*,*,#948,.T.);
#1263=ORIENTED_EDGE('',*,*,#957,.F.);
#1264=ORIENTED_EDGE('',*,*,#971,.T.);
#1265=ORIENTED_EDGE('',*,*,#972,.F.);
#1266=ORIENTED_EDGE('',*,*,#973,.T.);
#1267=ORIENTED_EDGE('',*,*,#974,.F.);
#1268=ORIENTED_EDGE('',*,*,#975,.T.);
#1269=ORIENTED_EDGE('',*,*,#976,.F.);
#1270=ORIENTED_EDGE('',*,*,#959,.F.);
#1271=ORIENTED_EDGE('',*,*,#960,.F.);
#1272=ORIENTED_EDGE('',*,*,#976,.T.);
#1273=ORIENTED_EDGE('',*,*,#977,.T.);
#1274=ORIENTED_EDGE('',*,*,#978,.T.);
#1275=ORIENTED_EDGE('',*,*,#962,.F.);
#1276=ORIENTED_EDGE('',*,*,#979,.T.);
#1277=ORIENTED_EDGE('',*,*,#980,.T.);
#1278=ORIENTED_EDGE('',*,*,#981,.T.);
#1279=ORIENTED_EDGE('',*,*,#981,.F.);
#1280=ORIENTED_EDGE('',*,*,#982,.T.);
#1281=ORIENTED_EDGE('',*,*,#983,.F.);
#1282=ORIENTED_EDGE('',*,*,#984,.T.);
#1283=ORIENTED_EDGE('',*,*,#985,.F.);
#1284=ORIENTED_EDGE('',*,*,#986,.T.);
#1285=ORIENTED_EDGE('',*,*,#987,.F.);
#1286=ORIENTED_EDGE('',*,*,#963,.F.);
#1287=ORIENTED_EDGE('',*,*,#964,.F.);
#1288=ORIENTED_EDGE('',*,*,#987,.T.);
#1289=ORIENTED_EDGE('',*,*,#988,.T.);
#1290=ORIENTED_EDGE('',*,*,#989,.T.);
#1291=ORIENTED_EDGE('',*,*,#966,.F.);
#1292=ORIENTED_EDGE('',*,*,#990,.T.);
#1293=ORIENTED_EDGE('',*,*,#991,.T.);
#1294=ORIENTED_EDGE('',*,*,#992,.T.);
#1295=ORIENTED_EDGE('',*,*,#992,.F.);
#1296=ORIENTED_EDGE('',*,*,#993,.T.);
#1297=ORIENTED_EDGE('',*,*,#994,.F.);
#1298=ORIENTED_EDGE('',*,*,#995,.T.);
#1299=ORIENTED_EDGE('',*,*,#996,.F.);
#1300=ORIENTED_EDGE('',*,*,#997,.T.);
#1301=ORIENTED_EDGE('',*,*,#998,.F.);
#1302=ORIENTED_EDGE('',*,*,#967,.F.);
#1303=ORIENTED_EDGE('',*,*,#968,.F.);
#1304=ORIENTED_EDGE('',*,*,#998,.T.);
#1305=ORIENTED_EDGE('',*,*,#999,.T.);
#1306=ORIENTED_EDGE('',*,*,#1000,.T.);
#1307=ORIENTED_EDGE('',*,*,#970,.F.);
#1308=ORIENTED_EDGE('',*,*,#1001,.T.);
#1309=ORIENTED_EDGE('',*,*,#1002,.T.);
#1310=ORIENTED_EDGE('',*,*,#949,.T.);
#1311=ORIENTED_EDGE('',*,*,#1003,.T.);
#1312=ORIENTED_EDGE('',*,*,#1004,.T.);
#1313=ORIENTED_EDGE('',*,*,#1005,.T.);
#1314=ORIENTED_EDGE('',*,*,#1004,.F.);
#1315=ORIENTED_EDGE('',*,*,#1006,.F.);
#1316=ORIENTED_EDGE('',*,*,#1007,.F.);
#1317=ORIENTED_EDGE('',*,*,#1008,.F.);
#1318=ORIENTED_EDGE('',*,*,#1009,.F.);
#1319=ORIENTED_EDGE('',*,*,#1010,.F.);
#1320=ORIENTED_EDGE('',*,*,#1011,.F.);
#1321=ORIENTED_EDGE('',*,*,#1012,.F.);
#1322=ORIENTED_EDGE('',*,*,#1013,.F.);
#1323=ORIENTED_EDGE('',*,*,#1014,.F.);
#1324=ORIENTED_EDGE('',*,*,#1015,.F.);
#1325=ORIENTED_EDGE('',*,*,#1016,.F.);
#1326=ORIENTED_EDGE('',*,*,#1003,.F.);
#1327=ORIENTED_EDGE('',*,*,#1005,.F.);
#1328=ORIENTED_EDGE('',*,*,#1017,.T.);
#1329=ORIENTED_EDGE('',*,*,#1018,.T.);
#1330=ORIENTED_EDGE('',*,*,#1017,.F.);
#1331=ORIENTED_EDGE('',*,*,#1014,.T.);
#1332=ORIENTED_EDGE('',*,*,#1019,.T.);
#1333=ORIENTED_EDGE('',*,*,#1020,.T.);
#1334=ORIENTED_EDGE('',*,*,#1019,.F.);
#1335=ORIENTED_EDGE('',*,*,#1020,.F.);
#1336=ORIENTED_EDGE('',*,*,#1021,.T.);
#1337=ORIENTED_EDGE('',*,*,#1022,.T.);
#1338=ORIENTED_EDGE('',*,*,#1021,.F.);
#1339=ORIENTED_EDGE('',*,*,#1016,.T.);
#1340=ORIENTED_EDGE('',*,*,#1023,.T.);
#1341=ORIENTED_EDGE('',*,*,#1024,.T.);
#1342=ORIENTED_EDGE('',*,*,#1023,.F.);
#1343=ORIENTED_EDGE('',*,*,#1024,.F.);
#1344=ORIENTED_EDGE('',*,*,#1025,.T.);
#1345=ORIENTED_EDGE('',*,*,#1026,.T.);
#1346=ORIENTED_EDGE('',*,*,#1025,.F.);
#1347=ORIENTED_EDGE('',*,*,#1015,.T.);
#1348=ORIENTED_EDGE('',*,*,#1027,.T.);
#1349=ORIENTED_EDGE('',*,*,#1028,.T.);
#1350=ORIENTED_EDGE('',*,*,#1027,.F.);
#1351=ORIENTED_EDGE('',*,*,#1028,.F.);
#1352=ORIENTED_EDGE('',*,*,#1029,.T.);
#1353=ORIENTED_EDGE('',*,*,#1030,.T.);
#1354=ORIENTED_EDGE('',*,*,#1029,.F.);
#1355=ORIENTED_EDGE('',*,*,#1031,.F.);
#1356=ORIENTED_EDGE('',*,*,#1032,.T.);
#1357=ORIENTED_EDGE('',*,*,#1033,.T.);
#1358=ORIENTED_EDGE('',*,*,#1032,.F.);
#1359=ORIENTED_EDGE('',*,*,#1033,.F.);
#1360=ORIENTED_EDGE('',*,*,#1034,.F.);
#1361=ORIENTED_EDGE('',*,*,#1035,.T.);
#1362=ORIENTED_EDGE('',*,*,#1036,.T.);
#1363=ORIENTED_EDGE('',*,*,#1035,.F.);
#1364=ORIENTED_EDGE('',*,*,#1036,.F.);
#1365=ORIENTED_EDGE('',*,*,#1037,.F.);
#1366=ORIENTED_EDGE('',*,*,#1038,.T.);
#1367=ORIENTED_EDGE('',*,*,#1039,.T.);
#1368=ORIENTED_EDGE('',*,*,#1038,.F.);
#1369=ORIENTED_EDGE('',*,*,#1039,.F.);
#1370=ORIENTED_EDGE('',*,*,#1040,.F.);
#1371=ORIENTED_EDGE('',*,*,#1041,.T.);
#1372=ORIENTED_EDGE('',*,*,#1042,.T.);
#1373=ORIENTED_EDGE('',*,*,#1041,.F.);
#1374=ORIENTED_EDGE('',*,*,#1042,.F.);
#1375=ORIENTED_EDGE('',*,*,#1043,.F.);
#1376=ORIENTED_EDGE('',*,*,#1044,.T.);
#1377=ORIENTED_EDGE('',*,*,#1045,.T.);
#1378=ORIENTED_EDGE('',*,*,#1046,.F.);
#1379=ORIENTED_EDGE('',*,*,#1047,.F.);
#1380=ORIENTED_EDGE('',*,*,#1048,.T.);
#1381=ORIENTED_EDGE('',*,*,#1049,.T.);
#1382=ORIENTED_EDGE('',*,*,#1044,.F.);
#1383=ORIENTED_EDGE('',*,*,#1050,.F.);
#1384=ORIENTED_EDGE('',*,*,#1051,.T.);
#1385=ORIENTED_EDGE('',*,*,#1052,.T.);
#1386=ORIENTED_EDGE('',*,*,#1048,.F.);
#1387=ORIENTED_EDGE('',*,*,#1053,.F.);
#1388=ORIENTED_EDGE('',*,*,#1054,.T.);
#1389=ORIENTED_EDGE('',*,*,#1055,.T.);
#1390=ORIENTED_EDGE('',*,*,#1051,.F.);
#1391=ORIENTED_EDGE('',*,*,#1056,.F.);
#1392=ORIENTED_EDGE('',*,*,#1057,.T.);
#1393=ORIENTED_EDGE('',*,*,#1058,.T.);
#1394=ORIENTED_EDGE('',*,*,#1054,.F.);
#1395=ORIENTED_EDGE('',*,*,#1059,.F.);
#1396=ORIENTED_EDGE('',*,*,#1060,.T.);
#1397=ORIENTED_EDGE('',*,*,#1061,.T.);
#1398=ORIENTED_EDGE('',*,*,#1057,.F.);
#1399=ORIENTED_EDGE('',*,*,#1062,.F.);
#1400=ORIENTED_EDGE('',*,*,#1063,.T.);
#1401=ORIENTED_EDGE('',*,*,#1064,.T.);
#1402=ORIENTED_EDGE('',*,*,#1060,.F.);
#1403=ORIENTED_EDGE('',*,*,#1065,.F.);
#1404=ORIENTED_EDGE('',*,*,#1046,.T.);
#1405=ORIENTED_EDGE('',*,*,#1066,.T.);
#1406=ORIENTED_EDGE('',*,*,#1063,.F.);
#1407=ORIENTED_EDGE('',*,*,#1067,.F.);
#1408=ORIENTED_EDGE('',*,*,#1068,.F.);
#1409=ORIENTED_EDGE('',*,*,#1069,.F.);
#1410=ORIENTED_EDGE('',*,*,#1070,.F.);
#1411=ORIENTED_EDGE('',*,*,#1071,.F.);
#1412=ORIENTED_EDGE('',*,*,#1072,.F.);
#1413=ORIENTED_EDGE('',*,*,#1073,.F.);
#1414=ORIENTED_EDGE('',*,*,#1074,.F.);
#1415=ORIENTED_EDGE('',*,*,#1066,.F.);
#1416=ORIENTED_EDGE('',*,*,#1045,.F.);
#1417=ORIENTED_EDGE('',*,*,#1049,.F.);
#1418=ORIENTED_EDGE('',*,*,#1052,.F.);
#1419=ORIENTED_EDGE('',*,*,#1055,.F.);
#1420=ORIENTED_EDGE('',*,*,#1058,.F.);
#1421=ORIENTED_EDGE('',*,*,#1061,.F.);
#1422=ORIENTED_EDGE('',*,*,#1064,.F.);
#1423=ORIENTED_EDGE('',*,*,#1071,.T.);
#1424=ORIENTED_EDGE('',*,*,#1075,.F.);
#1425=ORIENTED_EDGE('',*,*,#1076,.F.);
#1426=ORIENTED_EDGE('',*,*,#1077,.F.);
#1427=ORIENTED_EDGE('',*,*,#1070,.T.);
#1428=ORIENTED_EDGE('',*,*,#1078,.T.);
#1429=ORIENTED_EDGE('',*,*,#1079,.F.);
#1430=ORIENTED_EDGE('',*,*,#1075,.T.);
#1431=ORIENTED_EDGE('',*,*,#1069,.T.);
#1432=ORIENTED_EDGE('',*,*,#1080,.F.);
#1433=ORIENTED_EDGE('',*,*,#1081,.F.);
#1434=ORIENTED_EDGE('',*,*,#1078,.F.);
#1435=ORIENTED_EDGE('',*,*,#1068,.T.);
#1436=ORIENTED_EDGE('',*,*,#1082,.T.);
#1437=ORIENTED_EDGE('',*,*,#1083,.F.);
#1438=ORIENTED_EDGE('',*,*,#1080,.T.);
#1439=ORIENTED_EDGE('',*,*,#1084,.F.);
#1440=ORIENTED_EDGE('',*,*,#953,.T.);
#1441=ORIENTED_EDGE('',*,*,#1085,.T.);
#1442=ORIENTED_EDGE('',*,*,#972,.T.);
#1443=ORIENTED_EDGE('',*,*,#1086,.F.);
#1444=ORIENTED_EDGE('',*,*,#974,.T.);
#1445=ORIENTED_EDGE('',*,*,#1087,.T.);
#1446=ORIENTED_EDGE('',*,*,#983,.T.);
#1447=ORIENTED_EDGE('',*,*,#1086,.T.);
#1448=ORIENTED_EDGE('',*,*,#982,.F.);
#1449=ORIENTED_EDGE('',*,*,#980,.F.);
#1450=ORIENTED_EDGE('',*,*,#1088,.T.);
#1451=ORIENTED_EDGE('',*,*,#977,.F.);
#1452=ORIENTED_EDGE('',*,*,#975,.F.);
#1453=ORIENTED_EDGE('',*,*,#1089,.F.);
#1454=ORIENTED_EDGE('',*,*,#985,.T.);
#1455=ORIENTED_EDGE('',*,*,#1090,.T.);
#1456=ORIENTED_EDGE('',*,*,#994,.T.);
#1457=ORIENTED_EDGE('',*,*,#1089,.T.);
#1458=ORIENTED_EDGE('',*,*,#993,.F.);
#1459=ORIENTED_EDGE('',*,*,#991,.F.);
#1460=ORIENTED_EDGE('',*,*,#1091,.T.);
#1461=ORIENTED_EDGE('',*,*,#988,.F.);
#1462=ORIENTED_EDGE('',*,*,#986,.F.);
#1463=ORIENTED_EDGE('',*,*,#1092,.F.);
#1464=ORIENTED_EDGE('',*,*,#996,.T.);
#1465=ORIENTED_EDGE('',*,*,#1093,.T.);
#1466=ORIENTED_EDGE('',*,*,#951,.T.);
#1467=ORIENTED_EDGE('',*,*,#1092,.T.);
#1468=ORIENTED_EDGE('',*,*,#950,.F.);
#1469=ORIENTED_EDGE('',*,*,#1002,.F.);
#1470=ORIENTED_EDGE('',*,*,#1094,.T.);
#1471=ORIENTED_EDGE('',*,*,#999,.F.);
#1472=ORIENTED_EDGE('',*,*,#997,.F.);
#1473=ORIENTED_EDGE('',*,*,#1043,.T.);
#1474=ORIENTED_EDGE('',*,*,#1065,.T.);
#1475=ORIENTED_EDGE('',*,*,#1062,.T.);
#1476=ORIENTED_EDGE('',*,*,#1059,.T.);
#1477=ORIENTED_EDGE('',*,*,#1056,.T.);
#1478=ORIENTED_EDGE('',*,*,#1053,.T.);
#1479=ORIENTED_EDGE('',*,*,#1050,.T.);
#1480=ORIENTED_EDGE('',*,*,#1047,.T.);
#1481=ORIENTED_EDGE('',*,*,#1085,.F.);
#1482=ORIENTED_EDGE('',*,*,#952,.F.);
#1483=ORIENTED_EDGE('',*,*,#1093,.F.);
#1484=ORIENTED_EDGE('',*,*,#995,.F.);
#1485=ORIENTED_EDGE('',*,*,#1090,.F.);
#1486=ORIENTED_EDGE('',*,*,#984,.F.);
#1487=ORIENTED_EDGE('',*,*,#1087,.F.);
#1488=ORIENTED_EDGE('',*,*,#973,.F.);
#1489=ORIENTED_EDGE('',*,*,#1095,.T.);
#1490=ORIENTED_EDGE('',*,*,#1006,.T.);
#1491=ORIENTED_EDGE('',*,*,#1096,.T.);
#1492=ORIENTED_EDGE('',*,*,#1076,.T.);
#1493=ORIENTED_EDGE('',*,*,#1095,.F.);
#1494=ORIENTED_EDGE('',*,*,#1079,.T.);
#1495=ORIENTED_EDGE('',*,*,#1097,.T.);
#1496=ORIENTED_EDGE('',*,*,#1007,.T.);
#1497=ORIENTED_EDGE('',*,*,#1098,.T.);
#1498=ORIENTED_EDGE('',*,*,#1008,.T.);
#1499=ORIENTED_EDGE('',*,*,#1097,.F.);
#1500=ORIENTED_EDGE('',*,*,#1081,.T.);
#1501=ORIENTED_EDGE('',*,*,#1098,.F.);
#1502=ORIENTED_EDGE('',*,*,#1083,.T.);
#1503=ORIENTED_EDGE('',*,*,#1099,.T.);
#1504=ORIENTED_EDGE('',*,*,#1009,.T.);
#1505=ORIENTED_EDGE('',*,*,#1100,.T.);
#1506=ORIENTED_EDGE('',*,*,#1010,.T.);
#1507=ORIENTED_EDGE('',*,*,#1099,.F.);
#1508=ORIENTED_EDGE('',*,*,#1101,.T.);
#1509=ORIENTED_EDGE('',*,*,#1100,.F.);
#1510=ORIENTED_EDGE('',*,*,#1102,.T.);
#1511=ORIENTED_EDGE('',*,*,#1103,.T.);
#1512=ORIENTED_EDGE('',*,*,#1011,.T.);
#1513=ORIENTED_EDGE('',*,*,#1104,.T.);
#1514=ORIENTED_EDGE('',*,*,#1012,.T.);
#1515=ORIENTED_EDGE('',*,*,#1103,.F.);
#1516=ORIENTED_EDGE('',*,*,#1105,.T.);
#1517=ORIENTED_EDGE('',*,*,#1104,.F.);
#1518=ORIENTED_EDGE('',*,*,#1106,.T.);
#1519=ORIENTED_EDGE('',*,*,#1096,.F.);
#1520=ORIENTED_EDGE('',*,*,#1013,.T.);
#1521=ORIENTED_EDGE('',*,*,#1026,.F.);
#1522=ORIENTED_EDGE('',*,*,#1040,.T.);
#1523=ORIENTED_EDGE('',*,*,#1030,.F.);
#1524=ORIENTED_EDGE('',*,*,#1037,.T.);
#1525=ORIENTED_EDGE('',*,*,#1022,.F.);
#1526=ORIENTED_EDGE('',*,*,#1034,.T.);
#1527=ORIENTED_EDGE('',*,*,#1018,.F.);
#1528=ORIENTED_EDGE('',*,*,#1031,.T.);
#1529=ORIENTED_EDGE('',*,*,#978,.F.);
#1530=ORIENTED_EDGE('',*,*,#1088,.F.);
#1531=ORIENTED_EDGE('',*,*,#979,.F.);
#1532=ORIENTED_EDGE('',*,*,#961,.F.);
#1533=ORIENTED_EDGE('',*,*,#1084,.T.);
#1534=ORIENTED_EDGE('',*,*,#971,.F.);
#1535=ORIENTED_EDGE('',*,*,#956,.F.);
#1536=ORIENTED_EDGE('',*,*,#1107,.T.);
#1537=ORIENTED_EDGE('',*,*,#945,.F.);
#1538=ORIENTED_EDGE('',*,*,#947,.F.);
#1539=ORIENTED_EDGE('',*,*,#946,.F.);
#1540=ORIENTED_EDGE('',*,*,#1107,.F.);
#1541=ORIENTED_EDGE('',*,*,#955,.F.);
#1542=ORIENTED_EDGE('',*,*,#958,.F.);
#1543=ORIENTED_EDGE('',*,*,#1000,.F.);
#1544=ORIENTED_EDGE('',*,*,#1094,.F.);
#1545=ORIENTED_EDGE('',*,*,#1001,.F.);
#1546=ORIENTED_EDGE('',*,*,#969,.F.);
#1547=ORIENTED_EDGE('',*,*,#989,.F.);
#1548=ORIENTED_EDGE('',*,*,#1091,.F.);
#1549=ORIENTED_EDGE('',*,*,#990,.F.);
#1550=ORIENTED_EDGE('',*,*,#965,.F.);
#1551=ORIENTED_EDGE('',*,*,#1074,.T.);
#1552=ORIENTED_EDGE('',*,*,#1108,.T.);
#1553=ORIENTED_EDGE('',*,*,#1102,.F.);
#1554=ORIENTED_EDGE('',*,*,#1109,.T.);
#1555=ORIENTED_EDGE('',*,*,#1067,.T.);
#1556=ORIENTED_EDGE('',*,*,#1109,.F.);
#1557=ORIENTED_EDGE('',*,*,#1101,.F.);
#1558=ORIENTED_EDGE('',*,*,#1082,.F.);
#1559=ORIENTED_EDGE('',*,*,#1072,.T.);
#1560=ORIENTED_EDGE('',*,*,#1077,.T.);
#1561=ORIENTED_EDGE('',*,*,#1106,.F.);
#1562=ORIENTED_EDGE('',*,*,#1110,.T.);
#1563=ORIENTED_EDGE('',*,*,#1073,.T.);
#1564=ORIENTED_EDGE('',*,*,#1110,.F.);
#1565=ORIENTED_EDGE('',*,*,#1105,.F.);
#1566=ORIENTED_EDGE('',*,*,#1108,.F.);
#1567=CYLINDRICAL_SURFACE('',#1783,1.75);
#1568=CYLINDRICAL_SURFACE('',#1788,1.75);
#1569=CYLINDRICAL_SURFACE('',#1795,2.);
#1570=CYLINDRICAL_SURFACE('',#1796,1.5);
#1571=CYLINDRICAL_SURFACE('',#1799,2.);
#1572=CYLINDRICAL_SURFACE('',#1804,1.75);
#1573=CYLINDRICAL_SURFACE('',#1809,1.75);
#1574=CYLINDRICAL_SURFACE('',#1816,2.);
#1575=CYLINDRICAL_SURFACE('',#1817,1.5);
#1576=CYLINDRICAL_SURFACE('',#1820,2.);
#1577=CYLINDRICAL_SURFACE('',#1825,1.75);
#1578=CYLINDRICAL_SURFACE('',#1830,1.75);
#1579=CYLINDRICAL_SURFACE('',#1837,2.);
#1580=CYLINDRICAL_SURFACE('',#1838,1.5);
#1581=CYLINDRICAL_SURFACE('',#1841,2.);
#1582=CYLINDRICAL_SURFACE('',#1846,1.75);
#1583=CYLINDRICAL_SURFACE('',#1851,1.75);
#1584=CYLINDRICAL_SURFACE('',#1858,2.);
#1585=CYLINDRICAL_SURFACE('',#1859,1.5);
#1586=CYLINDRICAL_SURFACE('',#1862,2.);
#1587=CYLINDRICAL_SURFACE('',#1866,3.);
#1588=CYLINDRICAL_SURFACE('',#1870,3.);
#1589=CYLINDRICAL_SURFACE('',#1885,3.);
#1590=CYLINDRICAL_SURFACE('',#1887,3.);
#1591=CYLINDRICAL_SURFACE('',#1890,3.);
#1592=CYLINDRICAL_SURFACE('',#1892,3.);
#1593=CYLINDRICAL_SURFACE('',#1895,3.);
#1594=CYLINDRICAL_SURFACE('',#1897,3.);
#1595=CYLINDRICAL_SURFACE('',#1910,1.6);
#1596=CYLINDRICAL_SURFACE('',#1914,1.6);
#1597=CYLINDRICAL_SURFACE('',#1918,1.6);
#1598=CYLINDRICAL_SURFACE('',#1922,1.6);
#1599=CYLINDRICAL_SURFACE('',#1924,1.25);
#1600=CYLINDRICAL_SURFACE('',#1928,1.25);
#1601=CYLINDRICAL_SURFACE('',#1932,1.25);
#1602=CYLINDRICAL_SURFACE('',#1936,1.25);
#1603=CYLINDRICAL_SURFACE('',#1941,2.);
#1604=CYLINDRICAL_SURFACE('',#1945,2.);
#1605=CYLINDRICAL_SURFACE('',#1949,2.);
#1606=CYLINDRICAL_SURFACE('',#1953,2.);
#1607=CYLINDRICAL_SURFACE('',#1962,2.5);
#1608=CYLINDRICAL_SURFACE('',#1965,2.5);
#1609=CYLINDRICAL_SURFACE('',#1967,1.2);
#1610=CYLINDRICAL_SURFACE('',#1970,1.2);
#1611=CYLINDRICAL_SURFACE('',#1975,1.2);
#1612=CYLINDRICAL_SURFACE('',#1980,1.2);
#1613=CYLINDRICAL_SURFACE('',#2000,3.65);
#1614=CYLINDRICAL_SURFACE('',#2003,3.65);
#1615=CYLINDRICAL_SURFACE('',#2004,3.65);
#1616=CYLINDRICAL_SURFACE('',#2005,3.65);
#1617=CYLINDRICAL_SURFACE('',#2006,2.5);
#1618=CYLINDRICAL_SURFACE('',#2008,2.5);
#1619=ADVANCED_FACE('',(#137),#1567,.T.);
#1620=ADVANCED_FACE('',(#138,#55),#85,.F.);
#1621=ADVANCED_FACE('',(#139),#1568,.T.);
#1622=ADVANCED_FACE('',(#140,#56),#86,.F.);
#1623=ADVANCED_FACE('',(#141,#57),#87,.T.);
#1624=ADVANCED_FACE('',(#142),#1569,.T.);
#1625=ADVANCED_FACE('',(#143),#1570,.F.);
#1626=ADVANCED_FACE('',(#144),#1571,.T.);
#1627=ADVANCED_FACE('',(#145,#58),#88,.T.);
#1628=ADVANCED_FACE('',(#146,#59),#89,.F.);
#1629=ADVANCED_FACE('',(#147),#1572,.T.);
#1630=ADVANCED_FACE('',(#148,#60),#90,.F.);
#1631=ADVANCED_FACE('',(#149),#1573,.T.);
#1632=ADVANCED_FACE('',(#150,#61),#91,.F.);
#1633=ADVANCED_FACE('',(#151,#62),#92,.T.);
#1634=ADVANCED_FACE('',(#152),#1574,.T.);
#1635=ADVANCED_FACE('',(#153),#1575,.F.);
#1636=ADVANCED_FACE('',(#154),#1576,.T.);
#1637=ADVANCED_FACE('',(#155,#63),#93,.T.);
#1638=ADVANCED_FACE('',(#156,#64),#94,.F.);
#1639=ADVANCED_FACE('',(#157),#1577,.T.);
#1640=ADVANCED_FACE('',(#158,#65),#95,.F.);
#1641=ADVANCED_FACE('',(#159),#1578,.T.);
#1642=ADVANCED_FACE('',(#160,#66),#96,.F.);
#1643=ADVANCED_FACE('',(#161,#67),#97,.T.);
#1644=ADVANCED_FACE('',(#162),#1579,.T.);
#1645=ADVANCED_FACE('',(#163),#1580,.F.);
#1646=ADVANCED_FACE('',(#164),#1581,.T.);
#1647=ADVANCED_FACE('',(#165,#68),#98,.T.);
#1648=ADVANCED_FACE('',(#166,#69),#99,.F.);
#1649=ADVANCED_FACE('',(#167),#1582,.T.);
#1650=ADVANCED_FACE('',(#168,#70),#100,.F.);
#1651=ADVANCED_FACE('',(#169),#1583,.T.);
#1652=ADVANCED_FACE('',(#170,#71),#101,.F.);
#1653=ADVANCED_FACE('',(#171,#72),#102,.T.);
#1654=ADVANCED_FACE('',(#172),#1584,.T.);
#1655=ADVANCED_FACE('',(#173),#1585,.F.);
#1656=ADVANCED_FACE('',(#174),#1586,.T.);
#1657=ADVANCED_FACE('',(#175,#73),#103,.T.);
#1658=ADVANCED_FACE('',(#176,#74),#104,.F.);
#1659=ADVANCED_FACE('',(#177),#1587,.F.);
#1660=ADVANCED_FACE('',(#178),#105,.F.);
#1661=ADVANCED_FACE('',(#179),#1588,.F.);
#1662=ADVANCED_FACE('',(#180),#106,.F.);
#1663=ADVANCED_FACE('',(#181),#107,.F.);
#1664=ADVANCED_FACE('',(#182),#1589,.F.);
#1665=ADVANCED_FACE('',(#183),#1590,.F.);
#1666=ADVANCED_FACE('',(#184),#108,.F.);
#1667=ADVANCED_FACE('',(#185),#1591,.F.);
#1668=ADVANCED_FACE('',(#186),#1592,.F.);
#1669=ADVANCED_FACE('',(#187),#109,.F.);
#1670=ADVANCED_FACE('',(#188),#1593,.F.);
#1671=ADVANCED_FACE('',(#189),#1594,.F.);
#1672=ADVANCED_FACE('',(#190),#27,.F.);
#1673=ADVANCED_FACE('',(#191,#75,#76,#77,#78),#110,.T.);
#1674=ADVANCED_FACE('',(#192),#1595,.F.);
#1675=ADVANCED_FACE('',(#193),#28,.F.);
#1676=ADVANCED_FACE('',(#194),#1596,.F.);
#1677=ADVANCED_FACE('',(#195),#29,.F.);
#1678=ADVANCED_FACE('',(#196),#1597,.F.);
#1679=ADVANCED_FACE('',(#197),#30,.F.);
#1680=ADVANCED_FACE('',(#198),#1598,.F.);
#1681=ADVANCED_FACE('',(#199),#1599,.F.);
#1682=ADVANCED_FACE('',(#200),#111,.T.);
#1683=ADVANCED_FACE('',(#201),#1600,.F.);
#1684=ADVANCED_FACE('',(#202),#112,.T.);
#1685=ADVANCED_FACE('',(#203),#1601,.F.);
#1686=ADVANCED_FACE('',(#204),#113,.T.);
#1687=ADVANCED_FACE('',(#205),#1602,.F.);
#1688=ADVANCED_FACE('',(#206),#114,.T.);
#1689=ADVANCED_FACE('',(#207),#115,.F.);
#1690=ADVANCED_FACE('',(#208),#1603,.T.);
#1691=ADVANCED_FACE('',(#209),#116,.F.);
#1692=ADVANCED_FACE('',(#210),#1604,.T.);
#1693=ADVANCED_FACE('',(#211),#117,.F.);
#1694=ADVANCED_FACE('',(#212),#1605,.T.);
#1695=ADVANCED_FACE('',(#213),#118,.F.);
#1696=ADVANCED_FACE('',(#214),#1606,.T.);
#1697=ADVANCED_FACE('',(#215,#79),#119,.T.);
#1698=ADVANCED_FACE('',(#216),#120,.T.);
#1699=ADVANCED_FACE('',(#217),#1607,.T.);
#1700=ADVANCED_FACE('',(#218),#121,.T.);
#1701=ADVANCED_FACE('',(#219),#1608,.T.);
#1702=ADVANCED_FACE('',(#220),#1609,.F.);
#1703=ADVANCED_FACE('',(#221),#1610,.F.);
#1704=ADVANCED_FACE('',(#222),#122,.F.);
#1705=ADVANCED_FACE('',(#223),#1611,.F.);
#1706=ADVANCED_FACE('',(#224),#123,.F.);
#1707=ADVANCED_FACE('',(#225),#1612,.F.);
#1708=ADVANCED_FACE('',(#226),#124,.F.);
#1709=ADVANCED_FACE('',(#227,#80),#125,.F.);
#1710=ADVANCED_FACE('',(#228),#126,.T.);
#1711=ADVANCED_FACE('',(#229),#31,.T.);
#1712=ADVANCED_FACE('',(#230),#127,.T.);
#1713=ADVANCED_FACE('',(#231),#32,.T.);
#1714=ADVANCED_FACE('',(#232),#128,.T.);
#1715=ADVANCED_FACE('',(#233),#33,.T.);
#1716=ADVANCED_FACE('',(#234),#129,.T.);
#1717=ADVANCED_FACE('',(#235),#34,.T.);
#1718=ADVANCED_FACE('',(#236,#81),#130,.T.);
#1719=ADVANCED_FACE('',(#237,#82),#131,.T.);
#1720=ADVANCED_FACE('',(#238,#83),#132,.T.);
#1721=ADVANCED_FACE('',(#239,#84),#133,.T.);
#1722=ADVANCED_FACE('',(#240),#1613,.T.);
#1723=ADVANCED_FACE('',(#241),#134,.F.);
#1724=ADVANCED_FACE('',(#242),#1614,.T.);
#1725=ADVANCED_FACE('',(#243),#1615,.T.);
#1726=ADVANCED_FACE('',(#244),#1616,.T.);
#1727=ADVANCED_FACE('',(#245),#1617,.T.);
#1728=ADVANCED_FACE('',(#246),#135,.T.);
#1729=ADVANCED_FACE('',(#247),#1618,.T.);
#1730=ADVANCED_FACE('',(#248),#136,.T.);
#1731=CLOSED_SHELL('',(#1619,#1620,#1621,#1622,#1623,#1624,#1625,#1626,
#1627,#1628));
#1732=CLOSED_SHELL('',(#1629,#1630,#1631,#1632,#1633,#1634,#1635,#1636,
#1637,#1638));
#1733=CLOSED_SHELL('',(#1639,#1640,#1641,#1642,#1643,#1644,#1645,#1646,
#1647,#1648));
#1734=CLOSED_SHELL('',(#1649,#1650,#1651,#1652,#1653,#1654,#1655,#1656,
#1657,#1658));
#1735=CLOSED_SHELL('',(#1659,#1660,#1661,#1662,#1663,#1664,#1665,#1666,
#1667,#1668,#1669,#1670,#1671,#1672,#1673,#1674,#1675,#1676,#1677,#1678,
#1679,#1680,#1681,#1682,#1683,#1684,#1685,#1686,#1687,#1688,#1689,#1690,
#1691,#1692,#1693,#1694,#1695,#1696,#1697,#1698,#1699,#1700,#1701,#1702,
#1703,#1704,#1705,#1706,#1707,#1708,#1709,#1710,#1711,#1712,#1713,#1714,
#1715,#1716,#1717,#1718,#1719,#1720,#1721,#1722,#1723,#1724,#1725,#1726,
#1727,#1728,#1729,#1730));
#1736=DERIVED_UNIT_ELEMENT(#1744,1.);
#1737=DERIVED_UNIT_ELEMENT(#3106,-3.);
#1738=DERIVED_UNIT_ELEMENT(#1744,1.);
#1739=DERIVED_UNIT_ELEMENT(#3106,-3.);
#1740=DERIVED_UNIT_ELEMENT(#1744,1.);
#1741=DERIVED_UNIT_ELEMENT(#3106,-3.);
#1742=DERIVED_UNIT_ELEMENT(#1744,1.);
#1743=DERIVED_UNIT_ELEMENT(#3106,-3.);
#1744=(
MASS_UNIT()
NAMED_UNIT(*)
SI_UNIT(.KILO.,.GRAM.)
);
#1745=DERIVED_UNIT((#1736,#1737));
#1746=DERIVED_UNIT((#1738,#1739));
#1747=DERIVED_UNIT((#1740,#1741));
#1748=DERIVED_UNIT((#1742,#1743));
#1749=MEASURE_REPRESENTATION_ITEM('density measure',
POSITIVE_RATIO_MEASURE(1100.),#1745);
#1750=MEASURE_REPRESENTATION_ITEM('density measure',
POSITIVE_RATIO_MEASURE(1100.),#1746);
#1751=MEASURE_REPRESENTATION_ITEM('density measure',
POSITIVE_RATIO_MEASURE(1100.),#1747);
#1752=MEASURE_REPRESENTATION_ITEM('density measure',
POSITIVE_RATIO_MEASURE(1100.),#1748);
#1753=PROPERTY_DEFINITION_REPRESENTATION(#1773,#1761);
#1754=PROPERTY_DEFINITION_REPRESENTATION(#1774,#1762);
#1755=PROPERTY_DEFINITION_REPRESENTATION(#1775,#1763);
#1756=PROPERTY_DEFINITION_REPRESENTATION(#1776,#1764);
#1757=PROPERTY_DEFINITION_REPRESENTATION(#1777,#1765);
#1758=PROPERTY_DEFINITION_REPRESENTATION(#1778,#1766);
#1759=PROPERTY_DEFINITION_REPRESENTATION(#1779,#1767);
#1760=PROPERTY_DEFINITION_REPRESENTATION(#1780,#1768);
#1761=REPRESENTATION('material name',(#1769),#3100);
#1762=REPRESENTATION('density',(#1749),#3100);
#1763=REPRESENTATION('material name',(#1770),#3101);
#1764=REPRESENTATION('density',(#1750),#3101);
#1765=REPRESENTATION('material name',(#1771),#3102);
#1766=REPRESENTATION('density',(#1751),#3102);
#1767=REPRESENTATION('material name',(#1772),#3103);
#1768=REPRESENTATION('density',(#1752),#3103);
#1769=DESCRIPTIVE_REPRESENTATION_ITEM('PC/ABS \X2\58516599\X0\',
'PC/ABS \X2\58516599\X0\');
#1770=DESCRIPTIVE_REPRESENTATION_ITEM('PC/ABS \X2\58516599\X0\',
'PC/ABS \X2\58516599\X0\');
#1771=DESCRIPTIVE_REPRESENTATION_ITEM('PC/ABS \X2\58516599\X0\',
'PC/ABS \X2\58516599\X0\');
#1772=DESCRIPTIVE_REPRESENTATION_ITEM('PC/ABS \X2\58516599\X0\',
'PC/ABS \X2\58516599\X0\');
#1773=PROPERTY_DEFINITION('material property','material name',#3130);
#1774=PROPERTY_DEFINITION('material property','density of part',#3130);
#1775=PROPERTY_DEFINITION('material property','material name',#3131);
#1776=PROPERTY_DEFINITION('material property','density of part',#3131);
#1777=PROPERTY_DEFINITION('material property','material name',#3132);
#1778=PROPERTY_DEFINITION('material property','density of part',#3132);
#1779=PROPERTY_DEFINITION('material property','material name',#3133);
#1780=PROPERTY_DEFINITION('material property','density of part',#3133);
#1781=AXIS2_PLACEMENT_3D('',#2596,#2014,#2015);
#1782=AXIS2_PLACEMENT_3D('',#2597,#2016,#2017);
#1783=AXIS2_PLACEMENT_3D('',#2598,#2018,#2019);
#1784=AXIS2_PLACEMENT_3D('',#2600,#2020,#2021);
#1785=AXIS2_PLACEMENT_3D('',#2603,#2023,#2024);
#1786=AXIS2_PLACEMENT_3D('',#2604,#2025,#2026);
#1787=AXIS2_PLACEMENT_3D('',#2606,#2027,#2028);
#1788=AXIS2_PLACEMENT_3D('',#2607,#2029,#2030);
#1789=AXIS2_PLACEMENT_3D('',#2609,#2031,#2032);
#1790=AXIS2_PLACEMENT_3D('',#2612,#2034,#2035);
#1791=AXIS2_PLACEMENT_3D('',#2613,#2036,#2037);
#1792=AXIS2_PLACEMENT_3D('',#2615,#2038,#2039);
#1793=AXIS2_PLACEMENT_3D('',#2616,#2040,#2041);
#1794=AXIS2_PLACEMENT_3D('',#2618,#2042,#2043);
#1795=AXIS2_PLACEMENT_3D('',#2619,#2044,#2045);
#1796=AXIS2_PLACEMENT_3D('',#2621,#2047,#2048);
#1797=AXIS2_PLACEMENT_3D('',#2623,#2049,#2050);
#1798=AXIS2_PLACEMENT_3D('',#2626,#2052,#2053);
#1799=AXIS2_PLACEMENT_3D('',#2627,#2054,#2055);
#1800=AXIS2_PLACEMENT_3D('',#2630,#2057,#2058);
#1801=AXIS2_PLACEMENT_3D('',#2631,#2059,#2060);
#1802=AXIS2_PLACEMENT_3D('',#2632,#2061,#2062);
#1803=AXIS2_PLACEMENT_3D('',#2633,#2063,#2064);
#1804=AXIS2_PLACEMENT_3D('',#2634,#2065,#2066);
#1805=AXIS2_PLACEMENT_3D('',#2636,#2067,#2068);
#1806=AXIS2_PLACEMENT_3D('',#2639,#2070,#2071);
#1807=AXIS2_PLACEMENT_3D('',#2640,#2072,#2073);
#1808=AXIS2_PLACEMENT_3D('',#2642,#2074,#2075);
#1809=AXIS2_PLACEMENT_3D('',#2643,#2076,#2077);
#1810=AXIS2_PLACEMENT_3D('',#2645,#2078,#2079);
#1811=AXIS2_PLACEMENT_3D('',#2648,#2081,#2082);
#1812=AXIS2_PLACEMENT_3D('',#2649,#2083,#2084);
#1813=AXIS2_PLACEMENT_3D('',#2651,#2085,#2086);
#1814=AXIS2_PLACEMENT_3D('',#2652,#2087,#2088);
#1815=AXIS2_PLACEMENT_3D('',#2654,#2089,#2090);
#1816=AXIS2_PLACEMENT_3D('',#2655,#2091,#2092);
#1817=AXIS2_PLACEMENT_3D('',#2657,#2094,#2095);
#1818=AXIS2_PLACEMENT_3D('',#2659,#2096,#2097);
#1819=AXIS2_PLACEMENT_3D('',#2662,#2099,#2100);
#1820=AXIS2_PLACEMENT_3D('',#2663,#2101,#2102);
#1821=AXIS2_PLACEMENT_3D('',#2666,#2104,#2105);
#1822=AXIS2_PLACEMENT_3D('',#2667,#2106,#2107);
#1823=AXIS2_PLACEMENT_3D('',#2668,#2108,#2109);
#1824=AXIS2_PLACEMENT_3D('',#2669,#2110,#2111);
#1825=AXIS2_PLACEMENT_3D('',#2670,#2112,#2113);
#1826=AXIS2_PLACEMENT_3D('',#2672,#2114,#2115);
#1827=AXIS2_PLACEMENT_3D('',#2675,#2117,#2118);
#1828=AXIS2_PLACEMENT_3D('',#2676,#2119,#2120);
#1829=AXIS2_PLACEMENT_3D('',#2678,#2121,#2122);
#1830=AXIS2_PLACEMENT_3D('',#2679,#2123,#2124);
#1831=AXIS2_PLACEMENT_3D('',#2681,#2125,#2126);
#1832=AXIS2_PLACEMENT_3D('',#2684,#2128,#2129);
#1833=AXIS2_PLACEMENT_3D('',#2685,#2130,#2131);
#1834=AXIS2_PLACEMENT_3D('',#2687,#2132,#2133);
#1835=AXIS2_PLACEMENT_3D('',#2688,#2134,#2135);
#1836=AXIS2_PLACEMENT_3D('',#2690,#2136,#2137);
#1837=AXIS2_PLACEMENT_3D('',#2691,#2138,#2139);
#1838=AXIS2_PLACEMENT_3D('',#2693,#2141,#2142);
#1839=AXIS2_PLACEMENT_3D('',#2695,#2143,#2144);
#1840=AXIS2_PLACEMENT_3D('',#2698,#2146,#2147);
#1841=AXIS2_PLACEMENT_3D('',#2699,#2148,#2149);
#1842=AXIS2_PLACEMENT_3D('',#2702,#2151,#2152);
#1843=AXIS2_PLACEMENT_3D('',#2703,#2153,#2154);
#1844=AXIS2_PLACEMENT_3D('',#2704,#2155,#2156);
#1845=AXIS2_PLACEMENT_3D('',#2705,#2157,#2158);
#1846=AXIS2_PLACEMENT_3D('',#2706,#2159,#2160);
#1847=AXIS2_PLACEMENT_3D('',#2708,#2161,#2162);
#1848=AXIS2_PLACEMENT_3D('',#2711,#2164,#2165);
#1849=AXIS2_PLACEMENT_3D('',#2712,#2166,#2167);
#1850=AXIS2_PLACEMENT_3D('',#2714,#2168,#2169);
#1851=AXIS2_PLACEMENT_3D('',#2715,#2170,#2171);
#1852=AXIS2_PLACEMENT_3D('',#2717,#2172,#2173);
#1853=AXIS2_PLACEMENT_3D('',#2720,#2175,#2176);
#1854=AXIS2_PLACEMENT_3D('',#2721,#2177,#2178);
#1855=AXIS2_PLACEMENT_3D('',#2723,#2179,#2180);
#1856=AXIS2_PLACEMENT_3D('',#2724,#2181,#2182);
#1857=AXIS2_PLACEMENT_3D('',#2726,#2183,#2184);
#1858=AXIS2_PLACEMENT_3D('',#2727,#2185,#2186);
#1859=AXIS2_PLACEMENT_3D('',#2729,#2188,#2189);
#1860=AXIS2_PLACEMENT_3D('',#2731,#2190,#2191);
#1861=AXIS2_PLACEMENT_3D('',#2734,#2193,#2194);
#1862=AXIS2_PLACEMENT_3D('',#2735,#2195,#2196);
#1863=AXIS2_PLACEMENT_3D('',#2738,#2198,#2199);
#1864=AXIS2_PLACEMENT_3D('',#2739,#2200,#2201);
#1865=AXIS2_PLACEMENT_3D('',#2740,#2202,#2203);
#1866=AXIS2_PLACEMENT_3D('',#2741,#2204,#2205);
#1867=AXIS2_PLACEMENT_3D('',#2744,#2206,#2207);
#1868=AXIS2_PLACEMENT_3D('',#2748,#2209,#2210);
#1869=AXIS2_PLACEMENT_3D('',#2750,#2212,#2213);
#1870=AXIS2_PLACEMENT_3D('',#2764,#2221,#2222);
#1871=AXIS2_PLACEMENT_3D('',#2767,#2223,#2224);
#1872=AXIS2_PLACEMENT_3D('',#2771,#2226,#2227);
#1873=AXIS2_PLACEMENT_3D('',#2773,#2229,#2230);
#1874=AXIS2_PLACEMENT_3D('',#2774,#2231,#2232);
#1875=AXIS2_PLACEMENT_3D('',#2778,#2234,#2235);
#1876=AXIS2_PLACEMENT_3D('',#2780,#2236,#2237);
#1877=AXIS2_PLACEMENT_3D('',#2782,#2238,#2239);
#1878=AXIS2_PLACEMENT_3D('',#2786,#2241,#2242);
#1879=AXIS2_PLACEMENT_3D('',#2788,#2243,#2244);
#1880=AXIS2_PLACEMENT_3D('',#2790,#2245,#2246);
#1881=AXIS2_PLACEMENT_3D('',#2794,#2248,#2249);
#1882=AXIS2_PLACEMENT_3D('',#2796,#2250,#2251);
#1883=AXIS2_PLACEMENT_3D('',#2797,#2252,#2253);
#1884=AXIS2_PLACEMENT_3D('',#2798,#2254,#2255);
#1885=AXIS2_PLACEMENT_3D('',#2810,#2262,#2263);
#1886=AXIS2_PLACEMENT_3D('',#2812,#2264,#2265);
#1887=AXIS2_PLACEMENT_3D('',#2814,#2267,#2268);
#1888=AXIS2_PLACEMENT_3D('',#2818,#2270,#2271);
#1889=AXIS2_PLACEMENT_3D('',#2820,#2273,#2274);
#1890=AXIS2_PLACEMENT_3D('',#2832,#2281,#2282);
#1891=AXIS2_PLACEMENT_3D('',#2834,#2283,#2284);
#1892=AXIS2_PLACEMENT_3D('',#2836,#2286,#2287);
#1893=AXIS2_PLACEMENT_3D('',#2840,#2289,#2290);
#1894=AXIS2_PLACEMENT_3D('',#2842,#2292,#2293);
#1895=AXIS2_PLACEMENT_3D('',#2854,#2300,#2301);
#1896=AXIS2_PLACEMENT_3D('',#2856,#2302,#2303);
#1897=AXIS2_PLACEMENT_3D('',#2858,#2305,#2306);
#1898=AXIS2_PLACEMENT_3D('',#2861,#2308,#2309);
#1899=AXIS2_PLACEMENT_3D('',#2862,#2310,#2311);
#1900=AXIS2_PLACEMENT_3D('',#2864,#2312,#2313);
#1901=AXIS2_PLACEMENT_3D('',#2867,#2315,#2316);
#1902=AXIS2_PLACEMENT_3D('',#2868,#2317,#2318);
#1903=AXIS2_PLACEMENT_3D('',#2873,#2320,#2321);
#1904=AXIS2_PLACEMENT_3D('',#2877,#2323,#2324);
#1905=AXIS2_PLACEMENT_3D('',#2881,#2326,#2327);
#1906=AXIS2_PLACEMENT_3D('',#2884,#2329,#2330);
#1907=AXIS2_PLACEMENT_3D('',#2886,#2331,#2332);
#1908=AXIS2_PLACEMENT_3D('',#2888,#2333,#2334);
#1909=AXIS2_PLACEMENT_3D('',#2890,#2335,#2336);
#1910=AXIS2_PLACEMENT_3D('',#2891,#2337,#2338);
#1911=AXIS2_PLACEMENT_3D('',#2894,#2340,#2341);
#1912=AXIS2_PLACEMENT_3D('',#2895,#2342,#2343);
#1913=AXIS2_PLACEMENT_3D('',#2898,#2345,#2346);
#1914=AXIS2_PLACEMENT_3D('',#2899,#2347,#2348);
#1915=AXIS2_PLACEMENT_3D('',#2902,#2350,#2351);
#1916=AXIS2_PLACEMENT_3D('',#2903,#2352,#2353);
#1917=AXIS2_PLACEMENT_3D('',#2906,#2355,#2356);
#1918=AXIS2_PLACEMENT_3D('',#2907,#2357,#2358);
#1919=AXIS2_PLACEMENT_3D('',#2910,#2360,#2361);
#1920=AXIS2_PLACEMENT_3D('',#2911,#2362,#2363);
#1921=AXIS2_PLACEMENT_3D('',#2914,#2365,#2366);
#1922=AXIS2_PLACEMENT_3D('',#2915,#2367,#2368);
#1923=AXIS2_PLACEMENT_3D('',#2918,#2370,#2371);
#1924=AXIS2_PLACEMENT_3D('',#2919,#2372,#2373);
#1925=AXIS2_PLACEMENT_3D('',#2921,#2374,#2375);
#1926=AXIS2_PLACEMENT_3D('',#2924,#2377,#2378);
#1927=AXIS2_PLACEMENT_3D('',#2925,#2379,#2380);
#1928=AXIS2_PLACEMENT_3D('',#2926,#2381,#2382);
#1929=AXIS2_PLACEMENT_3D('',#2928,#2383,#2384);
#1930=AXIS2_PLACEMENT_3D('',#2931,#2386,#2387);
#1931=AXIS2_PLACEMENT_3D('',#2932,#2388,#2389);
#1932=AXIS2_PLACEMENT_3D('',#2933,#2390,#2391);
#1933=AXIS2_PLACEMENT_3D('',#2935,#2392,#2393);
#1934=AXIS2_PLACEMENT_3D('',#2938,#2395,#2396);
#1935=AXIS2_PLACEMENT_3D('',#2939,#2397,#2398);
#1936=AXIS2_PLACEMENT_3D('',#2940,#2399,#2400);
#1937=AXIS2_PLACEMENT_3D('',#2942,#2401,#2402);
#1938=AXIS2_PLACEMENT_3D('',#2945,#2404,#2405);
#1939=AXIS2_PLACEMENT_3D('',#2946,#2406,#2407);
#1940=AXIS2_PLACEMENT_3D('',#2947,#2408,#2409);
#1941=AXIS2_PLACEMENT_3D('',#2956,#2414,#2415);
#1942=AXIS2_PLACEMENT_3D('',#2958,#2416,#2417);
#1943=AXIS2_PLACEMENT_3D('',#2961,#2419,#2420);
#1944=AXIS2_PLACEMENT_3D('',#2962,#2421,#2422);
#1945=AXIS2_PLACEMENT_3D('',#2968,#2426,#2427);
#1946=AXIS2_PLACEMENT_3D('',#2970,#2428,#2429);
#1947=AXIS2_PLACEMENT_3D('',#2973,#2431,#2432);
#1948=AXIS2_PLACEMENT_3D('',#2974,#2433,#2434);
#1949=AXIS2_PLACEMENT_3D('',#2980,#2438,#2439);
#1950=AXIS2_PLACEMENT_3D('',#2982,#2440,#2441);
#1951=AXIS2_PLACEMENT_3D('',#2985,#2443,#2444);
#1952=AXIS2_PLACEMENT_3D('',#2986,#2445,#2446);
#1953=AXIS2_PLACEMENT_3D('',#2992,#2450,#2451);
#1954=AXIS2_PLACEMENT_3D('',#2993,#2452,#2453);
#1955=AXIS2_PLACEMENT_3D('',#2994,#2454,#2455);
#1956=AXIS2_PLACEMENT_3D('',#2995,#2456,#2457);
#1957=AXIS2_PLACEMENT_3D('',#3000,#2459,#2460);
#1958=AXIS2_PLACEMENT_3D('',#3004,#2462,#2463);
#1959=AXIS2_PLACEMENT_3D('',#3008,#2465,#2466);
#1960=AXIS2_PLACEMENT_3D('',#3011,#2468,#2469);
#1961=AXIS2_PLACEMENT_3D('',#3012,#2470,#2471);
#1962=AXIS2_PLACEMENT_3D('',#3018,#2475,#2476);
#1963=AXIS2_PLACEMENT_3D('',#3021,#2478,#2479);
#1964=AXIS2_PLACEMENT_3D('',#3022,#2480,#2481);
#1965=AXIS2_PLACEMENT_3D('',#3026,#2484,#2485);
#1966=AXIS2_PLACEMENT_3D('',#3029,#2487,#2488);
#1967=AXIS2_PLACEMENT_3D('',#3030,#2489,#2490);
#1968=AXIS2_PLACEMENT_3D('',#3031,#2491,#2492);
#1969=AXIS2_PLACEMENT_3D('',#3032,#2493,#2494);
#1970=AXIS2_PLACEMENT_3D('',#3033,#2495,#2496);
#1971=AXIS2_PLACEMENT_3D('',#3034,#2497,#2498);
#1972=AXIS2_PLACEMENT_3D('',#3035,#2499,#2500);
#1973=AXIS2_PLACEMENT_3D('',#3036,#2501,#2502);
#1974=AXIS2_PLACEMENT_3D('',#3037,#2503,#2504);
#1975=AXIS2_PLACEMENT_3D('',#3038,#2505,#2506);
#1976=AXIS2_PLACEMENT_3D('',#3039,#2507,#2508);
#1977=AXIS2_PLACEMENT_3D('',#3040,#2509,#2510);
#1978=AXIS2_PLACEMENT_3D('',#3041,#2511,#2512);
#1979=AXIS2_PLACEMENT_3D('',#3042,#2513,#2514);
#1980=AXIS2_PLACEMENT_3D('',#3043,#2515,#2516);
#1981=AXIS2_PLACEMENT_3D('',#3044,#2517,#2518);
#1982=AXIS2_PLACEMENT_3D('',#3045,#2519,#2520);
#1983=AXIS2_PLACEMENT_3D('',#3046,#2521,#2522);
#1984=AXIS2_PLACEMENT_3D('',#3047,#2523,#2524);
#1985=AXIS2_PLACEMENT_3D('',#3048,#2525,#2526);
#1986=AXIS2_PLACEMENT_3D('',#3049,#2527,#2528);
#1987=AXIS2_PLACEMENT_3D('',#3052,#2531,#2532);
#1988=AXIS2_PLACEMENT_3D('',#3054,#2534,#2535);
#1989=AXIS2_PLACEMENT_3D('',#3056,#2537,#2538);
#1990=AXIS2_PLACEMENT_3D('',#3058,#2540,#2541);
#1991=AXIS2_PLACEMENT_3D('',#3062,#2544,#2545);
#1992=AXIS2_PLACEMENT_3D('',#3064,#2546,#2547);
#1993=AXIS2_PLACEMENT_3D('',#3066,#2549,#2550);
#1994=AXIS2_PLACEMENT_3D('',#3070,#2553,#2554);
#1995=AXIS2_PLACEMENT_3D('',#3071,#2555,#2556);
#1996=AXIS2_PLACEMENT_3D('',#3072,#2557,#2558);
#1997=AXIS2_PLACEMENT_3D('',#3073,#2559,#2560);
#1998=AXIS2_PLACEMENT_3D('',#3074,#2561,#2562);
#1999=AXIS2_PLACEMENT_3D('',#3075,#2563,#2564);
#2000=AXIS2_PLACEMENT_3D('',#3076,#2565,#2566);
#2001=AXIS2_PLACEMENT_3D('',#3077,#2567,#2568);
#2002=AXIS2_PLACEMENT_3D('',#3078,#2569,#2570);
#2003=AXIS2_PLACEMENT_3D('',#3079,#2571,#2572);
#2004=AXIS2_PLACEMENT_3D('',#3080,#2573,#2574);
#2005=AXIS2_PLACEMENT_3D('',#3081,#2575,#2576);
#2006=AXIS2_PLACEMENT_3D('',#3082,#2577,#2578);
#2007=AXIS2_PLACEMENT_3D('',#3085,#2581,#2582);
#2008=AXIS2_PLACEMENT_3D('',#3086,#2583,#2584);
#2009=AXIS2_PLACEMENT_3D('',#3088,#2586,#2587);
#2010=AXIS2_PLACEMENT_3D('',#3089,#2588,#2589);
#2011=AXIS2_PLACEMENT_3D('',#3090,#2590,#2591);
#2012=AXIS2_PLACEMENT_3D('',#3091,#2592,#2593);
#2013=AXIS2_PLACEMENT_3D('',#3092,#2594,#2595);
#2014=DIRECTION('axis',(0.,0.,1.));
#2015=DIRECTION('refdir',(1.,0.,0.));
#2016=DIRECTION('axis',(0.,0.,1.));
#2017=DIRECTION('refdir',(1.,0.,0.));
#2018=DIRECTION('center_axis',(0.,0.,-1.));
#2019=DIRECTION('ref_axis',(-1.,0.,0.));
#2020=DIRECTION('center_axis',(0.,0.,-1.));
#2021=DIRECTION('ref_axis',(-1.,0.,0.));
#2022=DIRECTION('',(0.,0.,-1.));
#2023=DIRECTION('center_axis',(0.,0.,-1.));
#2024=DIRECTION('ref_axis',(-1.,0.,0.));
#2025=DIRECTION('center_axis',(0.,0.,1.));
#2026=DIRECTION('ref_axis',(-1.,0.,0.));
#2027=DIRECTION('center_axis',(0.,0.,1.));
#2028=DIRECTION('ref_axis',(-1.,0.,0.));
#2029=DIRECTION('center_axis',(0.,0.,-1.));
#2030=DIRECTION('ref_axis',(-1.,0.,0.));
#2031=DIRECTION('center_axis',(0.,0.,-1.));
#2032=DIRECTION('ref_axis',(-1.,0.,0.));
#2033=DIRECTION('',(0.,0.,-1.));
#2034=DIRECTION('center_axis',(0.,0.,1.));
#2035=DIRECTION('ref_axis',(-1.,0.,0.));
#2036=DIRECTION('center_axis',(0.,0.,1.));
#2037=DIRECTION('ref_axis',(-1.,0.,0.));
#2038=DIRECTION('center_axis',(0.,0.,1.));
#2039=DIRECTION('ref_axis',(-1.,0.,0.));
#2040=DIRECTION('center_axis',(0.,0.,1.));
#2041=DIRECTION('ref_axis',(-1.,0.,0.));
#2042=DIRECTION('center_axis',(0.,0.,-1.));
#2043=DIRECTION('ref_axis',(-1.,0.,0.));
#2044=DIRECTION('center_axis',(0.,0.,-1.));
#2045=DIRECTION('ref_axis',(-1.,0.,0.));
#2046=DIRECTION('',(0.,0.,1.));
#2047=DIRECTION('center_axis',(0.,0.,-1.));
#2048=DIRECTION('ref_axis',(-1.,0.,0.));
#2049=DIRECTION('center_axis',(0.,0.,1.));
#2050=DIRECTION('ref_axis',(-1.,0.,0.));
#2051=DIRECTION('',(0.,0.,1.));
#2052=DIRECTION('center_axis',(0.,0.,-1.));
#2053=DIRECTION('ref_axis',(-1.,0.,0.));
#2054=DIRECTION('center_axis',(0.,0.,-1.));
#2055=DIRECTION('ref_axis',(-1.,0.,0.));
#2056=DIRECTION('',(0.,0.,1.));
#2057=DIRECTION('center_axis',(0.,0.,-1.));
#2058=DIRECTION('ref_axis',(-1.,0.,0.));
#2059=DIRECTION('center_axis',(0.,0.,1.));
#2060=DIRECTION('ref_axis',(-1.,0.,0.));
#2061=DIRECTION('center_axis',(0.,0.,1.));
#2062=DIRECTION('ref_axis',(-1.,0.,0.));
#2063=DIRECTION('axis',(0.,0.,1.));
#2064=DIRECTION('refdir',(1.,0.,0.));
#2065=DIRECTION('center_axis',(0.,0.,-1.));
#2066=DIRECTION('ref_axis',(-1.,0.,0.));
#2067=DIRECTION('center_axis',(0.,0.,-1.));
#2068=DIRECTION('ref_axis',(-1.,0.,0.));
#2069=DIRECTION('',(0.,0.,-1.));
#2070=DIRECTION('center_axis',(0.,0.,-1.));
#2071=DIRECTION('ref_axis',(-1.,0.,0.));
#2072=DIRECTION('center_axis',(0.,0.,1.));
#2073=DIRECTION('ref_axis',(-1.,0.,0.));
#2074=DIRECTION('center_axis',(0.,0.,1.));
#2075=DIRECTION('ref_axis',(-1.,0.,0.));
#2076=DIRECTION('center_axis',(0.,0.,-1.));
#2077=DIRECTION('ref_axis',(-1.,0.,0.));
#2078=DIRECTION('center_axis',(0.,0.,-1.));
#2079=DIRECTION('ref_axis',(-1.,0.,0.));
#2080=DIRECTION('',(0.,0.,-1.));
#2081=DIRECTION('center_axis',(0.,0.,1.));
#2082=DIRECTION('ref_axis',(-1.,0.,0.));
#2083=DIRECTION('center_axis',(0.,0.,1.));
#2084=DIRECTION('ref_axis',(-1.,0.,0.));
#2085=DIRECTION('center_axis',(0.,0.,1.));
#2086=DIRECTION('ref_axis',(-1.,0.,0.));
#2087=DIRECTION('center_axis',(0.,0.,1.));
#2088=DIRECTION('ref_axis',(-1.,0.,0.));
#2089=DIRECTION('center_axis',(0.,0.,-1.));
#2090=DIRECTION('ref_axis',(-1.,0.,0.));
#2091=DIRECTION('center_axis',(0.,0.,-1.));
#2092=DIRECTION('ref_axis',(-1.,0.,0.));
#2093=DIRECTION('',(0.,0.,1.));
#2094=DIRECTION('center_axis',(0.,0.,-1.));
#2095=DIRECTION('ref_axis',(-1.,0.,0.));
#2096=DIRECTION('center_axis',(0.,0.,1.));
#2097=DIRECTION('ref_axis',(-1.,0.,0.));
#2098=DIRECTION('',(0.,0.,1.));
#2099=DIRECTION('center_axis',(0.,0.,-1.));
#2100=DIRECTION('ref_axis',(-1.,0.,0.));
#2101=DIRECTION('center_axis',(0.,0.,-1.));
#2102=DIRECTION('ref_axis',(-1.,0.,0.));
#2103=DIRECTION('',(0.,0.,1.));
#2104=DIRECTION('center_axis',(0.,0.,-1.));
#2105=DIRECTION('ref_axis',(-1.,0.,0.));
#2106=DIRECTION('center_axis',(0.,0.,1.));
#2107=DIRECTION('ref_axis',(-1.,0.,0.));
#2108=DIRECTION('center_axis',(0.,0.,1.));
#2109=DIRECTION('ref_axis',(-1.,0.,0.));
#2110=DIRECTION('axis',(0.,0.,1.));
#2111=DIRECTION('refdir',(1.,0.,0.));
#2112=DIRECTION('center_axis',(0.,0.,-1.));
#2113=DIRECTION('ref_axis',(-1.,0.,0.));
#2114=DIRECTION('center_axis',(0.,0.,-1.));
#2115=DIRECTION('ref_axis',(-1.,0.,0.));
#2116=DIRECTION('',(0.,0.,-1.));
#2117=DIRECTION('center_axis',(0.,0.,-1.));
#2118=DIRECTION('ref_axis',(-1.,0.,0.));
#2119=DIRECTION('center_axis',(0.,0.,1.));
#2120=DIRECTION('ref_axis',(-1.,0.,0.));
#2121=DIRECTION('center_axis',(0.,0.,1.));
#2122=DIRECTION('ref_axis',(-1.,0.,0.));
#2123=DIRECTION('center_axis',(0.,0.,-1.));
#2124=DIRECTION('ref_axis',(-1.,0.,0.));
#2125=DIRECTION('center_axis',(0.,0.,-1.));
#2126=DIRECTION('ref_axis',(-1.,0.,0.));
#2127=DIRECTION('',(0.,0.,-1.));
#2128=DIRECTION('center_axis',(0.,0.,1.));
#2129=DIRECTION('ref_axis',(-1.,0.,0.));
#2130=DIRECTION('center_axis',(0.,0.,1.));
#2131=DIRECTION('ref_axis',(-1.,0.,0.));
#2132=DIRECTION('center_axis',(0.,0.,1.));
#2133=DIRECTION('ref_axis',(-1.,0.,0.));
#2134=DIRECTION('center_axis',(0.,0.,1.));
#2135=DIRECTION('ref_axis',(-1.,0.,0.));
#2136=DIRECTION('center_axis',(0.,0.,-1.));
#2137=DIRECTION('ref_axis',(-1.,0.,0.));
#2138=DIRECTION('center_axis',(0.,0.,-1.));
#2139=DIRECTION('ref_axis',(-1.,0.,0.));
#2140=DIRECTION('',(0.,0.,1.));
#2141=DIRECTION('center_axis',(0.,0.,-1.));
#2142=DIRECTION('ref_axis',(-1.,0.,0.));
#2143=DIRECTION('center_axis',(0.,0.,1.));
#2144=DIRECTION('ref_axis',(-1.,0.,0.));
#2145=DIRECTION('',(0.,0.,1.));
#2146=DIRECTION('center_axis',(0.,0.,-1.));
#2147=DIRECTION('ref_axis',(-1.,0.,0.));
#2148=DIRECTION('center_axis',(0.,0.,-1.));
#2149=DIRECTION('ref_axis',(-1.,0.,0.));
#2150=DIRECTION('',(0.,0.,1.));
#2151=DIRECTION('center_axis',(0.,0.,-1.));
#2152=DIRECTION('ref_axis',(-1.,0.,0.));
#2153=DIRECTION('center_axis',(0.,0.,1.));
#2154=DIRECTION('ref_axis',(-1.,0.,0.));
#2155=DIRECTION('center_axis',(0.,0.,1.));
#2156=DIRECTION('ref_axis',(-1.,0.,0.));
#2157=DIRECTION('axis',(0.,0.,1.));
#2158=DIRECTION('refdir',(1.,0.,0.));
#2159=DIRECTION('center_axis',(0.,0.,-1.));
#2160=DIRECTION('ref_axis',(-1.,0.,0.));
#2161=DIRECTION('center_axis',(0.,0.,-1.));
#2162=DIRECTION('ref_axis',(-1.,0.,0.));
#2163=DIRECTION('',(0.,0.,-1.));
#2164=DIRECTION('center_axis',(0.,0.,-1.));
#2165=DIRECTION('ref_axis',(-1.,0.,0.));
#2166=DIRECTION('center_axis',(0.,0.,1.));
#2167=DIRECTION('ref_axis',(-1.,0.,0.));
#2168=DIRECTION('center_axis',(0.,0.,1.));
#2169=DIRECTION('ref_axis',(-1.,0.,0.));
#2170=DIRECTION('center_axis',(0.,0.,-1.));
#2171=DIRECTION('ref_axis',(-1.,0.,0.));
#2172=DIRECTION('center_axis',(0.,0.,-1.));
#2173=DIRECTION('ref_axis',(-1.,0.,0.));
#2174=DIRECTION('',(0.,0.,-1.));
#2175=DIRECTION('center_axis',(0.,0.,1.));
#2176=DIRECTION('ref_axis',(-1.,0.,0.));
#2177=DIRECTION('center_axis',(0.,0.,1.));
#2178=DIRECTION('ref_axis',(-1.,0.,0.));
#2179=DIRECTION('center_axis',(0.,0.,1.));
#2180=DIRECTION('ref_axis',(-1.,0.,0.));
#2181=DIRECTION('center_axis',(0.,0.,1.));
#2182=DIRECTION('ref_axis',(-1.,0.,0.));
#2183=DIRECTION('center_axis',(0.,0.,-1.));
#2184=DIRECTION('ref_axis',(-1.,0.,0.));
#2185=DIRECTION('center_axis',(0.,0.,-1.));
#2186=DIRECTION('ref_axis',(-1.,0.,0.));
#2187=DIRECTION('',(0.,0.,1.));
#2188=DIRECTION('center_axis',(0.,0.,-1.));
#2189=DIRECTION('ref_axis',(-1.,0.,0.));
#2190=DIRECTION('center_axis',(0.,0.,1.));
#2191=DIRECTION('ref_axis',(-1.,0.,0.));
#2192=DIRECTION('',(0.,0.,1.));
#2193=DIRECTION('center_axis',(0.,0.,-1.));
#2194=DIRECTION('ref_axis',(-1.,0.,0.));
#2195=DIRECTION('center_axis',(0.,0.,-1.));
#2196=DIRECTION('ref_axis',(-1.,0.,0.));
#2197=DIRECTION('',(0.,0.,1.));
#2198=DIRECTION('center_axis',(0.,0.,-1.));
#2199=DIRECTION('ref_axis',(-1.,0.,0.));
#2200=DIRECTION('center_axis',(0.,0.,1.));
#2201=DIRECTION('ref_axis',(-1.,0.,0.));
#2202=DIRECTION('center_axis',(0.,0.,1.));
#2203=DIRECTION('ref_axis',(-1.,0.,0.));
#2204=DIRECTION('center_axis',(0.,0.,1.));
#2205=DIRECTION('ref_axis',(-0.685510621383852,-0.728062626406496,0.));
#2206=DIRECTION('center_axis',(0.,0.,-1.));
#2207=DIRECTION('ref_axis',(-0.685510621383852,-0.728062626406496,0.));
#2208=DIRECTION('',(0.,0.,-1.));
#2209=DIRECTION('center_axis',(0.,0.,-1.));
#2210=DIRECTION('ref_axis',(-0.685510621383852,-0.728062626406496,0.));
#2211=DIRECTION('',(0.,0.,1.));
#2212=DIRECTION('center_axis',(2.14881875733901E-16,-1.,0.));
#2213=DIRECTION('ref_axis',(1.,2.14881875733901E-16,0.));
#2214=DIRECTION('',(1.,2.14881875733901E-16,0.));
#2215=DIRECTION('',(-1.,-2.14881875733901E-16,0.));
#2216=DIRECTION('',(0.,0.,1.));
#2217=DIRECTION('',(1.,2.14881875733901E-16,0.));
#2218=DIRECTION('',(0.,0.,1.));
#2219=DIRECTION('',(-1.,-2.14881875733901E-16,0.));
#2220=DIRECTION('',(0.,0.,-1.));
#2221=DIRECTION('center_axis',(0.,0.,-1.));
#2222=DIRECTION('ref_axis',(-0.728062626406496,-0.685510621383852,0.));
#2223=DIRECTION('center_axis',(0.,0.,-1.));
#2224=DIRECTION('ref_axis',(-0.728062626406496,-0.685510621383852,0.));
#2225=DIRECTION('',(0.,0.,-1.));
#2226=DIRECTION('center_axis',(0.,0.,-1.));
#2227=DIRECTION('ref_axis',(-0.728062626406496,-0.685510621383852,0.));
#2228=DIRECTION('',(0.,0.,1.));
#2229=DIRECTION('center_axis',(0.,0.,1.));
#2230=DIRECTION('ref_axis',(1.,0.,0.));
#2231=DIRECTION('center_axis',(0.,0.,1.));
#2232=DIRECTION('ref_axis',(-1.,0.,0.));
#2233=DIRECTION('',(-7.16272919113004E-17,1.,0.));
#2234=DIRECTION('center_axis',(0.,0.,-1.));
#2235=DIRECTION('ref_axis',(-0.728062626406496,0.685510621383852,0.));
#2236=DIRECTION('center_axis',(0.,0.,1.));
#2237=DIRECTION('ref_axis',(-1.,0.,0.));
#2238=DIRECTION('center_axis',(0.,0.,-1.));
#2239=DIRECTION('ref_axis',(-0.685510621383852,0.728062626406496,0.));
#2240=DIRECTION('',(1.,7.16272919113005E-17,0.));
#2241=DIRECTION('center_axis',(0.,0.,-1.));
#2242=DIRECTION('ref_axis',(0.685510621383852,0.728062626406496,0.));
#2243=DIRECTION('center_axis',(0.,0.,1.));
#2244=DIRECTION('ref_axis',(-1.,0.,0.));
#2245=DIRECTION('center_axis',(0.,0.,-1.));
#2246=DIRECTION('ref_axis',(0.728062626406496,0.685510621383852,0.));
#2247=DIRECTION('',(7.87900211024305E-16,-1.,0.));
#2248=DIRECTION('center_axis',(0.,0.,-1.));
#2249=DIRECTION('ref_axis',(0.728062626406496,-0.685510621383852,0.));
#2250=DIRECTION('center_axis',(0.,0.,1.));
#2251=DIRECTION('ref_axis',(-1.,0.,0.));
#2252=DIRECTION('center_axis',(0.,0.,-1.));
#2253=DIRECTION('ref_axis',(0.685510621383852,-0.728062626406496,0.));
#2254=DIRECTION('center_axis',(-1.,-7.16272919113004E-17,0.));
#2255=DIRECTION('ref_axis',(7.16272919113004E-17,-1.,0.));
#2256=DIRECTION('',(7.16272919113004E-17,-1.,0.));
#2257=DIRECTION('',(0.,0.,1.));
#2258=DIRECTION('',(-7.16272919113004E-17,1.,0.));
#2259=DIRECTION('',(0.,0.,-1.));
#2260=DIRECTION('',(7.16272919113004E-17,-1.,0.));
#2261=DIRECTION('',(0.,0.,-1.));
#2262=DIRECTION('center_axis',(0.,0.,1.));
#2263=DIRECTION('ref_axis',(-0.728062626406496,0.685510621383852,0.));
#2264=DIRECTION('center_axis',(0.,0.,-1.));
#2265=DIRECTION('ref_axis',(-0.728062626406496,0.685510621383852,0.));
#2266=DIRECTION('',(0.,0.,1.));
#2267=DIRECTION('center_axis',(0.,0.,-1.));
#2268=DIRECTION('ref_axis',(-0.685510621383852,0.728062626406496,0.));
#2269=DIRECTION('',(0.,0.,-1.));
#2270=DIRECTION('center_axis',(0.,0.,-1.));
#2271=DIRECTION('ref_axis',(-0.685510621383852,0.728062626406496,0.));
#2272=DIRECTION('',(0.,0.,1.));
#2273=DIRECTION('center_axis',(-7.16272919113005E-17,1.,0.));
#2274=DIRECTION('ref_axis',(-1.,-7.16272919113005E-17,0.));
#2275=DIRECTION('',(-1.,-7.16272919113005E-17,0.));
#2276=DIRECTION('',(0.,0.,1.));
#2277=DIRECTION('',(1.,7.16272919113005E-17,0.));
#2278=DIRECTION('',(0.,0.,-1.));
#2279=DIRECTION('',(-1.,-7.16272919113005E-17,0.));
#2280=DIRECTION('',(0.,0.,-1.));
#2281=DIRECTION('center_axis',(0.,0.,1.));
#2282=DIRECTION('ref_axis',(0.685510621383852,0.728062626406496,0.));
#2283=DIRECTION('center_axis',(0.,0.,-1.));
#2284=DIRECTION('ref_axis',(0.685510621383852,0.728062626406496,0.));
#2285=DIRECTION('',(0.,0.,1.));
#2286=DIRECTION('center_axis',(0.,0.,-1.));
#2287=DIRECTION('ref_axis',(0.728062626406496,0.685510621383852,0.));
#2288=DIRECTION('',(0.,0.,-1.));
#2289=DIRECTION('center_axis',(0.,0.,-1.));
#2290=DIRECTION('ref_axis',(0.728062626406496,0.685510621383852,0.));
#2291=DIRECTION('',(0.,0.,1.));
#2292=DIRECTION('center_axis',(1.,7.87900211024305E-16,0.));
#2293=DIRECTION('ref_axis',(-7.87900211024305E-16,1.,0.));
#2294=DIRECTION('',(-7.87900211024305E-16,1.,0.));
#2295=DIRECTION('',(0.,0.,1.));
#2296=DIRECTION('',(7.87900211024305E-16,-1.,0.));
#2297=DIRECTION('',(0.,0.,-1.));
#2298=DIRECTION('',(-7.87900211024305E-16,1.,0.));
#2299=DIRECTION('',(0.,0.,-1.));
#2300=DIRECTION('center_axis',(0.,0.,1.));
#2301=DIRECTION('ref_axis',(0.728062626406496,-0.685510621383852,0.));
#2302=DIRECTION('center_axis',(0.,0.,-1.));
#2303=DIRECTION('ref_axis',(0.728062626406496,-0.685510621383852,0.));
#2304=DIRECTION('',(0.,0.,1.));
#2305=DIRECTION('center_axis',(0.,0.,-1.));
#2306=DIRECTION('ref_axis',(0.685510621383852,-0.728062626406496,0.));
#2307=DIRECTION('',(0.,0.,-1.));
#2308=DIRECTION('center_axis',(0.,0.,-1.));
#2309=DIRECTION('ref_axis',(0.685510621383852,-0.728062626406496,0.));
#2310=DIRECTION('center_axis',(0.,0.,1.));
#2311=DIRECTION('ref_axis',(-1.,0.,0.));
#2312=DIRECTION('center_axis',(0.,0.,1.));
#2313=DIRECTION('ref_axis',(-1.,0.,0.));
#2314=DIRECTION('',(-0.707106781186547,-8.65956056235493E-17,-0.707106781186547));
#2315=DIRECTION('center_axis',(0.,0.,-1.));
#2316=DIRECTION('ref_axis',(-1.,0.,0.));
#2317=DIRECTION('center_axis',(0.,0.,1.));
#2318=DIRECTION('ref_axis',(1.,0.,0.));
#2319=DIRECTION('',(-7.16272919113004E-17,1.,0.));
#2320=DIRECTION('center_axis',(0.,0.,-1.));
#2321=DIRECTION('ref_axis',(-0.707106781186548,-0.707106781186548,0.));
#2322=DIRECTION('',(-1.,-2.14881875733901E-16,0.));
#2323=DIRECTION('center_axis',(0.,0.,-1.));
#2324=DIRECTION('ref_axis',(0.707106781186548,-0.707106781186548,0.));
#2325=DIRECTION('',(7.87900211024305E-16,-1.,0.));
#2326=DIRECTION('center_axis',(0.,0.,-1.));
#2327=DIRECTION('ref_axis',(0.707106781186547,0.707106781186548,0.));
#2328=DIRECTION('',(1.,7.16272919113005E-17,0.));
#2329=DIRECTION('center_axis',(0.,0.,-1.));
#2330=DIRECTION('ref_axis',(-0.707106781186548,0.707106781186547,0.));
#2331=DIRECTION('center_axis',(0.,0.,1.));
#2332=DIRECTION('ref_axis',(-1.,0.,0.));
#2333=DIRECTION('center_axis',(0.,0.,1.));
#2334=DIRECTION('ref_axis',(-1.,0.,0.));
#2335=DIRECTION('center_axis',(0.,0.,1.));
#2336=DIRECTION('ref_axis',(-1.,0.,0.));
#2337=DIRECTION('center_axis',(0.,0.,-1.));
#2338=DIRECTION('ref_axis',(-1.,0.,0.));
#2339=DIRECTION('',(0.,0.,-1.));
#2340=DIRECTION('center_axis',(0.,0.,-1.));
#2341=DIRECTION('ref_axis',(-1.,0.,0.));
#2342=DIRECTION('center_axis',(0.,0.,1.));
#2343=DIRECTION('ref_axis',(-1.,0.,0.));
#2344=DIRECTION('',(-0.707106781186547,-8.65956056235493E-17,-0.707106781186547));
#2345=DIRECTION('center_axis',(0.,0.,-1.));
#2346=DIRECTION('ref_axis',(-1.,0.,0.));
#2347=DIRECTION('center_axis',(0.,0.,-1.));
#2348=DIRECTION('ref_axis',(-1.,0.,0.));
#2349=DIRECTION('',(0.,0.,-1.));
#2350=DIRECTION('center_axis',(0.,0.,-1.));
#2351=DIRECTION('ref_axis',(-1.,0.,0.));
#2352=DIRECTION('center_axis',(0.,0.,1.));
#2353=DIRECTION('ref_axis',(-1.,0.,0.));
#2354=DIRECTION('',(-0.707106781186548,-8.65956056235493E-17,-0.707106781186548));
#2355=DIRECTION('center_axis',(0.,0.,-1.));
#2356=DIRECTION('ref_axis',(-1.,0.,0.));
#2357=DIRECTION('center_axis',(0.,0.,-1.));
#2358=DIRECTION('ref_axis',(-1.,0.,0.));
#2359=DIRECTION('',(0.,0.,-1.));
#2360=DIRECTION('center_axis',(0.,0.,-1.));
#2361=DIRECTION('ref_axis',(-1.,0.,0.));
#2362=DIRECTION('center_axis',(0.,0.,1.));
#2363=DIRECTION('ref_axis',(-1.,0.,0.));
#2364=DIRECTION('',(-0.707106781186548,-8.65956056235493E-17,-0.707106781186548));
#2365=DIRECTION('center_axis',(0.,0.,-1.));
#2366=DIRECTION('ref_axis',(-1.,0.,0.));
#2367=DIRECTION('center_axis',(0.,0.,-1.));
#2368=DIRECTION('ref_axis',(-1.,0.,0.));
#2369=DIRECTION('',(0.,0.,-1.));
#2370=DIRECTION('center_axis',(0.,0.,-1.));
#2371=DIRECTION('ref_axis',(-1.,0.,0.));
#2372=DIRECTION('center_axis',(0.,0.,-1.));
#2373=DIRECTION('ref_axis',(-1.,0.,0.));
#2374=DIRECTION('center_axis',(0.,0.,-1.));
#2375=DIRECTION('ref_axis',(-1.,0.,0.));
#2376=DIRECTION('',(0.,0.,-1.));
#2377=DIRECTION('center_axis',(0.,0.,-1.));
#2378=DIRECTION('ref_axis',(-1.,0.,0.));
#2379=DIRECTION('center_axis',(0.,0.,1.));
#2380=DIRECTION('ref_axis',(-1.,0.,0.));
#2381=DIRECTION('center_axis',(0.,0.,-1.));
#2382=DIRECTION('ref_axis',(-1.,0.,0.));
#2383=DIRECTION('center_axis',(0.,0.,-1.));
#2384=DIRECTION('ref_axis',(-1.,0.,0.));
#2385=DIRECTION('',(0.,0.,-1.));
#2386=DIRECTION('center_axis',(0.,0.,-1.));
#2387=DIRECTION('ref_axis',(-1.,0.,0.));
#2388=DIRECTION('center_axis',(0.,0.,1.));
#2389=DIRECTION('ref_axis',(-1.,0.,0.));
#2390=DIRECTION('center_axis',(0.,0.,-1.));
#2391=DIRECTION('ref_axis',(-1.,0.,0.));
#2392=DIRECTION('center_axis',(0.,0.,-1.));
#2393=DIRECTION('ref_axis',(-1.,0.,0.));
#2394=DIRECTION('',(0.,0.,-1.));
#2395=DIRECTION('center_axis',(0.,0.,-1.));
#2396=DIRECTION('ref_axis',(-1.,0.,0.));
#2397=DIRECTION('center_axis',(0.,0.,1.));
#2398=DIRECTION('ref_axis',(-1.,0.,0.));
#2399=DIRECTION('center_axis',(0.,0.,-1.));
#2400=DIRECTION('ref_axis',(-1.,0.,0.));
#2401=DIRECTION('center_axis',(0.,0.,-1.));
#2402=DIRECTION('ref_axis',(-1.,0.,0.));
#2403=DIRECTION('',(0.,0.,-1.));
#2404=DIRECTION('center_axis',(0.,0.,-1.));
#2405=DIRECTION('ref_axis',(-1.,0.,0.));
#2406=DIRECTION('center_axis',(0.,0.,1.));
#2407=DIRECTION('ref_axis',(-1.,0.,0.));
#2408=DIRECTION('center_axis',(-2.56205313375036E-16,1.,0.));
#2409=DIRECTION('ref_axis',(-1.,-2.56205313375036E-16,0.));
#2410=DIRECTION('',(-1.,-2.56205313375036E-16,0.));
#2411=DIRECTION('',(0.,0.,1.));
#2412=DIRECTION('',(-1.,-2.56205313375036E-16,0.));
#2413=DIRECTION('',(0.,0.,1.));
#2414=DIRECTION('center_axis',(0.,0.,1.));
#2415=DIRECTION('ref_axis',(1.,-1.11022302462516E-15,0.));
#2416=DIRECTION('center_axis',(0.,0.,-1.));
#2417=DIRECTION('ref_axis',(1.,-1.11022302462516E-15,0.));
#2418=DIRECTION('',(0.,0.,1.));
#2419=DIRECTION('center_axis',(0.,0.,-1.));
#2420=DIRECTION('ref_axis',(1.,-1.11022302462516E-15,0.));
#2421=DIRECTION('center_axis',(-1.,-6.83214169000096E-16,0.));
#2422=DIRECTION('ref_axis',(6.83214169000096E-16,-1.,0.));
#2423=DIRECTION('',(6.83214169000096E-16,-1.,0.));
#2424=DIRECTION('',(0.,0.,1.));
#2425=DIRECTION('',(6.83214169000096E-16,-1.,0.));
#2426=DIRECTION('center_axis',(0.,0.,1.));
#2427=DIRECTION('ref_axis',(1.11022302462516E-15,1.,0.));
#2428=DIRECTION('center_axis',(0.,0.,-1.));
#2429=DIRECTION('ref_axis',(1.11022302462516E-15,1.,0.));
#2430=DIRECTION('',(0.,0.,1.));
#2431=DIRECTION('center_axis',(0.,0.,-1.));
#2432=DIRECTION('ref_axis',(1.11022302462516E-15,1.,0.));
#2433=DIRECTION('center_axis',(0.,-1.,0.));
#2434=DIRECTION('ref_axis',(1.,0.,0.));
#2435=DIRECTION('',(1.,0.,0.));
#2436=DIRECTION('',(0.,0.,1.));
#2437=DIRECTION('',(1.,0.,0.));
#2438=DIRECTION('center_axis',(0.,0.,1.));
#2439=DIRECTION('ref_axis',(-1.,-1.11022302462516E-15,0.));
#2440=DIRECTION('center_axis',(0.,0.,-1.));
#2441=DIRECTION('ref_axis',(-1.,-1.11022302462516E-15,0.));
#2442=DIRECTION('',(0.,0.,1.));
#2443=DIRECTION('center_axis',(0.,0.,-1.));
#2444=DIRECTION('ref_axis',(-1.,-1.11022302462516E-15,0.));
#2445=DIRECTION('center_axis',(1.,8.54017711250121E-17,0.));
#2446=DIRECTION('ref_axis',(-8.54017711250121E-17,1.,0.));
#2447=DIRECTION('',(-8.54017711250121E-17,1.,0.));
#2448=DIRECTION('',(0.,0.,1.));
#2449=DIRECTION('',(-8.54017711250121E-17,1.,0.));
#2450=DIRECTION('center_axis',(0.,0.,1.));
#2451=DIRECTION('ref_axis',(0.,-1.,0.));
#2452=DIRECTION('center_axis',(0.,0.,-1.));
#2453=DIRECTION('ref_axis',(0.,-1.,0.));
#2454=DIRECTION('center_axis',(0.,0.,-1.));
#2455=DIRECTION('ref_axis',(0.,-1.,0.));
#2456=DIRECTION('center_axis',(0.,0.,-1.));
#2457=DIRECTION('ref_axis',(1.,0.,0.));
#2458=DIRECTION('',(-7.87900211024305E-16,1.,0.));
#2459=DIRECTION('center_axis',(0.,0.,1.));
#2460=DIRECTION('ref_axis',(0.707106781186547,-0.707106781186547,0.));
#2461=DIRECTION('',(1.,2.14881875733901E-16,0.));
#2462=DIRECTION('center_axis',(0.,0.,1.));
#2463=DIRECTION('ref_axis',(-0.707106781186547,-0.707106781186547,0.));
#2464=DIRECTION('',(7.16272919113004E-17,-1.,0.));
#2465=DIRECTION('center_axis',(0.,0.,1.));
#2466=DIRECTION('ref_axis',(-0.707106781186548,0.707106781186547,0.));
#2467=DIRECTION('',(-1.,-7.16272919113005E-17,0.));
#2468=DIRECTION('center_axis',(0.,0.,1.));
#2469=DIRECTION('ref_axis',(0.707106781186547,0.707106781186548,0.));
#2470=DIRECTION('center_axis',(-1.,-7.16272919113004E-17,0.));
#2471=DIRECTION('ref_axis',(7.16272919113004E-17,-1.,0.));
#2472=DIRECTION('',(0.,0.,-1.));
#2473=DIRECTION('',(7.16272919113004E-17,-1.,0.));
#2474=DIRECTION('',(0.,0.,1.));
#2475=DIRECTION('center_axis',(0.,0.,-1.));
#2476=DIRECTION('ref_axis',(-0.707106781186547,-0.707106781186547,0.));
#2477=DIRECTION('',(0.,0.,1.));
#2478=DIRECTION('center_axis',(0.,0.,1.));
#2479=DIRECTION('ref_axis',(-0.707106781186547,-0.707106781186547,0.));
#2480=DIRECTION('center_axis',(2.14881875733901E-16,-1.,0.));
#2481=DIRECTION('ref_axis',(1.,2.14881875733901E-16,0.));
#2482=DIRECTION('',(0.,0.,-1.));
#2483=DIRECTION('',(1.,2.14881875733901E-16,0.));
#2484=DIRECTION('center_axis',(0.,0.,1.));
#2485=DIRECTION('ref_axis',(0.707106781186547,-0.707106781186547,0.));
#2486=DIRECTION('',(0.,0.,1.));
#2487=DIRECTION('center_axis',(0.,0.,1.));
#2488=DIRECTION('ref_axis',(0.707106781186547,-0.707106781186547,0.));
#2489=DIRECTION('center_axis',(0.,0.,1.));
#2490=DIRECTION('ref_axis',(-0.707106781186547,-0.707106781186547,0.));
#2491=DIRECTION('center_axis',(0.,0.,-1.));
#2492=DIRECTION('ref_axis',(-0.707106781186547,-0.707106781186547,0.));
#2493=DIRECTION('center_axis',(0.,0.,-1.));
#2494=DIRECTION('ref_axis',(-0.707106781186547,-0.707106781186547,0.));
#2495=DIRECTION('center_axis',(0.,0.,-1.));
#2496=DIRECTION('ref_axis',(-0.707106781186547,0.707106781186547,0.));
#2497=DIRECTION('center_axis',(0.,0.,-1.));
#2498=DIRECTION('ref_axis',(-0.707106781186547,0.707106781186547,0.));
#2499=DIRECTION('center_axis',(0.,0.,-1.));
#2500=DIRECTION('ref_axis',(-0.707106781186547,0.707106781186547,0.));
#2501=DIRECTION('center_axis',(0.,0.,1.));
#2502=DIRECTION('ref_axis',(-1.,0.,0.));
#2503=DIRECTION('center_axis',(0.,0.,1.));
#2504=DIRECTION('ref_axis',(-1.,0.,0.));
#2505=DIRECTION('center_axis',(0.,0.,-1.));
#2506=DIRECTION('ref_axis',(0.707106781186546,0.707106781186549,0.));
#2507=DIRECTION('center_axis',(0.,0.,-1.));
#2508=DIRECTION('ref_axis',(0.707106781186546,0.707106781186549,0.));
#2509=DIRECTION('center_axis',(0.,0.,-1.));
#2510=DIRECTION('ref_axis',(0.707106781186546,0.707106781186549,0.));
#2511=DIRECTION('center_axis',(0.,0.,1.));
#2512=DIRECTION('ref_axis',(-1.,0.,0.));
#2513=DIRECTION('center_axis',(0.,0.,1.));
#2514=DIRECTION('ref_axis',(-1.,0.,0.));
#2515=DIRECTION('center_axis',(0.,0.,-1.));
#2516=DIRECTION('ref_axis',(0.707106781186547,-0.707106781186547,0.));
#2517=DIRECTION('center_axis',(0.,0.,-1.));
#2518=DIRECTION('ref_axis',(0.707106781186547,-0.707106781186547,0.));
#2519=DIRECTION('center_axis',(0.,0.,-1.));
#2520=DIRECTION('ref_axis',(0.707106781186547,-0.707106781186547,0.));
#2521=DIRECTION('center_axis',(0.,0.,1.));
#2522=DIRECTION('ref_axis',(-1.,0.,0.));
#2523=DIRECTION('center_axis',(0.,0.,1.));
#2524=DIRECTION('ref_axis',(-1.,0.,0.));
#2525=DIRECTION('center_axis',(0.,0.,1.));
#2526=DIRECTION('ref_axis',(1.,0.,0.));
#2527=DIRECTION('center_axis',(-0.707106781186548,-5.06481438285089E-17,
0.707106781186548));
#2528=DIRECTION('ref_axis',(0.707106781186548,0.,0.707106781186548));
#2529=DIRECTION('',(0.707106781186547,1.57009245868377E-15,0.707106781186547));
#2530=DIRECTION('',(-0.707106781186547,0.,-0.707106781186547));
#2531=DIRECTION('center_axis',(0.,0.,-1.));
#2532=DIRECTION('ref_axis',(-0.707106781186548,-0.707106781186548,0.));
#2533=DIRECTION('',(0.,0.707106781186547,0.707106781186547));
#2534=DIRECTION('center_axis',(1.51944431485527E-16,-0.707106781186548,
0.707106781186548));
#2535=DIRECTION('ref_axis',(1.,0.,-2.14881875733901E-16));
#2536=DIRECTION('',(-1.57009245868377E-15,0.707106781186547,0.707106781186547));
#2537=DIRECTION('center_axis',(0.,0.,-1.));
#2538=DIRECTION('ref_axis',(0.707106781186548,-0.707106781186548,0.));
#2539=DIRECTION('',(-0.707106781186547,0.,0.707106781186548));
#2540=DIRECTION('center_axis',(0.707106781186548,5.57129582113598E-16,0.707106781186548));
#2541=DIRECTION('ref_axis',(0.707106781186548,0.,-0.707106781186548));
#2542=DIRECTION('',(-0.707106781186547,-1.57009245868377E-15,0.707106781186547));
#2543=DIRECTION('',(-7.87900211024305E-16,1.,0.));
#2544=DIRECTION('center_axis',(0.,0.,-1.));
#2545=DIRECTION('ref_axis',(0.707106781186547,0.707106781186548,0.));
#2546=DIRECTION('center_axis',(0.,0.,1.));
#2547=DIRECTION('ref_axis',(0.707106781186547,0.707106781186548,0.));
#2548=DIRECTION('',(0.,-0.707106781186547,0.707106781186548));
#2549=DIRECTION('center_axis',(-5.06481438285089E-17,0.707106781186548,
0.707106781186548));
#2550=DIRECTION('ref_axis',(1.,0.,7.16272919113005E-17));
#2551=DIRECTION('',(1.57009245868377E-15,-0.707106781186547,0.707106781186547));
#2552=DIRECTION('',(-1.,-7.16272919113005E-17,0.));
#2553=DIRECTION('center_axis',(0.,0.,-1.));
#2554=DIRECTION('ref_axis',(-0.707106781186548,0.707106781186547,0.));
#2555=DIRECTION('center_axis',(0.,0.,1.));
#2556=DIRECTION('ref_axis',(-0.707106781186548,0.707106781186547,0.));
#2557=DIRECTION('center_axis',(0.,0.,1.));
#2558=DIRECTION('ref_axis',(-1.,0.,0.));
#2559=DIRECTION('center_axis',(0.,0.,1.));
#2560=DIRECTION('ref_axis',(-1.,0.,0.));
#2561=DIRECTION('center_axis',(0.,0.,1.));
#2562=DIRECTION('ref_axis',(-1.,0.,0.));
#2563=DIRECTION('center_axis',(0.,0.,1.));
#2564=DIRECTION('ref_axis',(-1.,0.,0.));
#2565=DIRECTION('center_axis',(0.,0.,-1.));
#2566=DIRECTION('ref_axis',(-1.,0.,0.));
#2567=DIRECTION('center_axis',(0.,0.,1.));
#2568=DIRECTION('ref_axis',(-1.,0.,0.));
#2569=DIRECTION('center_axis',(0.,0.,1.));
#2570=DIRECTION('ref_axis',(-1.,0.,0.));
#2571=DIRECTION('center_axis',(0.,0.,-1.));
#2572=DIRECTION('ref_axis',(-1.,0.,0.));
#2573=DIRECTION('center_axis',(0.,0.,-1.));
#2574=DIRECTION('ref_axis',(-1.,0.,0.));
#2575=DIRECTION('center_axis',(0.,0.,-1.));
#2576=DIRECTION('ref_axis',(-1.,0.,0.));
#2577=DIRECTION('center_axis',(0.,0.,1.));
#2578=DIRECTION('ref_axis',(0.707106781186547,0.707106781186548,0.));
#2579=DIRECTION('',(0.,0.,1.));
#2580=DIRECTION('',(0.,0.,-1.));
#2581=DIRECTION('center_axis',(1.,7.87900211024305E-16,0.));
#2582=DIRECTION('ref_axis',(-7.87900211024305E-16,1.,0.));
#2583=DIRECTION('center_axis',(0.,0.,1.));
#2584=DIRECTION('ref_axis',(-0.707106781186548,0.707106781186547,0.));
#2585=DIRECTION('',(0.,0.,-1.));
#2586=DIRECTION('center_axis',(-7.16272919113005E-17,1.,0.));
#2587=DIRECTION('ref_axis',(-1.,-7.16272919113005E-17,0.));
#2588=DIRECTION('',(0.,0.,1.));
#2589=DIRECTION('',(1.,0.,0.));
#2590=DIRECTION('',(0.,0.,1.));
#2591=DIRECTION('',(1.,0.,0.));
#2592=DIRECTION('',(0.,0.,1.));
#2593=DIRECTION('',(1.,0.,0.));
#2594=DIRECTION('',(0.,0.,1.));
#2595=DIRECTION('',(1.,0.,0.));
#2596=CARTESIAN_POINT('',(0.,0.,0.));
#2597=CARTESIAN_POINT('',(0.,0.,0.));
#2598=CARTESIAN_POINT('Origin',(-11.5,13.,12.5));
#2599=CARTESIAN_POINT('',(-9.75,13.,12.5));
#2600=CARTESIAN_POINT('Origin',(-11.5,13.,12.5));
#2601=CARTESIAN_POINT('',(-9.75,13.,10.));
#2602=CARTESIAN_POINT('',(-9.75,13.,12.5));
#2603=CARTESIAN_POINT('Origin',(-11.5,13.,10.));
#2604=CARTESIAN_POINT('Origin',(-11.5,13.,12.5));
#2605=CARTESIAN_POINT('',(-9.5,13.,12.5));
#2606=CARTESIAN_POINT('Origin',(-11.5,13.,12.5));
#2607=CARTESIAN_POINT('Origin',(-11.5,13.,14.5));
#2608=CARTESIAN_POINT('',(-9.75,13.,14.5));
#2609=CARTESIAN_POINT('Origin',(-11.5,13.,14.5));
#2610=CARTESIAN_POINT('',(-9.75,13.,13.5));
#2611=CARTESIAN_POINT('',(-9.75,13.,14.5));
#2612=CARTESIAN_POINT('Origin',(-11.5,13.,13.5));
#2613=CARTESIAN_POINT('Origin',(-11.5,13.,14.5));
#2614=CARTESIAN_POINT('',(-9.5,13.,14.5));
#2615=CARTESIAN_POINT('Origin',(-11.5,13.,14.5));
#2616=CARTESIAN_POINT('Origin',(-11.5,13.,13.5));
#2617=CARTESIAN_POINT('',(-9.5,13.,13.5));
#2618=CARTESIAN_POINT('Origin',(-11.5,13.,13.5));
#2619=CARTESIAN_POINT('Origin',(-11.5,13.,16.));
#2620=CARTESIAN_POINT('',(-9.5,13.,16.));
#2621=CARTESIAN_POINT('Origin',(-11.5,13.,16.));
#2622=CARTESIAN_POINT('',(-10.,13.,10.));
#2623=CARTESIAN_POINT('Origin',(-11.5,13.,10.));
#2624=CARTESIAN_POINT('',(-10.,13.,16.));
#2625=CARTESIAN_POINT('',(-10.,13.,16.));
#2626=CARTESIAN_POINT('Origin',(-11.5,13.,16.));
#2627=CARTESIAN_POINT('Origin',(-11.5,13.,16.));
#2628=CARTESIAN_POINT('',(-9.5,13.,16.));
#2629=CARTESIAN_POINT('',(-9.5,13.,16.));
#2630=CARTESIAN_POINT('Origin',(-11.5,13.,16.));
#2631=CARTESIAN_POINT('Origin',(-11.5,13.,16.));
#2632=CARTESIAN_POINT('Origin',(-11.5,13.,10.));
#2633=CARTESIAN_POINT('',(0.,0.,0.));
#2634=CARTESIAN_POINT('Origin',(11.5,13.,12.5));
#2635=CARTESIAN_POINT('',(13.25,13.,12.5));
#2636=CARTESIAN_POINT('Origin',(11.5,13.,12.5));
#2637=CARTESIAN_POINT('',(13.25,13.,10.));
#2638=CARTESIAN_POINT('',(13.25,13.,12.5));
#2639=CARTESIAN_POINT('Origin',(11.5,13.,10.));
#2640=CARTESIAN_POINT('Origin',(11.5,13.,12.5));
#2641=CARTESIAN_POINT('',(13.5,13.,12.5));
#2642=CARTESIAN_POINT('Origin',(11.5,13.,12.5));
#2643=CARTESIAN_POINT('Origin',(11.5,13.,14.5));
#2644=CARTESIAN_POINT('',(13.25,13.,14.5));
#2645=CARTESIAN_POINT('Origin',(11.5,13.,14.5));
#2646=CARTESIAN_POINT('',(13.25,13.,13.5));
#2647=CARTESIAN_POINT('',(13.25,13.,14.5));
#2648=CARTESIAN_POINT('Origin',(11.5,13.,13.5));
#2649=CARTESIAN_POINT('Origin',(11.5,13.,14.5));
#2650=CARTESIAN_POINT('',(13.5,13.,14.5));
#2651=CARTESIAN_POINT('Origin',(11.5,13.,14.5));
#2652=CARTESIAN_POINT('Origin',(11.5,13.,13.5));
#2653=CARTESIAN_POINT('',(13.5,13.,13.5));
#2654=CARTESIAN_POINT('Origin',(11.5,13.,13.5));
#2655=CARTESIAN_POINT('Origin',(11.5,13.,16.));
#2656=CARTESIAN_POINT('',(13.5,13.,16.));
#2657=CARTESIAN_POINT('Origin',(11.5,13.,16.));
#2658=CARTESIAN_POINT('',(13.,13.,10.));
#2659=CARTESIAN_POINT('Origin',(11.5,13.,10.));
#2660=CARTESIAN_POINT('',(13.,13.,16.));
#2661=CARTESIAN_POINT('',(13.,13.,16.));
#2662=CARTESIAN_POINT('Origin',(11.5,13.,16.));
#2663=CARTESIAN_POINT('Origin',(11.5,13.,16.));
#2664=CARTESIAN_POINT('',(13.5,13.,16.));
#2665=CARTESIAN_POINT('',(13.5,13.,16.));
#2666=CARTESIAN_POINT('Origin',(11.5,13.,16.));
#2667=CARTESIAN_POINT('Origin',(11.5,13.,16.));
#2668=CARTESIAN_POINT('Origin',(11.5,13.,10.));
#2669=CARTESIAN_POINT('',(0.,0.,0.));
#2670=CARTESIAN_POINT('Origin',(11.5,-10.,12.5));
#2671=CARTESIAN_POINT('',(13.25,-10.,12.5));
#2672=CARTESIAN_POINT('Origin',(11.5,-10.,12.5));
#2673=CARTESIAN_POINT('',(13.25,-10.,10.));
#2674=CARTESIAN_POINT('',(13.25,-10.,12.5));
#2675=CARTESIAN_POINT('Origin',(11.5,-10.,10.));
#2676=CARTESIAN_POINT('Origin',(11.5,-10.,12.5));
#2677=CARTESIAN_POINT('',(13.5,-10.,12.5));
#2678=CARTESIAN_POINT('Origin',(11.5,-10.,12.5));
#2679=CARTESIAN_POINT('Origin',(11.5,-10.,14.5));
#2680=CARTESIAN_POINT('',(13.25,-10.,14.5));
#2681=CARTESIAN_POINT('Origin',(11.5,-10.,14.5));
#2682=CARTESIAN_POINT('',(13.25,-10.,13.5));
#2683=CARTESIAN_POINT('',(13.25,-10.,14.5));
#2684=CARTESIAN_POINT('Origin',(11.5,-10.,13.5));
#2685=CARTESIAN_POINT('Origin',(11.5,-10.,14.5));
#2686=CARTESIAN_POINT('',(13.5,-10.,14.5));
#2687=CARTESIAN_POINT('Origin',(11.5,-10.,14.5));
#2688=CARTESIAN_POINT('Origin',(11.5,-10.,13.5));
#2689=CARTESIAN_POINT('',(13.5,-10.,13.5));
#2690=CARTESIAN_POINT('Origin',(11.5,-10.,13.5));
#2691=CARTESIAN_POINT('Origin',(11.5,-10.,16.));
#2692=CARTESIAN_POINT('',(13.5,-10.,16.));
#2693=CARTESIAN_POINT('Origin',(11.5,-10.,16.));
#2694=CARTESIAN_POINT('',(13.,-10.,10.));
#2695=CARTESIAN_POINT('Origin',(11.5,-10.,10.));
#2696=CARTESIAN_POINT('',(13.,-10.,16.));
#2697=CARTESIAN_POINT('',(13.,-10.,16.));
#2698=CARTESIAN_POINT('Origin',(11.5,-10.,16.));
#2699=CARTESIAN_POINT('Origin',(11.5,-10.,16.));
#2700=CARTESIAN_POINT('',(13.5,-10.,16.));
#2701=CARTESIAN_POINT('',(13.5,-10.,16.));
#2702=CARTESIAN_POINT('Origin',(11.5,-10.,16.));
#2703=CARTESIAN_POINT('Origin',(11.5,-10.,16.));
#2704=CARTESIAN_POINT('Origin',(11.5,-10.,10.));
#2705=CARTESIAN_POINT('',(0.,0.,0.));
#2706=CARTESIAN_POINT('Origin',(-11.5,-10.,12.5));
#2707=CARTESIAN_POINT('',(-9.74999999999999,-10.,12.5));
#2708=CARTESIAN_POINT('Origin',(-11.5,-10.,12.5));
#2709=CARTESIAN_POINT('',(-9.74999999999999,-10.,10.));
#2710=CARTESIAN_POINT('',(-9.74999999999999,-10.,12.5));
#2711=CARTESIAN_POINT('Origin',(-11.5,-10.,10.));
#2712=CARTESIAN_POINT('Origin',(-11.5,-10.,12.5));
#2713=CARTESIAN_POINT('',(-9.49999999999999,-10.,12.5));
#2714=CARTESIAN_POINT('Origin',(-11.5,-10.,12.5));
#2715=CARTESIAN_POINT('Origin',(-11.5,-10.,14.5));
#2716=CARTESIAN_POINT('',(-9.74999999999999,-10.,14.5));
#2717=CARTESIAN_POINT('Origin',(-11.5,-10.,14.5));
#2718=CARTESIAN_POINT('',(-9.74999999999999,-10.,13.5));
#2719=CARTESIAN_POINT('',(-9.74999999999999,-10.,14.5));
#2720=CARTESIAN_POINT('Origin',(-11.5,-10.,13.5));
#2721=CARTESIAN_POINT('Origin',(-11.5,-10.,14.5));
#2722=CARTESIAN_POINT('',(-9.49999999999999,-10.,14.5));
#2723=CARTESIAN_POINT('Origin',(-11.5,-10.,14.5));
#2724=CARTESIAN_POINT('Origin',(-11.5,-10.,13.5));
#2725=CARTESIAN_POINT('',(-9.49999999999999,-10.,13.5));
#2726=CARTESIAN_POINT('Origin',(-11.5,-10.,13.5));
#2727=CARTESIAN_POINT('Origin',(-11.5,-10.,16.));
#2728=CARTESIAN_POINT('',(-9.49999999999999,-10.,16.));
#2729=CARTESIAN_POINT('Origin',(-11.5,-10.,16.));
#2730=CARTESIAN_POINT('',(-10.,-10.,10.));
#2731=CARTESIAN_POINT('Origin',(-11.5,-10.,10.));
#2732=CARTESIAN_POINT('',(-10.,-10.,16.));
#2733=CARTESIAN_POINT('',(-10.,-10.,16.));
#2734=CARTESIAN_POINT('Origin',(-11.5,-10.,16.));
#2735=CARTESIAN_POINT('Origin',(-11.5,-10.,16.));
#2736=CARTESIAN_POINT('',(-9.49999999999999,-10.,16.));
#2737=CARTESIAN_POINT('',(-9.49999999999999,-10.,16.));
#2738=CARTESIAN_POINT('Origin',(-11.5,-10.,16.));
#2739=CARTESIAN_POINT('Origin',(-11.5,-10.,16.));
#2740=CARTESIAN_POINT('Origin',(-11.5,-10.,10.));
#2741=CARTESIAN_POINT('Origin',(-4.86204097632412,-9.6,16.));
#2742=CARTESIAN_POINT('',(-4.86204097632412,-12.6,14.6));
#2743=CARTESIAN_POINT('',(-7.85660895692978,-9.78045112781956,14.6));
#2744=CARTESIAN_POINT('Origin',(-4.86204097632412,-9.6,14.6));
#2745=CARTESIAN_POINT('',(-4.86204097632412,-12.6,5.));
#2746=CARTESIAN_POINT('',(-4.86204097632412,-12.6,16.));
#2747=CARTESIAN_POINT('',(-7.85660895692978,-9.78045112781956,5.));
#2748=CARTESIAN_POINT('Origin',(-4.86204097632412,-9.6,5.));
#2749=CARTESIAN_POINT('',(-7.85660895692978,-9.78045112781956,16.));
#2750=CARTESIAN_POINT('Origin',(-15.5,-12.6,0.));
#2751=CARTESIAN_POINT('',(-12.9,-12.6,5.));
#2752=CARTESIAN_POINT('',(-13.5,-12.6,5.));
#2753=CARTESIAN_POINT('',(4.86204097632412,-12.6,14.6));
#2754=CARTESIAN_POINT('',(-7.74999999999999,-12.6,14.6));
#2755=CARTESIAN_POINT('',(4.86204097632413,-12.6,5.));
#2756=CARTESIAN_POINT('',(4.86204097632413,-12.6,16.));
#2757=CARTESIAN_POINT('',(12.9,-12.6,5.));
#2758=CARTESIAN_POINT('',(-13.5,-12.6,5.));
#2759=CARTESIAN_POINT('',(12.9,-12.6,5.55111512312578E-16));
#2760=CARTESIAN_POINT('',(12.9,-12.6,0.));
#2761=CARTESIAN_POINT('',(-12.9,-12.6,5.55111512312578E-16));
#2762=CARTESIAN_POINT('',(-7.74999999999999,-12.6,5.55111512312578E-16));
#2763=CARTESIAN_POINT('',(-12.9,-12.6,0.));
#2764=CARTESIAN_POINT('Origin',(-11.1,-3.36204097632413,16.));
#2765=CARTESIAN_POINT('',(-11.2804511278195,-6.35660895692979,14.6));
#2766=CARTESIAN_POINT('',(-14.1,-3.36204097632413,14.6));
#2767=CARTESIAN_POINT('Origin',(-11.1,-3.36204097632413,14.6));
#2768=CARTESIAN_POINT('',(-11.2804511278195,-6.35660895692979,5.));
#2769=CARTESIAN_POINT('',(-11.2804511278195,-6.35660895692979,16.));
#2770=CARTESIAN_POINT('',(-14.1,-3.36204097632413,5.));
#2771=CARTESIAN_POINT('Origin',(-11.1,-3.36204097632413,5.));
#2772=CARTESIAN_POINT('',(-14.1,-3.36204097632413,16.));
#2773=CARTESIAN_POINT('Origin',(4.44089209850063E-15,1.5,14.6));
#2774=CARTESIAN_POINT('Origin',(-11.5,-10.,14.6));
#2775=CARTESIAN_POINT('',(-14.1,6.36204097632412,14.6));
#2776=CARTESIAN_POINT('',(-14.1,9.24999999999999,14.6));
#2777=CARTESIAN_POINT('',(-11.2804511278195,9.35660895692978,14.6));
#2778=CARTESIAN_POINT('Origin',(-11.1,6.36204097632412,14.6));
#2779=CARTESIAN_POINT('',(-7.85660895692978,12.7804511278195,14.6));
#2780=CARTESIAN_POINT('Origin',(-11.5,13.,14.6));
#2781=CARTESIAN_POINT('',(-4.86204097632412,15.6,14.6));
#2782=CARTESIAN_POINT('Origin',(-4.86204097632412,12.6,14.6));
#2783=CARTESIAN_POINT('',(4.86204097632411,15.6,14.6));
#2784=CARTESIAN_POINT('',(7.74999999999999,15.6,14.6));
#2785=CARTESIAN_POINT('',(7.85660895692977,12.7804511278195,14.6));
#2786=CARTESIAN_POINT('Origin',(4.86204097632411,12.6,14.6));
#2787=CARTESIAN_POINT('',(11.2804511278195,9.35660895692978,14.6));
#2788=CARTESIAN_POINT('Origin',(11.5,13.,14.6));
#2789=CARTESIAN_POINT('',(14.1,6.36204097632412,14.6));
#2790=CARTESIAN_POINT('Origin',(11.1,6.36204097632412,14.6));
#2791=CARTESIAN_POINT('',(14.1,-3.36204097632412,14.6));
#2792=CARTESIAN_POINT('',(14.1,-6.25,14.6));
#2793=CARTESIAN_POINT('',(11.2804511278195,-6.35660895692978,14.6));
#2794=CARTESIAN_POINT('Origin',(11.1,-3.36204097632413,14.6));
#2795=CARTESIAN_POINT('',(7.85660895692978,-9.78045112781955,14.6));
#2796=CARTESIAN_POINT('Origin',(11.5,-10.,14.6));
#2797=CARTESIAN_POINT('Origin',(4.86204097632412,-9.6,14.6));
#2798=CARTESIAN_POINT('Origin',(-14.1,17.,0.));
#2799=CARTESIAN_POINT('',(-14.1,-11.4,5.));
#2800=CARTESIAN_POINT('',(-14.1,15.,5.));
#2801=CARTESIAN_POINT('',(-14.1,-11.4,5.55111512312578E-16));
#2802=CARTESIAN_POINT('',(-14.1,-11.4,0.));
#2803=CARTESIAN_POINT('',(-14.1,14.4,5.55111512312578E-16));
#2804=CARTESIAN_POINT('',(-14.1,9.24999999999999,5.55111512312578E-16));
#2805=CARTESIAN_POINT('',(-14.1,14.4,5.));
#2806=CARTESIAN_POINT('',(-14.1,14.4,0.));
#2807=CARTESIAN_POINT('',(-14.1,6.36204097632412,5.));
#2808=CARTESIAN_POINT('',(-14.1,15.,5.));
#2809=CARTESIAN_POINT('',(-14.1,6.36204097632412,16.));
#2810=CARTESIAN_POINT('Origin',(-11.1,6.36204097632412,16.));
#2811=CARTESIAN_POINT('',(-11.2804511278195,9.35660895692978,5.));
#2812=CARTESIAN_POINT('Origin',(-11.1,6.36204097632412,5.));
#2813=CARTESIAN_POINT('',(-11.2804511278195,9.35660895692978,16.));
#2814=CARTESIAN_POINT('Origin',(-4.86204097632412,12.6,16.));
#2815=CARTESIAN_POINT('',(-7.85660895692978,12.7804511278195,5.));
#2816=CARTESIAN_POINT('',(-7.85660895692978,12.7804511278195,16.));
#2817=CARTESIAN_POINT('',(-4.86204097632412,15.6,5.));
#2818=CARTESIAN_POINT('Origin',(-4.86204097632412,12.6,5.));
#2819=CARTESIAN_POINT('',(-4.86204097632412,15.6,16.));
#2820=CARTESIAN_POINT('Origin',(15.5,15.6,0.));
#2821=CARTESIAN_POINT('',(-12.9,15.6,5.));
#2822=CARTESIAN_POINT('',(1.99999999999999,15.6,5.));
#2823=CARTESIAN_POINT('',(-12.9,15.6,5.55111512312578E-16));
#2824=CARTESIAN_POINT('',(-12.9,15.6,0.));
#2825=CARTESIAN_POINT('',(12.9,15.6,5.55111512312578E-16));
#2826=CARTESIAN_POINT('',(7.74999999999999,15.6,5.55111512312578E-16));
#2827=CARTESIAN_POINT('',(12.9,15.6,5.));
#2828=CARTESIAN_POINT('',(12.9,15.6,0.));
#2829=CARTESIAN_POINT('',(4.86204097632411,15.6,5.));
#2830=CARTESIAN_POINT('',(1.99999999999999,15.6,5.));
#2831=CARTESIAN_POINT('',(4.86204097632411,15.6,16.));
#2832=CARTESIAN_POINT('Origin',(4.86204097632411,12.6,16.));
#2833=CARTESIAN_POINT('',(7.85660895692977,12.7804511278195,5.));
#2834=CARTESIAN_POINT('Origin',(4.86204097632411,12.6,5.));
#2835=CARTESIAN_POINT('',(7.85660895692977,12.7804511278195,16.));
#2836=CARTESIAN_POINT('Origin',(11.1,6.36204097632412,16.));
#2837=CARTESIAN_POINT('',(11.2804511278195,9.35660895692978,5.));
#2838=CARTESIAN_POINT('',(11.2804511278195,9.35660895692978,16.));
#2839=CARTESIAN_POINT('',(14.1,6.36204097632412,5.));
#2840=CARTESIAN_POINT('Origin',(11.1,6.36204097632412,5.));
#2841=CARTESIAN_POINT('',(14.1,6.36204097632412,16.));
#2842=CARTESIAN_POINT('Origin',(14.1,-14.,0.));
#2843=CARTESIAN_POINT('',(14.1,14.4,5.));
#2844=CARTESIAN_POINT('',(14.1,-0.499999999999994,5.));
#2845=CARTESIAN_POINT('',(14.1,14.4,5.55111512312578E-16));
#2846=CARTESIAN_POINT('',(14.1,14.4,0.));
#2847=CARTESIAN_POINT('',(14.1,-11.4,5.55111512312578E-16));
#2848=CARTESIAN_POINT('',(14.1,-6.25,5.55111512312578E-16));
#2849=CARTESIAN_POINT('',(14.1,-11.4,5.));
#2850=CARTESIAN_POINT('',(14.1,-11.4,0.));
#2851=CARTESIAN_POINT('',(14.1,-3.36204097632412,5.));
#2852=CARTESIAN_POINT('',(14.1,-0.499999999999994,5.));
#2853=CARTESIAN_POINT('',(14.1,-3.36204097632412,16.));
#2854=CARTESIAN_POINT('Origin',(11.1,-3.36204097632413,16.));
#2855=CARTESIAN_POINT('',(11.2804511278195,-6.35660895692978,5.));
#2856=CARTESIAN_POINT('Origin',(11.1,-3.36204097632413,5.));
#2857=CARTESIAN_POINT('',(11.2804511278195,-6.35660895692978,16.));
#2858=CARTESIAN_POINT('Origin',(4.86204097632412,-9.6,16.));
#2859=CARTESIAN_POINT('',(7.85660895692978,-9.78045112781955,5.));
#2860=CARTESIAN_POINT('',(7.85660895692978,-9.78045112781955,16.));
#2861=CARTESIAN_POINT('Origin',(4.86204097632412,-9.6,5.));
#2862=CARTESIAN_POINT('Origin',(11.5,-10.,15.75));
#2863=CARTESIAN_POINT('',(13.6,-10.,16.));
#2864=CARTESIAN_POINT('Origin',(11.5,-10.,16.));
#2865=CARTESIAN_POINT('',(13.1,-10.,15.5));
#2866=CARTESIAN_POINT('',(13.35,-10.,15.75));
#2867=CARTESIAN_POINT('Origin',(11.5,-10.,15.5));
#2868=CARTESIAN_POINT('Origin',(4.44089209850063E-15,1.49999999999999,16.));
#2869=CARTESIAN_POINT('',(-14.5,-11.5,16.));
#2870=CARTESIAN_POINT('',(-14.5,14.5,16.));
#2871=CARTESIAN_POINT('',(-14.5,9.24999999999999,16.));
#2872=CARTESIAN_POINT('',(-13.,-13.,16.));
#2873=CARTESIAN_POINT('Origin',(-13.,-11.5,16.));
#2874=CARTESIAN_POINT('',(13.,-13.,16.));
#2875=CARTESIAN_POINT('',(-7.74999999999999,-13.,16.));
#2876=CARTESIAN_POINT('',(14.5,-11.5,16.));
#2877=CARTESIAN_POINT('Origin',(13.,-11.5,16.));
#2878=CARTESIAN_POINT('',(14.5,14.5,16.));
#2879=CARTESIAN_POINT('',(14.5,-6.25,16.));
#2880=CARTESIAN_POINT('',(13.,16.,16.));
#2881=CARTESIAN_POINT('Origin',(13.,14.5,16.));
#2882=CARTESIAN_POINT('',(-13.,16.,16.));
#2883=CARTESIAN_POINT('',(7.74999999999999,16.,16.));
#2884=CARTESIAN_POINT('Origin',(-13.,14.5,16.));
#2885=CARTESIAN_POINT('',(13.6,13.,16.));
#2886=CARTESIAN_POINT('Origin',(11.5,13.,16.));
#2887=CARTESIAN_POINT('',(-9.39999999999999,-10.,16.));
#2888=CARTESIAN_POINT('Origin',(-11.5,-10.,16.));
#2889=CARTESIAN_POINT('',(-9.4,13.,16.));
#2890=CARTESIAN_POINT('Origin',(-11.5,13.,16.));
#2891=CARTESIAN_POINT('Origin',(11.5,-10.,16.));
#2892=CARTESIAN_POINT('',(13.1,-10.,10.));
#2893=CARTESIAN_POINT('',(13.1,-10.,16.));
#2894=CARTESIAN_POINT('Origin',(11.5,-10.,10.));
#2895=CARTESIAN_POINT('Origin',(11.5,13.,15.75));
#2896=CARTESIAN_POINT('',(13.1,13.,15.5));
#2897=CARTESIAN_POINT('',(13.35,13.,15.75));
#2898=CARTESIAN_POINT('Origin',(11.5,13.,15.5));
#2899=CARTESIAN_POINT('Origin',(11.5,13.,16.));
#2900=CARTESIAN_POINT('',(13.1,13.,10.));
#2901=CARTESIAN_POINT('',(13.1,13.,16.));
#2902=CARTESIAN_POINT('Origin',(11.5,13.,10.));
#2903=CARTESIAN_POINT('Origin',(-11.5,13.,15.75));
#2904=CARTESIAN_POINT('',(-9.9,13.,15.5));
#2905=CARTESIAN_POINT('',(-9.65,13.,15.75));
#2906=CARTESIAN_POINT('Origin',(-11.5,13.,15.5));
#2907=CARTESIAN_POINT('Origin',(-11.5,13.,16.));
#2908=CARTESIAN_POINT('',(-9.9,13.,10.));
#2909=CARTESIAN_POINT('',(-9.9,13.,16.));
#2910=CARTESIAN_POINT('Origin',(-11.5,13.,10.));
#2911=CARTESIAN_POINT('Origin',(-11.5,-10.,15.75));
#2912=CARTESIAN_POINT('',(-9.89999999999999,-10.,15.5));
#2913=CARTESIAN_POINT('',(-9.65,-10.,15.75));
#2914=CARTESIAN_POINT('Origin',(-11.5,-10.,15.5));
#2915=CARTESIAN_POINT('Origin',(-11.5,-10.,16.));
#2916=CARTESIAN_POINT('',(-9.89999999999999,-10.,10.));
#2917=CARTESIAN_POINT('',(-9.89999999999999,-10.,16.));
#2918=CARTESIAN_POINT('Origin',(-11.5,-10.,10.));
#2919=CARTESIAN_POINT('Origin',(11.5,-10.,10.));
#2920=CARTESIAN_POINT('',(12.75,-10.,10.));
#2921=CARTESIAN_POINT('Origin',(11.5,-10.,10.));
#2922=CARTESIAN_POINT('',(12.75,-10.,7.));
#2923=CARTESIAN_POINT('',(12.75,-10.,10.));
#2924=CARTESIAN_POINT('Origin',(11.5,-10.,7.));
#2925=CARTESIAN_POINT('Origin',(11.5,-10.,7.));
#2926=CARTESIAN_POINT('Origin',(11.5,13.,10.));
#2927=CARTESIAN_POINT('',(12.75,13.,10.));
#2928=CARTESIAN_POINT('Origin',(11.5,13.,10.));
#2929=CARTESIAN_POINT('',(12.75,13.,7.));
#2930=CARTESIAN_POINT('',(12.75,13.,10.));
#2931=CARTESIAN_POINT('Origin',(11.5,13.,7.));
#2932=CARTESIAN_POINT('Origin',(11.5,13.,7.));
#2933=CARTESIAN_POINT('Origin',(-11.5,-10.,10.));
#2934=CARTESIAN_POINT('',(-10.25,-10.,10.));
#2935=CARTESIAN_POINT('Origin',(-11.5,-10.,10.));
#2936=CARTESIAN_POINT('',(-10.25,-10.,7.));
#2937=CARTESIAN_POINT('',(-10.25,-10.,10.));
#2938=CARTESIAN_POINT('Origin',(-11.5,-10.,7.));
#2939=CARTESIAN_POINT('Origin',(-11.5,-10.,7.));
#2940=CARTESIAN_POINT('Origin',(-11.5,13.,10.));
#2941=CARTESIAN_POINT('',(-10.25,13.,10.));
#2942=CARTESIAN_POINT('Origin',(-11.5,13.,10.));
#2943=CARTESIAN_POINT('',(-10.25,13.,7.));
#2944=CARTESIAN_POINT('',(-10.25,13.,10.));
#2945=CARTESIAN_POINT('Origin',(-11.5,13.,7.));
#2946=CARTESIAN_POINT('Origin',(-11.5,13.,7.));
#2947=CARTESIAN_POINT('Origin',(13.,-13.5,5.55111512312578E-16));
#2948=CARTESIAN_POINT('',(13.,-13.5,5.55111512312578E-16));
#2949=CARTESIAN_POINT('',(-13.,-13.5,5.55111512312578E-16));
#2950=CARTESIAN_POINT('',(6.50000000000001,-13.5,5.55111512312578E-16));
#2951=CARTESIAN_POINT('',(13.,-13.5,1.5));
#2952=CARTESIAN_POINT('',(13.,-13.5,5.55111512312578E-16));
#2953=CARTESIAN_POINT('',(-13.,-13.5,1.5));
#2954=CARTESIAN_POINT('',(13.,-13.5,1.5));
#2955=CARTESIAN_POINT('',(-13.,-13.5,5.55111512312578E-16));
#2956=CARTESIAN_POINT('Origin',(13.,-11.5,5.55111512312578E-16));
#2957=CARTESIAN_POINT('',(15.,-11.5,5.55111512312578E-16));
#2958=CARTESIAN_POINT('Origin',(13.,-11.5,5.55111512312578E-16));
#2959=CARTESIAN_POINT('',(15.,-11.5,1.5));
#2960=CARTESIAN_POINT('',(15.,-11.5,5.55111512312578E-16));
#2961=CARTESIAN_POINT('Origin',(13.,-11.5,1.5));
#2962=CARTESIAN_POINT('Origin',(15.,14.5,5.55111512312578E-16));
#2963=CARTESIAN_POINT('',(15.,14.5,5.55111512312578E-16));
#2964=CARTESIAN_POINT('',(15.,8.,5.55111512312578E-16));
#2965=CARTESIAN_POINT('',(15.,14.5,1.5));
#2966=CARTESIAN_POINT('',(15.,14.5,5.55111512312578E-16));
#2967=CARTESIAN_POINT('',(15.,14.5,1.5));
#2968=CARTESIAN_POINT('Origin',(13.,14.5,5.55111512312578E-16));
#2969=CARTESIAN_POINT('',(13.,16.5,5.55111512312578E-16));
#2970=CARTESIAN_POINT('Origin',(13.,14.5,5.55111512312578E-16));
#2971=CARTESIAN_POINT('',(13.,16.5,1.5));
#2972=CARTESIAN_POINT('',(13.,16.5,5.55111512312578E-16));
#2973=CARTESIAN_POINT('Origin',(13.,14.5,1.5));
#2974=CARTESIAN_POINT('Origin',(-13.,16.5,5.55111512312578E-16));
#2975=CARTESIAN_POINT('',(-13.,16.5,5.55111512312578E-16));
#2976=CARTESIAN_POINT('',(-6.49999999999999,16.5,5.55111512312578E-16));
#2977=CARTESIAN_POINT('',(-13.,16.5,1.5));
#2978=CARTESIAN_POINT('',(-13.,16.5,5.55111512312578E-16));
#2979=CARTESIAN_POINT('',(-13.,16.5,1.5));
#2980=CARTESIAN_POINT('Origin',(-13.,14.5,5.55111512312578E-16));
#2981=CARTESIAN_POINT('',(-15.,14.5,5.55111512312578E-16));
#2982=CARTESIAN_POINT('Origin',(-13.,14.5,5.55111512312578E-16));
#2983=CARTESIAN_POINT('',(-15.,14.5,1.5));
#2984=CARTESIAN_POINT('',(-15.,14.5,5.55111512312578E-16));
#2985=CARTESIAN_POINT('Origin',(-13.,14.5,1.5));
#2986=CARTESIAN_POINT('Origin',(-15.,-11.5,5.55111512312578E-16));
#2987=CARTESIAN_POINT('',(-15.,-11.5,5.55111512312578E-16));
#2988=CARTESIAN_POINT('',(-15.,-5.00000000000001,5.55111512312578E-16));
#2989=CARTESIAN_POINT('',(-15.,-11.5,1.5));
#2990=CARTESIAN_POINT('',(-15.,-11.5,5.55111512312578E-16));
#2991=CARTESIAN_POINT('',(-15.,-11.5,1.5));
#2992=CARTESIAN_POINT('Origin',(-13.,-11.5,5.55111512312578E-16));
#2993=CARTESIAN_POINT('Origin',(-13.,-11.5,5.55111512312578E-16));
#2994=CARTESIAN_POINT('Origin',(-13.,-11.5,1.5));
#2995=CARTESIAN_POINT('Origin',(2.22044604925031E-15,1.49999999999999,1.5));
#2996=CARTESIAN_POINT('',(15.5,-11.5,1.5));
#2997=CARTESIAN_POINT('',(15.5,14.5,1.5));
#2998=CARTESIAN_POINT('',(15.5,-6.25,1.5));
#2999=CARTESIAN_POINT('',(13.,-14.,1.5));
#3000=CARTESIAN_POINT('Origin',(13.,-11.5,1.5));
#3001=CARTESIAN_POINT('',(-13.,-14.,1.5));
#3002=CARTESIAN_POINT('',(-7.74999999999999,-14.,1.5));
#3003=CARTESIAN_POINT('',(-15.5,-11.5,1.5));
#3004=CARTESIAN_POINT('Origin',(-13.,-11.5,1.5));
#3005=CARTESIAN_POINT('',(-15.5,14.5,1.5));
#3006=CARTESIAN_POINT('',(-15.5,9.24999999999999,1.5));
#3007=CARTESIAN_POINT('',(-13.,17.,1.5));
#3008=CARTESIAN_POINT('Origin',(-13.,14.5,1.5));
#3009=CARTESIAN_POINT('',(13.,17.,1.5));
#3010=CARTESIAN_POINT('',(7.74999999999999,17.,1.5));
#3011=CARTESIAN_POINT('Origin',(13.,14.5,1.5));
#3012=CARTESIAN_POINT('Origin',(-15.5,17.,0.));
#3013=CARTESIAN_POINT('',(-15.5,-11.5,15.));
#3014=CARTESIAN_POINT('',(-15.5,-11.5,0.));
#3015=CARTESIAN_POINT('',(-15.5,14.5,15.));
#3016=CARTESIAN_POINT('',(-15.5,9.24999999999999,15.));
#3017=CARTESIAN_POINT('',(-15.5,14.5,0.));
#3018=CARTESIAN_POINT('Origin',(-13.,-11.5,0.));
#3019=CARTESIAN_POINT('',(-13.,-14.,15.));
#3020=CARTESIAN_POINT('',(-13.,-14.,0.));
#3021=CARTESIAN_POINT('Origin',(-13.,-11.5,15.));
#3022=CARTESIAN_POINT('Origin',(-15.5,-14.,0.));
#3023=CARTESIAN_POINT('',(13.,-14.,15.));
#3024=CARTESIAN_POINT('',(13.,-14.,0.));
#3025=CARTESIAN_POINT('',(-7.74999999999999,-14.,15.));
#3026=CARTESIAN_POINT('Origin',(13.,-11.5,0.));
#3027=CARTESIAN_POINT('',(15.5,-11.5,15.));
#3028=CARTESIAN_POINT('',(15.5,-11.5,0.));
#3029=CARTESIAN_POINT('Origin',(13.,-11.5,15.));
#3030=CARTESIAN_POINT('Origin',(-12.9,-11.4,0.));
#3031=CARTESIAN_POINT('Origin',(-12.9,-11.4,5.));
#3032=CARTESIAN_POINT('Origin',(-12.9,-11.4,5.55111512312578E-16));
#3033=CARTESIAN_POINT('Origin',(-12.9,14.4,0.));
#3034=CARTESIAN_POINT('Origin',(-12.9,14.4,5.));
#3035=CARTESIAN_POINT('Origin',(-12.9,14.4,5.55111512312578E-16));
#3036=CARTESIAN_POINT('Origin',(-11.5,13.,5.));
#3037=CARTESIAN_POINT('Origin',(-11.5,13.,5.));
#3038=CARTESIAN_POINT('Origin',(12.9,14.4,0.));
#3039=CARTESIAN_POINT('Origin',(12.9,14.4,5.));
#3040=CARTESIAN_POINT('Origin',(12.9,14.4,5.55111512312578E-16));
#3041=CARTESIAN_POINT('Origin',(-11.5,13.,5.));
#3042=CARTESIAN_POINT('Origin',(11.5,13.,5.));
#3043=CARTESIAN_POINT('Origin',(12.9,-11.4,0.));
#3044=CARTESIAN_POINT('Origin',(12.9,-11.4,5.));
#3045=CARTESIAN_POINT('Origin',(12.9,-11.4,5.55111512312578E-16));
#3046=CARTESIAN_POINT('Origin',(-11.5,13.,5.));
#3047=CARTESIAN_POINT('Origin',(11.5,-10.,5.));
#3048=CARTESIAN_POINT('Origin',(5.55111512312578E-15,1.5,5.55111512312578E-16));
#3049=CARTESIAN_POINT('Origin',(-15.,9.24999999999999,15.5));
#3050=CARTESIAN_POINT('',(-15.5,-11.5,15.));
#3051=CARTESIAN_POINT('',(-14.5,14.5,16.));
#3052=CARTESIAN_POINT('Origin',(-13.,-11.5,15.5));
#3053=CARTESIAN_POINT('',(-13.,-14.,15.));
#3054=CARTESIAN_POINT('Origin',(-7.74999999999999,-13.5,15.5));
#3055=CARTESIAN_POINT('',(13.,-14.,15.));
#3056=CARTESIAN_POINT('Origin',(13.,-11.5,15.5));
#3057=CARTESIAN_POINT('',(15.5,-11.5,15.));
#3058=CARTESIAN_POINT('Origin',(15.,-6.25,15.5));
#3059=CARTESIAN_POINT('',(15.5,14.5,15.));
#3060=CARTESIAN_POINT('',(15.5,14.5,15.));
#3061=CARTESIAN_POINT('',(15.5,-6.25,15.));
#3062=CARTESIAN_POINT('Origin',(13.,14.5,15.5));
#3063=CARTESIAN_POINT('',(13.,17.,15.));
#3064=CARTESIAN_POINT('Origin',(13.,14.5,15.));
#3065=CARTESIAN_POINT('',(13.,17.,15.));
#3066=CARTESIAN_POINT('Origin',(7.74999999999999,16.5,15.5));
#3067=CARTESIAN_POINT('',(-13.,17.,15.));
#3068=CARTESIAN_POINT('',(-13.,17.,15.));
#3069=CARTESIAN_POINT('',(7.74999999999999,17.,15.));
#3070=CARTESIAN_POINT('Origin',(-13.,14.5,15.5));
#3071=CARTESIAN_POINT('Origin',(-13.,14.5,15.));
#3072=CARTESIAN_POINT('Origin',(-11.5,13.,10.));
#3073=CARTESIAN_POINT('Origin',(-11.5,-10.,10.));
#3074=CARTESIAN_POINT('Origin',(11.5,13.,10.));
#3075=CARTESIAN_POINT('Origin',(11.5,-10.,10.));
#3076=CARTESIAN_POINT('Origin',(-11.5,13.,16.));
#3077=CARTESIAN_POINT('Origin',(-11.5,13.,5.));
#3078=CARTESIAN_POINT('Origin',(-11.5,-10.,5.));
#3079=CARTESIAN_POINT('Origin',(-11.5,-10.,16.));
#3080=CARTESIAN_POINT('Origin',(11.5,-10.,16.));
#3081=CARTESIAN_POINT('Origin',(11.5,13.,16.));
#3082=CARTESIAN_POINT('Origin',(13.,14.5,0.));
#3083=CARTESIAN_POINT('',(13.,17.,0.));
#3084=CARTESIAN_POINT('',(15.5,14.5,0.));
#3085=CARTESIAN_POINT('Origin',(15.5,-14.,0.));
#3086=CARTESIAN_POINT('Origin',(-13.,14.5,0.));
#3087=CARTESIAN_POINT('',(-13.,17.,0.));
#3088=CARTESIAN_POINT('Origin',(15.5,17.,0.));
#3089=CARTESIAN_POINT('',(0.,0.,0.));
#3090=CARTESIAN_POINT('',(0.,0.,0.));
#3091=CARTESIAN_POINT('',(0.,0.,0.));
#3092=CARTESIAN_POINT('',(0.,0.,0.));
#3093=UNCERTAINTY_MEASURE_WITH_UNIT(LENGTH_MEASURE(0.01),#3105,
'DISTANCE_ACCURACY_VALUE',
'Maximum model space distance between geometric entities at asserted c
onnectivities');
#3094=UNCERTAINTY_MEASURE_WITH_UNIT(LENGTH_MEASURE(0.01),#3105,
'DISTANCE_ACCURACY_VALUE',
'Maximum model space distance between geometric entities at asserted c
onnectivities');
#3095=UNCERTAINTY_MEASURE_WITH_UNIT(LENGTH_MEASURE(0.01),#3105,
'DISTANCE_ACCURACY_VALUE',
'Maximum model space distance between geometric entities at asserted c
onnectivities');
#3096=UNCERTAINTY_MEASURE_WITH_UNIT(LENGTH_MEASURE(0.01),#3105,
'DISTANCE_ACCURACY_VALUE',
'Maximum model space distance between geometric entities at asserted c
onnectivities');
#3097=UNCERTAINTY_MEASURE_WITH_UNIT(LENGTH_MEASURE(0.01),#3105,
'DISTANCE_ACCURACY_VALUE',
'Maximum model space distance between geometric entities at asserted c
onnectivities');
#3098=UNCERTAINTY_MEASURE_WITH_UNIT(LENGTH_MEASURE(0.01),#3105,
'DISTANCE_ACCURACY_VALUE',
'Maximum model space distance between geometric entities at asserted c
onnectivities');
#3099=(
GEOMETRIC_REPRESENTATION_CONTEXT(3)
GLOBAL_UNCERTAINTY_ASSIGNED_CONTEXT((#3093))
GLOBAL_UNIT_ASSIGNED_CONTEXT((#3105,#3107,#3108))
REPRESENTATION_CONTEXT('','3D')
);
#3100=(
GEOMETRIC_REPRESENTATION_CONTEXT(3)
GLOBAL_UNCERTAINTY_ASSIGNED_CONTEXT((#3094))
GLOBAL_UNIT_ASSIGNED_CONTEXT((#3105,#3107,#3108))
REPRESENTATION_CONTEXT('','3D')
);
#3101=(
GEOMETRIC_REPRESENTATION_CONTEXT(3)
GLOBAL_UNCERTAINTY_ASSIGNED_CONTEXT((#3095))
GLOBAL_UNIT_ASSIGNED_CONTEXT((#3105,#3107,#3108))
REPRESENTATION_CONTEXT('','3D')
);
#3102=(
GEOMETRIC_REPRESENTATION_CONTEXT(3)
GLOBAL_UNCERTAINTY_ASSIGNED_CONTEXT((#3096))
GLOBAL_UNIT_ASSIGNED_CONTEXT((#3105,#3107,#3108))
REPRESENTATION_CONTEXT('','3D')
);
#3103=(
GEOMETRIC_REPRESENTATION_CONTEXT(3)
GLOBAL_UNCERTAINTY_ASSIGNED_CONTEXT((#3097))
GLOBAL_UNIT_ASSIGNED_CONTEXT((#3105,#3107,#3108))
REPRESENTATION_CONTEXT('','3D')
);
#3104=(
GEOMETRIC_REPRESENTATION_CONTEXT(3)
GLOBAL_UNCERTAINTY_ASSIGNED_CONTEXT((#3098))
GLOBAL_UNIT_ASSIGNED_CONTEXT((#3105,#3107,#3108))
REPRESENTATION_CONTEXT('','3D')
);
#3105=(
LENGTH_UNIT()
NAMED_UNIT(*)
SI_UNIT(.MILLI.,.METRE.)
);
#3106=(
LENGTH_UNIT()
NAMED_UNIT(*)
SI_UNIT($,.METRE.)
);
#3107=(
NAMED_UNIT(*)
PLANE_ANGLE_UNIT()
SI_UNIT($,.RADIAN.)
);
#3108=(
NAMED_UNIT(*)
SI_UNIT($,.STERADIAN.)
SOLID_ANGLE_UNIT()
);
#3109=SHAPE_DEFINITION_REPRESENTATION(#3114,#3123);
#3110=SHAPE_DEFINITION_REPRESENTATION(#3115,#3124);
#3111=SHAPE_DEFINITION_REPRESENTATION(#3116,#3125);
#3112=SHAPE_DEFINITION_REPRESENTATION(#3117,#3126);
#3113=SHAPE_DEFINITION_REPRESENTATION(#3118,#3127);
#3114=PRODUCT_DEFINITION_SHAPE('',$,#3129);
#3115=PRODUCT_DEFINITION_SHAPE('',$,#3130);
#3116=PRODUCT_DEFINITION_SHAPE('',$,#3131);
#3117=PRODUCT_DEFINITION_SHAPE('',$,#3132);
#3118=PRODUCT_DEFINITION_SHAPE('',$,#3133);
#3119=PRODUCT_DEFINITION_SHAPE($,$,#23);
#3120=PRODUCT_DEFINITION_SHAPE($,$,#24);
#3121=PRODUCT_DEFINITION_SHAPE($,$,#25);
#3122=PRODUCT_DEFINITION_SHAPE($,$,#26);
#3123=SHAPE_REPRESENTATION('',(#1781,#2010,#2011,#2012,#2013),#3099);
#3124=SHAPE_REPRESENTATION('',(#1782),#3100);
#3125=SHAPE_REPRESENTATION('',(#1803),#3101);
#3126=SHAPE_REPRESENTATION('',(#1824),#3102);
#3127=SHAPE_REPRESENTATION('',(#1845),#3103);
#3128=PRODUCT_DEFINITION_CONTEXT('part definition',#3145,'design');
#3129=PRODUCT_DEFINITION('YC.JG.QX01334','EMFTXC_\X2\987676D6\X0\',#3134,
#3128);
#3130=PRODUCT_DEFINITION('M3_4.5_6','M3_4.5_6',#3135,#3128);
#3131=PRODUCT_DEFINITION('YC.JG.WJ01218','M3_4.5_6 (1)',#3136,#3128);
#3132=PRODUCT_DEFINITION('YC.JG.WJ01218_1','M3_4.5_6 (2)',#3137,#3128);
#3133=PRODUCT_DEFINITION('YC.JG.WJ01218_2','M3_4.5_6 (3)',#3138,#3128);
#3134=PRODUCT_DEFINITION_FORMATION('',$,#3147);
#3135=PRODUCT_DEFINITION_FORMATION('',$,#3148);
#3136=PRODUCT_DEFINITION_FORMATION('',$,#3149);
#3137=PRODUCT_DEFINITION_FORMATION('',$,#3150);
#3138=PRODUCT_DEFINITION_FORMATION('',$,#3151);
#3139=PRODUCT_RELATED_PRODUCT_CATEGORY('EMFTXC_\X2\987676D6\X0\',
'EMFTXC_\X2\987676D6\X0\',(#3147));
#3140=PRODUCT_RELATED_PRODUCT_CATEGORY('M3_4.5_6','M3_4.5_6',(#3148));
#3141=PRODUCT_RELATED_PRODUCT_CATEGORY('M3_4.5_6 (1)','M3_4.5_6 (1)',(#3149));
#3142=PRODUCT_RELATED_PRODUCT_CATEGORY('M3_4.5_6 (2)','M3_4.5_6 (2)',(#3150));
#3143=PRODUCT_RELATED_PRODUCT_CATEGORY('M3_4.5_6 (3)','M3_4.5_6 (3)',(#3151));
#3144=APPLICATION_PROTOCOL_DEFINITION('international standard',
'automotive_design',2009,#3145);
#3145=APPLICATION_CONTEXT(
'Core Data for Automotive Mechanical Design Process');
#3146=PRODUCT_CONTEXT('part definition',#3145,'mechanical');
#3147=PRODUCT('YC.JG.QX01334','EMFTXC_\X2\987676D6\X0\',$,(#3146));
#3148=PRODUCT('M3_4.5_6','M3_4.5_6',$,(#3146));
#3149=PRODUCT('YC.JG.WJ01218','M3_4.5_6 (1)',$,(#3146));
#3150=PRODUCT('YC.JG.WJ01218_1','M3_4.5_6 (2)',$,(#3146));
#3151=PRODUCT('YC.JG.WJ01218_2','M3_4.5_6 (3)',$,(#3146));
#3152=PRESENTATION_STYLE_ASSIGNMENT((#3154));
#3153=PRESENTATION_STYLE_ASSIGNMENT((#3155));
#3154=SURFACE_STYLE_USAGE(.BOTH.,#3156);
#3155=SURFACE_STYLE_USAGE(.BOTH.,#3157);
#3156=SURFACE_SIDE_STYLE('',(#3158));
#3157=SURFACE_SIDE_STYLE('',(#3159));
#3158=SURFACE_STYLE_FILL_AREA(#3160);
#3159=SURFACE_STYLE_FILL_AREA(#3161);
#3160=FILL_AREA_STYLE('\X2\58516599\X0\ - \X2\7C979762\X0\(\X2\70708272\X0\)',
(#3162));
#3161=FILL_AREA_STYLE('\X2\9EC494DC\X0\ - \X2\629B5149\X0\',(#3163));
#3162=FILL_AREA_STYLE_COLOUR('\X2\58516599\X0\ - \X2\7C979762\X0\(\X2\70708272\X0\)',
#3164);
#3163=FILL_AREA_STYLE_COLOUR('\X2\9EC494DC\X0\ - \X2\629B5149\X0\',#3165);
#3164=COLOUR_RGB('\X2\58516599\X0\ - \X2\7C979762\X0\(\X2\70708272\X0\)',
0.701960784313725,0.701960784313725,0.701960784313725);
#3165=COLOUR_RGB('\X2\9EC494DC\X0\ - \X2\629B5149\X0\',0.952941176470588,
0.796078431372549,0.486274509803922);
ENDSEC;
END-ISO-10303-21;
