ISO-10303-21;
HEADER;
FILE_DESCRIPTION (( 'STEP AP214' ),
    '1' );
FILE_NAME ('Pico-tracker-attachment.STEP',
    '2026-06-30T06:45:34',
    ( '' ),
    ( '' ),
    'SwSTEP 2.0',
    'SolidWorks 2024',
    '' );
FILE_SCHEMA (( 'AUTOMOTIVE_DESIGN' ));
ENDSEC;

DATA;
#1 = ORIENTED_EDGE ( 'NONE', *, *, #5215, .F. ) ;
#2 = EDGE_LOOP ( 'NONE', ( #1738, #808, #649, #1933 ) ) ;
#3 = LINE ( 'NONE', #5132, #208 ) ;
#4 = CYLINDRICAL_SURFACE ( 'NONE', #5564, 1.500000000000000000 ) ;
#5 = CIRCLE ( 'NONE', #3727, 1.500000000000000000 ) ;
#6 = DIRECTION ( 'NONE',  ( 0.000000000000000000, 0.000000000000000000, 1.000000000000000000 ) ) ;
#7 = EDGE_LOOP ( 'NONE', ( #803, #3754, #2268, #4857 ) ) ;
#8 = LINE ( 'NONE', #3449, #2299 ) ;
#9 = CARTESIAN_POINT ( 'NONE',  ( -11.50000000000000000, -7.750000000000000000, 28.00000000000000000 ) ) ;
#10 = DIRECTION ( 'NONE',  ( -0.7391304347826088694, 0.000000000000000000, 0.6735623210795504967 ) ) ;
#11 = EDGE_CURVE ( 'NONE', #5297, #2356, #2556, .T. ) ;
#12 = VERTEX_POINT ( 'NONE', #5576 ) ;
#13 = DIRECTION ( 'NONE',  ( 0.000000000000000000, 0.000000000000000000, -1.000000000000000000 ) ) ;
#14 = LINE ( 'NONE', #1834, #5100 ) ;
#15 = CARTESIAN_POINT ( 'NONE',  ( 9.000000000000001776, -18.50000000000000000, 9.000000000000000000 ) ) ;
#16 = CARTESIAN_POINT ( 'NONE',  ( -7.852348993288590151, -5.500000000000000000, 5.496644295302020033 ) ) ;
#17 = AXIS2_PLACEMENT_3D ( 'NONE', #4411, #2684, #130 ) ;
#18 = EDGE_CURVE ( 'NONE', #2713, #1909, #5180, .T. ) ;
#19 = VERTEX_POINT ( 'NONE', #1720 ) ;
#20 = ORIENTED_EDGE ( 'NONE', *, *, #18, .T. ) ;
#21 = CIRCLE ( 'NONE', #2471, 1.499999999999999556 ) ;
#22 = AXIS2_PLACEMENT_3D ( 'NONE', #4800, #4858, #5227 ) ;
#23 = PLANE ( 'NONE',  #35 ) ;
#24 = DIRECTION ( 'NONE',  ( 0.000000000000000000, 0.000000000000000000, -1.000000000000000000 ) ) ;
#25 = CARTESIAN_POINT ( 'NONE',  ( 3.500000000000000888, -20.20000000000000284, 15.49999999999998579 ) ) ;
#26 = VECTOR ( 'NONE', #2359, 1000.000000000000227 ) ;
#27 = CIRCLE ( 'NONE', #848, 5.000000000000000000 ) ;
#28 = CIRCLE ( 'NONE', #758, 3.249999999999999556 ) ;
#29 = ORIENTED_EDGE ( 'NONE', *, *, #2942, .F. ) ;
#30 = VERTEX_POINT ( 'NONE', #3856 ) ;
#31 = PLANE ( 'NONE',  #5006 ) ;
#32 = AXIS2_PLACEMENT_3D ( 'NONE', #3332, #749, #1467 ) ;
#33 = VECTOR ( 'NONE', #421, 1000.000000000000114 ) ;
#34 = DIRECTION ( 'NONE',  ( -8.587739980083199972E-17, -1.000000000000000000, 0.000000000000000000 ) ) ;
#35 = AXIS2_PLACEMENT_3D ( 'NONE', #4628, #2903, #1761 ) ;
#36 = ORIENTED_EDGE ( 'NONE', *, *, #256, .F. ) ;
#37 = DIRECTION ( 'NONE',  ( 0.000000000000000000, 1.000000000000000000, 0.000000000000000000 ) ) ;
#38 = VECTOR ( 'NONE', #2406, 1000.000000000000227 ) ;
#39 = VERTEX_POINT ( 'NONE', #5143 ) ;
#40 = VECTOR ( 'NONE', #3998, 999.9999999999998863 ) ;
#41 = CARTESIAN_POINT ( 'NONE',  ( 4.999999999999996447, 22.44994432064364887, 16.49999999999999289 ) ) ;
#42 = CIRCLE ( 'NONE', #3128, 0.5000000000000000000 ) ;
#43 = CIRCLE ( 'NONE', #1412, 22.49999999999999645 ) ;
#44 = FACE_OUTER_BOUND ( 'NONE', #1155, .T. ) ;
#45 = FACE_OUTER_BOUND ( 'NONE', #4572, .T. ) ;
#46 = VERTEX_POINT ( 'NONE', #441 ) ;
#47 = AXIS2_PLACEMENT_3D ( 'NONE', #1219, #5063, #4306 ) ;
#48 = DIRECTION ( 'NONE',  ( 1.000000000000000000, 0.000000000000000000, 0.000000000000000000 ) ) ;
#49 = DIRECTION ( 'NONE',  ( 1.849736814544524620E-16, 0.000000000000000000, -1.000000000000000000 ) ) ;
#50 = DIRECTION ( 'NONE',  ( 0.000000000000000000, -1.000000000000000000, 0.000000000000000000 ) ) ;
#51 = ADVANCED_FACE ( 'NONE', ( #4756 ), #818, .T. ) ;
#52 = DIRECTION ( 'NONE',  ( -1.000000000000000000, 0.000000000000000000, 0.000000000000000000 ) ) ;
#53 = DIRECTION ( 'NONE',  ( 0.000000000000000000, 0.000000000000000000, 1.000000000000000000 ) ) ;
#54 = EDGE_LOOP ( 'NONE', ( #3676, #4533 ) ) ;
#55 = ORIENTED_EDGE ( 'NONE', *, *, #4771, .F. ) ;
#56 = EDGE_CURVE ( 'NONE', #4906, #2502, #4100, .T. ) ;
#57 = DIRECTION ( 'NONE',  ( 0.000000000000000000, -0.7071067811865500152, -0.7071067811865450192 ) ) ;
#58 = CARTESIAN_POINT ( 'NONE',  ( 13.50000000000000000, 16.99999999999999645, 0.000000000000000000 ) ) ;
#59 = LINE ( 'NONE', #1792, #2946 ) ;
#60 = ORIENTED_EDGE ( 'NONE', *, *, #5215, .T. ) ;
#61 = EDGE_CURVE ( 'NONE', #331, #4121, #3793, .T. ) ;
#62 = ORIENTED_EDGE ( 'NONE', *, *, #4181, .F. ) ;
#63 = ORIENTED_EDGE ( 'NONE', *, *, #1524, .T. ) ;
#64 = DIRECTION ( 'NONE',  ( 0.000000000000000000, -0.000000000000000000, 1.000000000000000000 ) ) ;
#65 = CARTESIAN_POINT ( 'NONE',  ( 9.000000000000001776, 16.99999999999999645, 10.00000000000000000 ) ) ;
#66 = ADVANCED_FACE ( 'NONE', ( #3903 ), #4546, .T. ) ;
#67 = ORIENTED_EDGE ( 'NONE', *, *, #4517, .T. ) ;
#68 = PRODUCT_DEFINITION_SHAPE ( 'NONE', 'NONE',  #4242 ) ;
#69 = DIRECTION ( 'NONE',  ( 1.000000000000000000, 0.000000000000000000, 0.000000000000000000 ) ) ;
#70 = CARTESIAN_POINT ( 'NONE',  ( 9.000000000000001776, 18.50000000000000000, 9.000000000000000000 ) ) ;
#71 = DIRECTION ( 'NONE',  ( -0.000000000000000000, -0.000000000000000000, 1.000000000000000000 ) ) ;
#72 = CARTESIAN_POINT ( 'NONE',  ( 5.859999999999999432, -13.89999999999999858, 3.000000000000000000 ) ) ;
#73 = ORIENTED_EDGE ( 'NONE', *, *, #2167, .F. ) ;
#74 = DIRECTION ( 'NONE',  ( 1.000000000000000000, -7.885106708985490266E-17, 0.000000000000000000 ) ) ;
#75 = DIRECTION ( 'NONE',  ( 0.000000000000000000, -1.000000000000000000, 0.000000000000000000 ) ) ;
#76 = PLANE ( 'NONE',  #2812 ) ;
#77 = CYLINDRICAL_SURFACE ( 'NONE', #320, 5.000000000000000888 ) ;
#78 =( NAMED_UNIT ( * ) PLANE_ANGLE_UNIT ( ) SI_UNIT ( $, .RADIAN. ) );
#79 = ORIENTED_EDGE ( 'NONE', *, *, #685, .F. ) ;
#80 = ORIENTED_EDGE ( 'NONE', *, *, #1992, .T. ) ;
#81 = CARTESIAN_POINT ( 'NONE',  ( 11.50000000000000000, -4.250000000000000000, 5.000000000000000000 ) ) ;
#82 = CARTESIAN_POINT ( 'NONE',  ( -12.00000000000000000, 0.000000000000000000, 33.00000000000000000 ) ) ;
#83 = CARTESIAN_POINT ( 'NONE',  ( 13.50000000000000000, -5.500000000000000000, 0.000000000000000000 ) ) ;
#84 = ORIENTED_EDGE ( 'NONE', *, *, #3254, .T. ) ;
#85 = EDGE_CURVE ( 'NONE', #1540, #2958, #350, .T. ) ;
#86 = ADVANCED_FACE ( 'NONE', ( #3879 ), #3193, .F. ) ;
#87 = VERTEX_POINT ( 'NONE', #907 ) ;
#88 = DIRECTION ( 'NONE',  ( 0.000000000000000000, 1.000000000000000000, 0.000000000000000000 ) ) ;
#89 = FACE_OUTER_BOUND ( 'NONE', #2230, .T. ) ;
#90 = ORIENTED_EDGE ( 'NONE', *, *, #4384, .T. ) ;
#91 = EDGE_CURVE ( 'NONE', #4179, #3678, #415, .T. ) ;
#92 = DIRECTION ( 'NONE',  ( 0.000000000000000000, -1.000000000000000000, 0.000000000000000000 ) ) ;
#93 = CARTESIAN_POINT ( 'NONE',  ( 19.10000000000000142, 0.000000000000000000, 17.00000000000000000 ) ) ;
#94 = FACE_OUTER_BOUND ( 'NONE', #1801, .T. ) ;
#95 = AXIS2_PLACEMENT_3D ( 'NONE', #2513, #3366, #815 ) ;
#96 = CARTESIAN_POINT ( 'NONE',  ( 15.00000000000000000, 1.836970198721029589E-15, 16.50000000000001066 ) ) ;
#97 = CARTESIAN_POINT ( 'NONE',  ( 10.44943371368184515, 3.192782326564419293, 8.168507613485088470 ) ) ;
#98 = LINE ( 'NONE', #3110, #5468 ) ;
#99 = CARTESIAN_POINT ( 'NONE',  ( 7.021564347915039583, 1.449999999999999956, 0.000000000000000000 ) ) ;
#100 = DIRECTION ( 'NONE',  ( -0.000000000000000000, -0.000000000000000000, 1.000000000000000000 ) ) ;
#101 = CARTESIAN_POINT ( 'NONE',  ( 5.000000000000002665, -21.93741096848030026, 17.00000000000000000 ) ) ;
#102 = EDGE_LOOP ( 'NONE', ( #1972, #2008, #2632, #2595 ) ) ;
#103 = ORIENTED_EDGE ( 'NONE', *, *, #1645, .T. ) ;
#104 = DIRECTION ( 'NONE',  ( 8.673617379884039170E-17, 1.000000000000000000, 0.000000000000000000 ) ) ;
#105 = LINE ( 'NONE', #82, #2563 ) ;
#106 = DIRECTION ( 'NONE',  ( 0.000000000000000000, 0.000000000000000000, 1.000000000000000000 ) ) ;
#107 = ORIENTED_EDGE ( 'NONE', *, *, #790, .T. ) ;
#108 = AXIS2_PLACEMENT_3D ( 'NONE', #439, #3486, #4301 ) ;
#109 = ORIENTED_EDGE ( 'NONE', *, *, #5601, .T. ) ;
#110 = CARTESIAN_POINT ( 'NONE',  ( -10.50000000000000000, 16.99999999999999645, 9.000000000000000000 ) ) ;
#111 = AXIS2_PLACEMENT_3D ( 'NONE', #3814, #1655, #981 ) ;
#112 = CIRCLE ( 'NONE', #3656, 22.50000000000000355 ) ;
#113 = EDGE_CURVE ( 'NONE', #5530, #4186, #3431, .T. ) ;
#114 = CIRCLE ( 'NONE', #1659, 1.749999999999999778 ) ;
#115 = EDGE_CURVE ( 'NONE', #5346, #895, #5168, .T. ) ;
#116 = VERTEX_POINT ( 'NONE', #3368 ) ;
#117 = AXIS2_PLACEMENT_3D ( 'NONE', #4475, #4083, #192 ) ;
#118 = VECTOR ( 'NONE', #1191, 1000.000000000000000 ) ;
#119 = AXIS2_PLACEMENT_3D ( 'NONE', #81, #3580, #3967 ) ;
#120 = CARTESIAN_POINT ( 'NONE',  ( 3.500000000000000888, 21.19999999999998863, 25.00000000000000000 ) ) ;
#121 = CARTESIAN_POINT ( 'NONE',  ( 3.500000000000000888, -20.20000000000000284, -26.00195117308443216 ) ) ;
#122 = EDGE_CURVE ( 'NONE', #1284, #3181, #3201, .T. ) ;
#123 = CARTESIAN_POINT ( 'NONE',  ( 14.99999999999999645, 15.55988431833605290, 24.50000000000000000 ) ) ;
#124 = AXIS2_PLACEMENT_3D ( 'NONE', #4833, #1413, #3138 ) ;
#125 = EDGE_CURVE ( 'NONE', #5130, #1529, #753, .T. ) ;
#126 = CIRCLE ( 'NONE', #5019, 1.749999999999999778 ) ;
#127 = CIRCLE ( 'NONE', #1133, 1.499999999999999556 ) ;
#128 = CARTESIAN_POINT ( 'NONE',  ( 5.379767100068702845, 22.36209555555350192, 20.50235981223596937 ) ) ;
#129 = AXIS2_PLACEMENT_3D ( 'NONE', #5109, #5033, #2057 ) ;
#130 = DIRECTION ( 'NONE',  ( 1.000000000000000000, 0.000000000000000000, 0.000000000000000000 ) ) ;
#131 = AXIS2_PLACEMENT_3D ( 'NONE', #1503, #3233, #1710 ) ;
#132 = LINE ( 'NONE', #2904, #301 ) ;
#133 = CARTESIAN_POINT ( 'NONE',  ( -11.50000000000000000, -2.250000000000000000, 28.00000000000000000 ) ) ;
#134 = FACE_OUTER_BOUND ( 'NONE', #1683, .T. ) ;
#135 = LINE ( 'NONE', #4020, #948 ) ;
#136 = CIRCLE ( 'NONE', #4303, 1.750000000000001554 ) ;
#137 = ORIENTED_EDGE ( 'NONE', *, *, #5282, .T. ) ;
#138 = EDGE_LOOP ( 'NONE', ( #4688, #143, #4448, #3553 ) ) ;
#139 = DIRECTION ( 'NONE',  ( 2.312964634635742661E-15, 0.000000000000000000, -1.000000000000000000 ) ) ;
#140 = FACE_OUTER_BOUND ( 'NONE', #3319, .T. ) ;
#141 = DIRECTION ( 'NONE',  ( -8.903304390725439501E-47, -1.000000000000000000, 4.765805150845109569E-32 ) ) ;
#142 = CARTESIAN_POINT ( 'NONE',  ( -9.000000000000001776, 18.50000000000000000, 10.00000000000000000 ) ) ;
#143 = ORIENTED_EDGE ( 'NONE', *, *, #4870, .F. ) ;
#144 = ORIENTED_EDGE ( 'NONE', *, *, #1860, .T. ) ;
#145 = ORIENTED_EDGE ( 'NONE', *, *, #4427, .T. ) ;
#146 = DIRECTION ( 'NONE',  ( -1.000000000000000000, 1.334402673828313339E-16, 0.000000000000000000 ) ) ;
#147 = CARTESIAN_POINT ( 'NONE',  ( 9.799999999999998934, 4.250000000000000000, 33.00000000000000000 ) ) ;
#148 = ORIENTED_EDGE ( 'NONE', *, *, #1027, .F. ) ;
#149 = ORIENTED_EDGE ( 'NONE', *, *, #3872, .F. ) ;
#150 = CARTESIAN_POINT ( 'NONE',  ( 14.50000000000001066, 1.775737858763663593E-15, 17.00000000000000000 ) ) ;
#151 = SPHERICAL_SURFACE ( 'NONE', #769, 1.500000000000000000 ) ;
#152 = EDGE_CURVE ( 'NONE', #460, #4714, #5121, .T. ) ;
#153 = ORIENTED_EDGE ( 'NONE', *, *, #3104, .T. ) ;
#154 = DIRECTION ( 'NONE',  ( 1.000000000000000000, 0.000000000000000000, 0.000000000000000000 ) ) ;
#155 = ADVANCED_FACE ( 'NONE', ( #845 ), #1329, .F. ) ;
#156 = CARTESIAN_POINT ( 'NONE',  ( -9.000000000000001776, 16.99999999999999645, 9.000000000000000000 ) ) ;
#157 = EDGE_CURVE ( 'NONE', #3670, #2842, #1115, .T. ) ;
#158 = CARTESIAN_POINT ( 'NONE',  ( 11.95000000000000107, 0.7500000000000000000, 8.218695387886219450 ) ) ;
#159 = EDGE_CURVE ( 'NONE', #3641, #3990, #1215, .T. ) ;
#160 = LINE ( 'NONE', #5341, #1764 ) ;
#161 = CARTESIAN_POINT ( 'NONE',  ( -10.50000000000000000, 16.99999999999999645, 8.142135623730919036 ) ) ;
#162 = CARTESIAN_POINT ( 'NONE',  ( 9.799999999999998934, 4.250000000000000000, 33.00000000000000000 ) ) ;
#163 = ORIENTED_EDGE ( 'NONE', *, *, #1417, .T. ) ;
#164 = ORIENTED_EDGE ( 'NONE', *, *, #1196, .T. ) ;
#165 = EDGE_CURVE ( 'NONE', #1648, #697, #553, .T. ) ;
#166 = CARTESIAN_POINT ( 'NONE',  ( -11.95000000000000107, 0.7500000000000000000, 31.21869538788619991 ) ) ;
#167 = LINE ( 'NONE', #3662, #762 ) ;
#168 = LINE ( 'NONE', #1477, #4483 ) ;
#169 = CARTESIAN_POINT ( 'NONE',  ( 5.859999999999999432, -13.39999999999999858, 3.000000000000000000 ) ) ;
#170 = EDGE_LOOP ( 'NONE', ( #235, #259, #4276, #2363, #807 ) ) ;
#171 = ORIENTED_EDGE ( 'NONE', *, *, #5353, .F. ) ;
#172 = LINE ( 'NONE', #1966, #573 ) ;
#173 = DIRECTION ( 'NONE',  ( 0.000000000000000000, 0.7071067811865500152, -0.7071067811865451302 ) ) ;
#174 = EDGE_LOOP ( 'NONE', ( #1114, #392, #1795, #481 ) ) ;
#175 = ORIENTED_EDGE ( 'NONE', *, *, #3681, .F. ) ;
#176 = ORIENTED_EDGE ( 'NONE', *, *, #2790, .T. ) ;
#177 = CARTESIAN_POINT ( 'NONE',  ( 14.49999999999999289, -15.55988431833605112, 25.00000000000000000 ) ) ;
#178 = CARTESIAN_POINT ( 'NONE',  ( 0.000000000000000000, 0.000000000000000000, 17.00000000000000000 ) ) ;
#179 = CARTESIAN_POINT ( 'NONE',  ( 0.000000000000000000, 0.000000000000000000, 25.00000000000000000 ) ) ;
#180 = CARTESIAN_POINT ( 'NONE',  ( 12.00000000000000000, 4.898042755699219985E-15, 28.00000000000000000 ) ) ;
#181 = DIRECTION ( 'NONE',  ( 1.000000000000000000, 0.000000000000000000, 0.000000000000000000 ) ) ;
#182 = DIRECTION ( 'NONE',  ( 0.000000000000000000, 0.000000000000000000, 1.000000000000000000 ) ) ;
#183 = DIRECTION ( 'NONE',  ( -3.336086342942520728E-17, 1.000000000000000000, 0.000000000000000000 ) ) ;
#184 = VECTOR ( 'NONE', #2709, 1000.000000000000000 ) ;
#185 = FACE_OUTER_BOUND ( 'NONE', #4080, .T. ) ;
#186 =( LENGTH_UNIT ( ) NAMED_UNIT ( * ) SI_UNIT ( .MILLI., .METRE. ) );
#187 = EDGE_CURVE ( 'NONE', #3432, #877, #1833, .T. ) ;
#188 = EDGE_CURVE ( 'NONE', #46, #2062, #5002, .T. ) ;
#189 = ORIENTED_EDGE ( 'NONE', *, *, #238, .T. ) ;
#190 = ORIENTED_EDGE ( 'NONE', *, *, #1476, .T. ) ;
#191 = CARTESIAN_POINT ( 'NONE',  ( -7.400000000000000355, -13.39999999999999858, -0.2000000000000025091 ) ) ;
#192 = DIRECTION ( 'NONE',  ( -1.000000000000000000, 0.000000000000000000, 0.000000000000000000 ) ) ;
#193 = EDGE_CURVE ( 'NONE', #435, #5052, #4916, .T. ) ;
#194 = CARTESIAN_POINT ( 'NONE',  ( -5.549210443633561781E-17, -13.89999999999999858, 0.2999999999999993228 ) ) ;
#195 = ORIENTED_EDGE ( 'NONE', *, *, #685, .T. ) ;
#196 = DIRECTION ( 'NONE',  ( 1.000000000000000000, 0.000000000000000000, 0.000000000000000000 ) ) ;
#197 = ADVANCED_FACE ( 'NONE', ( #2288, #1782 ), #3569, .T. ) ;
#198 = ORIENTED_EDGE ( 'NONE', *, *, #2098, .F. ) ;
#199 = EDGE_LOOP ( 'NONE', ( #2085, #3171, #4815, #3421 ) ) ;
#200 = DIRECTION ( 'NONE',  ( 0.000000000000000000, 0.000000000000000000, 1.000000000000000000 ) ) ;
#201 = DIRECTION ( 'NONE',  ( -1.000000000000000000, -3.336086342942520728E-17, 0.000000000000000000 ) ) ;
#202 = AXIS2_PLACEMENT_3D ( 'NONE', #1295, #2992, #2537 ) ;
#203 = ORIENTED_EDGE ( 'NONE', *, *, #1242, .T. ) ;
#204 = EDGE_LOOP ( 'NONE', ( #3303, #3301 ) ) ;
#205 = LINE ( 'NONE', #3707, #2297 ) ;
#206 = FACE_OUTER_BOUND ( 'NONE', #102, .T. ) ;
#207 = AXIS2_PLACEMENT_3D ( 'NONE', #1401, #5271, #146 ) ;
#208 = VECTOR ( 'NONE', #5588, 1000.000000000000000 ) ;
#209 = CIRCLE ( 'NONE', #4284, 23.00000000000000000 ) ;
#210 = CYLINDRICAL_SURFACE ( 'NONE', #1580, 3.249999999999999556 ) ;
#211 = CARTESIAN_POINT ( 'NONE',  ( 5.760564996728061438, 22.26708208726127225, 20.80869812308623068 ) ) ;
#212 = CONICAL_SURFACE ( 'NONE', #1033, 2.499999999999993339, 0.7853981633974446153 ) ;
#213 = VECTOR ( 'NONE', #4378, 1000.000000000000000 ) ;
#214 = DIRECTION ( 'NONE',  ( 0.000000000000000000, 1.000000000000000000, 0.000000000000000000 ) ) ;
#215 = DIRECTION ( 'NONE',  ( -3.336086342942520728E-17, 1.000000000000000000, 0.000000000000000000 ) ) ;
#216 = FACE_OUTER_BOUND ( 'NONE', #3442, .T. ) ;
#217 = DIRECTION ( 'NONE',  ( 1.000000000000000000, 0.000000000000000000, 0.000000000000000000 ) ) ;
#218 =( NAMED_UNIT ( * ) SI_UNIT ( $, .STERADIAN. ) SOLID_ANGLE_UNIT ( ) );
#219 = AXIS2_PLACEMENT_3D ( 'NONE', #9, #3078, #2706 ) ;
#220 = ORIENTED_EDGE ( 'NONE', *, *, #792, .F. ) ;
#221 = AXIS2_PLACEMENT_3D ( 'NONE', #3811, #5158, #402 ) ;
#222 = ORIENTED_EDGE ( 'NONE', *, *, #3454, .F. ) ;
#223 = LINE ( 'NONE', #4932, #4743 ) ;
#224 = EDGE_CURVE ( 'NONE', #2842, #4471, #5317, .T. ) ;
#225 = LINE ( 'NONE', #1108, #1323 ) ;
#226 = VECTOR ( 'NONE', #1928, 1000.000000000000000 ) ;
#227 = LINE ( 'NONE', #1479, #4128 ) ;
#228 = ADVANCED_FACE ( 'NONE', ( #5289 ), #503, .F. ) ;
#229 = ORIENTED_EDGE ( 'NONE', *, *, #5496, .F. ) ;
#230 = VERTEX_POINT ( 'NONE', #2262 ) ;
#231 = DIRECTION ( 'NONE',  ( 0.4633952206805030394, -0.5341019279598832048, 0.7071067811865500152 ) ) ;
#232 = EDGE_CURVE ( 'NONE', #4188, #2808, #4638, .T. ) ;
#233 = DIRECTION ( 'NONE',  ( 0.000000000000000000, 0.000000000000000000, -1.000000000000000000 ) ) ;
#234 = VERTEX_POINT ( 'NONE', #967 ) ;
#235 = ORIENTED_EDGE ( 'NONE', *, *, #3216, .F. ) ;
#236 = CARTESIAN_POINT ( 'NONE',  ( -11.50000000000000000, -2.250000000000000000, 28.00000000000000000 ) ) ;
#237 = PLANE ( 'NONE',  #2031 ) ;
#238 = EDGE_CURVE ( 'NONE', #4970, #5435, #2386, .T. ) ;
#239 = CARTESIAN_POINT ( 'NONE',  ( -6.208387876660300009, 3.819331721568715476, 0.000000000000000000 ) ) ;
#240 = CARTESIAN_POINT ( 'NONE',  ( 9.000000000000001776, -16.99999999999999645, 8.142135623730929694 ) ) ;
#241 =( BOUNDED_CURVE ( )  B_SPLINE_CURVE ( 3, ( #2078, #5531, #367, #2960 ),
 .UNSPECIFIED., .F., .T. ) 
 B_SPLINE_CURVE_WITH_KNOTS ( ( 4, 4 ),
 ( 4.161931810213319594, 4.851296801330319930 ),
 .UNSPECIFIED. ) 
 CURVE ( )  GEOMETRIC_REPRESENTATION_ITEM ( )  RATIONAL_B_SPLINE_CURVE ( ( 1.000000000000000000, 0.9607885227449090015, 0.9607885227449090015, 1.000000000000000000 ) ) 
 REPRESENTATION_ITEM ( '' )  );
#242 = DIRECTION ( 'NONE',  ( -0.000000000000000000, -1.000000000000000000, -0.000000000000000000 ) ) ;
#243 = DIRECTION ( 'NONE',  ( -1.000000000000000000, 0.000000000000000000, 0.000000000000000000 ) ) ;
#244 = CARTESIAN_POINT ( 'NONE',  ( 0.000000000000000000, 0.000000000000000000, 15.00000000000000178 ) ) ;
#245 = SHAPE_REPRESENTATION_RELATIONSHIP ( 'NONE' , 'NONE' ,  #5239, #1128 ) ;
#246 = ORIENTED_EDGE ( 'NONE', *, *, #1544, .T. ) ;
#247 = ORIENTED_EDGE ( 'NONE', *, *, #4343, .T. ) ;
#248 = CARTESIAN_POINT ( 'NONE',  ( 14.44186046511627453, -17.90063312584533861, 24.49999999999999289 ) ) ;
#249 = LINE ( 'NONE', #1924, #5029 ) ;
#250 = DIRECTION ( 'NONE',  ( -0.6980844347081630596, 0.6980844347081632817, 0.1592364406672308330 ) ) ;
#251 = ORIENTED_EDGE ( 'NONE', *, *, #2516, .F. ) ;
#252 = ORIENTED_EDGE ( 'NONE', *, *, #187, .T. ) ;
#253 = ORIENTED_EDGE ( 'NONE', *, *, #2001, .F. ) ;
#254 = FACE_OUTER_BOUND ( 'NONE', #2118, .T. ) ;
#255 = FACE_OUTER_BOUND ( 'NONE', #4540, .T. ) ;
#256 = EDGE_CURVE ( 'NONE', #1104, #5554, #1810, .T. ) ;
#257 = ADVANCED_FACE ( 'NONE', ( #2205 ), #1416, .F. ) ;
#258 = EDGE_CURVE ( 'NONE', #1056, #1559, #3164, .T. ) ;
#259 = ORIENTED_EDGE ( 'NONE', *, *, #3358, .T. ) ;
#260 = ORIENTED_EDGE ( 'NONE', *, *, #3557, .F. ) ;
#261 = CARTESIAN_POINT ( 'NONE',  ( 13.50000000000000000, -5.500000000000000000, 0.000000000000000000 ) ) ;
#262 = FACE_OUTER_BOUND ( 'NONE', #5060, .T. ) ;
#263 = VERTEX_POINT ( 'NONE', #5232 ) ;
#264 = CARTESIAN_POINT ( 'NONE',  ( 3.500000000000000888, -20.20000000000000284, 15.49999999999998579 ) ) ;
#265 = EDGE_CURVE ( 'NONE', #559, #1284, #4047, .T. ) ;
#266 = DIRECTION ( 'NONE',  ( 0.000000000000000000, 0.000000000000000000, 1.000000000000000000 ) ) ;
#267 = DIRECTION ( 'NONE',  ( -0.4336462817275464343, 0.000000000000000000, 0.9010831828104848285 ) ) ;
#268 = CARTESIAN_POINT ( 'NONE',  ( -9.000000000000001776, 18.50000000000000000, 9.000000000000000000 ) ) ;
#269 = FILL_AREA_STYLE_COLOUR ( '', #763 ) ;
#270 = ORIENTED_EDGE ( 'NONE', *, *, #2822, .T. ) ;
#271 = ORIENTED_EDGE ( 'NONE', *, *, #2479, .T. ) ;
#272 = PLANE ( 'NONE',  #1402 ) ;
#273 = DIRECTION ( 'NONE',  ( -0.000000000000000000, -0.000000000000000000, -1.000000000000000000 ) ) ;
#274 = DIRECTION ( 'NONE',  ( 0.000000000000000000, -1.000000000000000000, 0.000000000000000000 ) ) ;
#275 = EDGE_LOOP ( 'NONE', ( #2703, #4772, #5187, #2267 ) ) ;
#276 = ORIENTED_EDGE ( 'NONE', *, *, #3710, .F. ) ;
#277 = FACE_BOUND ( 'NONE', #4482, .T. ) ;
#278 = CARTESIAN_POINT ( 'NONE',  ( -9.010594162098090720, 5.535079271003109369, 33.00000000000000000 ) ) ;
#279 = ORIENTED_EDGE ( 'NONE', *, *, #718, .T. ) ;
#280 = VERTEX_POINT ( 'NONE', #3142 ) ;
#281 = CARTESIAN_POINT ( 'NONE',  ( 5.360000000000012754, -13.89999999999999858, 2.885947578294132843 ) ) ;
#282 = CARTESIAN_POINT ( 'NONE',  ( -11.95000000000000107, 0.7500000000000000000, 8.218695387886219450 ) ) ;
#283 = EDGE_CURVE ( 'NONE', #2645, #440, #5257, .T. ) ;
#284 = EDGE_CURVE ( 'NONE', #3065, #1623, #5083, .T. ) ;
#285 = ORIENTED_EDGE ( 'NONE', *, *, #816, .F. ) ;
#286 = LINE ( 'NONE', #264, #1317 ) ;
#287 = DIRECTION ( 'NONE',  ( 1.000000000000000000, 0.000000000000000000, 0.000000000000000000 ) ) ;
#288 = EDGE_CURVE ( 'NONE', #1827, #2468, #5548, .T. ) ;
#289 = AXIS2_PLACEMENT_3D ( 'NONE', #726, #4183, #5080 ) ;
#290 = AXIS2_PLACEMENT_3D ( 'NONE', #2518, #4269, #1696 ) ;
#291 = DIRECTION ( 'NONE',  ( 0.000000000000000000, 0.000000000000000000, 1.000000000000000000 ) ) ;
#292 = EDGE_CURVE ( 'NONE', #3726, #4588, #2507, .T. ) ;
#293 = DIRECTION ( 'NONE',  ( -1.000000000000000000, 0.000000000000000000, 0.000000000000000000 ) ) ;
#294 = AXIS2_PLACEMENT_3D ( 'NONE', #5525, #2660, #1170 ) ;
#295 = AXIS2_PLACEMENT_3D ( 'NONE', #1616, #852, #5065 ) ;
#296 = AXIS2_PLACEMENT_3D ( 'NONE', #988, #2707, #48 ) ;
#297 = VERTEX_POINT ( 'NONE', #1358 ) ;
#298 = VERTEX_POINT ( 'NONE', #1978 ) ;
#299 = EDGE_LOOP ( 'NONE', ( #5010, #5176, #2578, #2136 ) ) ;
#300 = ORIENTED_EDGE ( 'NONE', *, *, #265, .F. ) ;
#301 = VECTOR ( 'NONE', #4954, 1000.000000000000000 ) ;
#302 = AXIS2_PLACEMENT_3D ( 'NONE', #3708, #723, #3228 ) ;
#303 = CARTESIAN_POINT ( 'NONE',  ( -7.400000000000000355, 18.50000000000000000, -0.2000000000000025091 ) ) ;
#304 = DIRECTION ( 'NONE',  ( 0.000000000000000000, -1.000000000000000000, 0.000000000000000000 ) ) ;
#305 = DIRECTION ( 'NONE',  ( -0.7071067811865451302, 0.000000000000000000, 0.7071067811865500152 ) ) ;
#306 = CIRCLE ( 'NONE', #2568, 0.5000000000000000000 ) ;
#307 = VECTOR ( 'NONE', #2837, 1000.000000000000000 ) ;
#308 = ORIENTED_EDGE ( 'NONE', *, *, #4087, .F. ) ;
#309 = ORIENTED_EDGE ( 'NONE', *, *, #509, .F. ) ;
#310 = DIRECTION ( 'NONE',  ( -0.000000000000000000, -0.000000000000000000, 1.000000000000000000 ) ) ;
#311 = AXIS2_PLACEMENT_3D ( 'NONE', #2696, #562, #449 ) ;
#312 = CARTESIAN_POINT ( 'NONE',  ( 10.50000000000000000, -16.99999999999999645, 9.000000000000000000 ) ) ;
#313 = ORIENTED_EDGE ( 'NONE', *, *, #3934, .T. ) ;
#314 = ORIENTED_EDGE ( 'NONE', *, *, #1894, .T. ) ;
#315 = VECTOR ( 'NONE', #3946, 999.9999999999998863 ) ;
#316 = ORIENTED_EDGE ( 'NONE', *, *, #2135, .F. ) ;
#317 = DIRECTION ( 'NONE',  ( 1.000802005371233895E-16, -1.000000000000000000, 0.000000000000000000 ) ) ;
#318 = CARTESIAN_POINT ( 'NONE',  ( 7.500000000000000000, -25.50000000000000000, 6.000000000000000000 ) ) ;
#319 = CARTESIAN_POINT ( 'NONE',  ( 1.118033988749894903, 1.149999999999999911, 24.99999999999999645 ) ) ;
#320 = AXIS2_PLACEMENT_3D ( 'NONE', #3908, #593, #5235 ) ;
#321 = ORIENTED_EDGE ( 'NONE', *, *, #4836, .T. ) ;
#322 = DIRECTION ( 'NONE',  ( -1.000000000000000000, 0.000000000000000000, 0.000000000000000000 ) ) ;
#323 = DIRECTION ( 'NONE',  ( 1.000000000000000000, 0.000000000000000000, 0.000000000000000000 ) ) ;
#324 = EDGE_CURVE ( 'NONE', #877, #1030, #1484, .T. ) ;
#325 = CARTESIAN_POINT ( 'NONE',  ( 11.50000000000000000, -4.250000000000000000, 28.00000000000000000 ) ) ;
#326 = DIRECTION ( 'NONE',  ( 0.7071067811865445751, 2.358969275718476660E-17, 0.7071067811865505703 ) ) ;
#327 = ADVANCED_FACE ( 'NONE', ( #5423 ), #1121, .T. ) ;
#328 = EDGE_CURVE ( 'NONE', #4417, #3072, #5367, .T. ) ;
#329 = EDGE_CURVE ( 'NONE', #2980, #1728, #3712, .T. ) ;
#330 = ORIENTED_EDGE ( 'NONE', *, *, #329, .T. ) ;
#331 = VERTEX_POINT ( 'NONE', #2003 ) ;
#332 = SURFACE_SIDE_STYLE ('',( #3857 ) ) ;
#333 = DIRECTION ( 'NONE',  ( 0.000000000000000000, -1.000000000000000000, 0.000000000000000000 ) ) ;
#334 = DIRECTION ( 'NONE',  ( 0.000000000000000000, 0.000000000000000000, -1.000000000000000000 ) ) ;
#335 = CYLINDRICAL_SURFACE ( 'NONE', #4016, 0.2999999999999999334 ) ;
#336 = ORIENTED_EDGE ( 'NONE', *, *, #4879, .T. ) ;
#337 = ORIENTED_EDGE ( 'NONE', *, *, #3176, .T. ) ;
#338 = ORIENTED_EDGE ( 'NONE', *, *, #1825, .F. ) ;
#339 = DIRECTION ( 'NONE',  ( 1.000000000000000000, -1.776356839400250465E-15, 0.000000000000000000 ) ) ;
#340 = CARTESIAN_POINT ( 'NONE',  ( 6.118231121180518706, 18.09453960323095245, 20.96325174147353465 ) ) ;
#341 = ORIENTED_EDGE ( 'NONE', *, *, #5243, .F. ) ;
#342 = ORIENTED_EDGE ( 'NONE', *, *, #1374, .F. ) ;
#343 = DIRECTION ( 'NONE',  ( 0.7071067811865445751, 2.358969275718476660E-17, 0.7071067811865505703 ) ) ;
#344 = DIRECTION ( 'NONE',  ( 0.000000000000000000, 1.000000000000000000, 0.000000000000000000 ) ) ;
#345 = DIRECTION ( 'NONE',  ( 0.000000000000000000, 0.000000000000000000, 1.000000000000000000 ) ) ;
#346 = DIRECTION ( 'NONE',  ( -1.000000000000000000, 0.000000000000000000, 0.000000000000000000 ) ) ;
#347 = FACE_OUTER_BOUND ( 'NONE', #2174, .T. ) ;
#348 = DIRECTION ( 'NONE',  ( -3.336086342942520728E-17, 1.000000000000000000, 0.000000000000000000 ) ) ;
#349 = ORIENTED_EDGE ( 'NONE', *, *, #4322, .F. ) ;
#350 = LINE ( 'NONE', #3405, #2739 ) ;
#351 = CARTESIAN_POINT ( 'NONE',  ( 5.379173934063516072, -22.36223739310637981, 20.50166870213038095 ) ) ;
#352 = DIRECTION ( 'NONE',  ( 7.885106708985490266E-17, 1.000000000000000000, 0.000000000000000000 ) ) ;
#353 = EDGE_CURVE ( 'NONE', #724, #2147, #1607, .T. ) ;
#354 = EDGE_CURVE ( 'NONE', #2183, #4884, #1393, .T. ) ;
#355 = DIRECTION ( 'NONE',  ( 1.000000000000000000, 0.000000000000000000, 0.000000000000000000 ) ) ;
#356 = CARTESIAN_POINT ( 'NONE',  ( 0.000000000000000000, 0.000000000000000000, 24.49999999999999289 ) ) ;
#357 = ORIENTED_EDGE ( 'NONE', *, *, #4046, .T. ) ;
#358 = ORIENTED_EDGE ( 'NONE', *, *, #3669, .F. ) ;
#359 = EDGE_LOOP ( 'NONE', ( #625, #1256, #2527, #1560 ) ) ;
#360 = CARTESIAN_POINT ( 'NONE',  ( -7.021564347915049353, 1.149999999999999911, 30.00000000000000000 ) ) ;
#361 = CARTESIAN_POINT ( 'NONE',  ( -6.208387876660300009, 3.819331721568715476, 30.00000000000000000 ) ) ;
#362 = EDGE_LOOP ( 'NONE', ( #2154, #3613, #2809, #1146 ) ) ;
#363 = EDGE_CURVE ( 'NONE', #1589, #5554, #850, .T. ) ;
#364 = VECTOR ( 'NONE', #530, 1000.000000000000000 ) ;
#365 = ORIENTED_EDGE ( 'NONE', *, *, #620, .T. ) ;
#366 = VERTEX_POINT ( 'NONE', #2854 ) ;
#367 = CARTESIAN_POINT ( 'NONE',  ( -11.19534881331188814, 1.978501931817854276, 24.67579819007467634 ) ) ;
#368 = CARTESIAN_POINT ( 'NONE',  ( 0.000000000000000000, 0.000000000000000000, 17.00000000000000000 ) ) ;
#369 = CARTESIAN_POINT ( 'NONE',  ( 6.604487272054069713, -13.89999999999999858, 0.2999999999999999889 ) ) ;
#370 = ORIENTED_EDGE ( 'NONE', *, *, #125, .T. ) ;
#371 = DIRECTION ( 'NONE',  ( 0.000000000000000000, 0.000000000000000000, -1.000000000000000000 ) ) ;
#372 = CARTESIAN_POINT ( 'NONE',  ( -9.799999999999998934, 4.250000000000000000, 30.76992779689290103 ) ) ;
#373 = APPLICATION_PROTOCOL_DEFINITION ( 'draft international standard', 'automotive_design', 1998, #1681 ) ;
#374 = AXIS2_PLACEMENT_3D ( 'NONE', #4850, #3550, #2694 ) ;
#375 = ORIENTED_EDGE ( 'NONE', *, *, #5248, .T. ) ;
#376 = CARTESIAN_POINT ( 'NONE',  ( -12.00000000000000000, 16.99999999999999645, 0.3961689313160864367 ) ) ;
#377 = CARTESIAN_POINT ( 'NONE',  ( -17.00000000000000000, -4.250000000000000000, 33.00000000000000000 ) ) ;
#378 = CIRCLE ( 'NONE', #2558, 1.499999999999999556 ) ;
#379 = VECTOR ( 'NONE', #984, 1000.000000000000000 ) ;
#380 = PLANE ( 'NONE',  #1054 ) ;
#381 = AXIS2_PLACEMENT_3D ( 'NONE', #1548, #4978, #2410 ) ;
#382 = CARTESIAN_POINT ( 'NONE',  ( 1.084202172485503941E-16, 4.250000000000000000, 0.000000000000000000 ) ) ;
#383 = CARTESIAN_POINT ( 'NONE',  ( 0.000000000000000000, 18.50000000000000000, 9.000000000000000000 ) ) ;
#384 = VERTEX_POINT ( 'NONE', #3232 ) ;
#385 = VECTOR ( 'NONE', #310, 1000.000000000000000 ) ;
#386 = VECTOR ( 'NONE', #532, 1000.000000000000000 ) ;
#387 = AXIS2_PLACEMENT_3D ( 'NONE', #3122, #3173, #139 ) ;
#388 = EDGE_CURVE ( 'NONE', #116, #1066, #209, .T. ) ;
#389 = EDGE_LOOP ( 'NONE', ( #4454, #1697, #3715, #3355 ) ) ;
#390 = DIRECTION ( 'NONE',  ( 1.265177859526988718E-16, -1.000000000000000000, 0.000000000000000000 ) ) ;
#391 = LINE ( 'NONE', #4735, #4035 ) ;
#392 = ORIENTED_EDGE ( 'NONE', *, *, #5570, .F. ) ;
#393 = CIRCLE ( 'NONE', #3578, 3.249999999999999556 ) ;
#394 = VECTOR ( 'NONE', #3982, 1000.000000000000114 ) ;
#395 = EDGE_CURVE ( 'NONE', #4275, #724, #3279, .T. ) ;
#396 = ORIENTED_EDGE ( 'NONE', *, *, #1524, .F. ) ;
#397 = CIRCLE ( 'NONE', #589, 1.750000000000001554 ) ;
#398 = EDGE_CURVE ( 'NONE', #5592, #2524, #703, .T. ) ;
#399 = EDGE_LOOP ( 'NONE', ( #3942, #2355, #4513, #1878, #3740 ) ) ;
#400 = AXIS2_PLACEMENT_3D ( 'NONE', #2643, #4856, #1853 ) ;
#401 = CARTESIAN_POINT ( 'NONE',  ( -3.499999999999999112, -20.20000000000000284, 15.49999999999998579 ) ) ;
#402 = DIRECTION ( 'NONE',  ( 1.000000000000000000, 0.000000000000000000, 0.000000000000000000 ) ) ;
#403 = DIRECTION ( 'NONE',  ( 0.000000000000000000, 0.000000000000000000, 1.000000000000000000 ) ) ;
#404 = AXIS2_PLACEMENT_3D ( 'NONE', #2453, #3733, #2532 ) ;
#405 = VECTOR ( 'NONE', #915, 1000.000000000000114 ) ;
#406 = ORIENTED_EDGE ( 'NONE', *, *, #3148, .F. ) ;
#407 = ADVANCED_FACE ( 'NONE', ( #1915 ), #3650, .F. ) ;
#408 = CIRCLE ( 'NONE', #3312, 0.2999999999999999334 ) ;
#409 = PLANE ( 'NONE',  #2560 ) ;
#410 = CARTESIAN_POINT ( 'NONE',  ( 6.528035413153449262, 3.158726812816184726, 30.00000000000000000 ) ) ;
#411 = PRODUCT_CONTEXT ( 'NONE', #4971, 'mechanical' ) ;
#412 = MANIFOLD_SOLID_BREP ( 'Ðý×ª1', #2019 ) ;
#413 = PLANE ( 'NONE',  #3848 ) ;
#414 = ORIENTED_EDGE ( 'NONE', *, *, #4392, .T. ) ;
#415 = LINE ( 'NONE', #4354, #472 ) ;
#416 = ORIENTED_EDGE ( 'NONE', *, *, #5526, .T. ) ;
#417 = DIRECTION ( 'NONE',  ( -0.000000000000000000, 1.000000000000000000, -0.000000000000000000 ) ) ;
#418 = CIRCLE ( 'NONE', #1779, 11.50000000000000000 ) ;
#419 = CARTESIAN_POINT ( 'NONE',  ( 0.000000000000000000, 0.000000000000000000, 17.00000000000000000 ) ) ;
#420 = CARTESIAN_POINT ( 'NONE',  ( 13.49999999999999645, 16.73320053068151125, 25.00000000000000000 ) ) ;
#421 = DIRECTION ( 'NONE',  ( 0.000000000000000000, 0.7071067811865451302, -0.7071067811865500152 ) ) ;
#422 = VERTEX_POINT ( 'NONE', #3685 ) ;
#423 = ORIENTED_EDGE ( 'NONE', *, *, #4315, .T. ) ;
#424 = DIRECTION ( 'NONE',  ( 0.000000000000000000, -1.000000000000000000, 0.000000000000000000 ) ) ;
#425 = DIRECTION ( 'NONE',  ( 1.000000000000000000, 0.000000000000000000, 0.000000000000000000 ) ) ;
#426 = CARTESIAN_POINT ( 'NONE',  ( 6.478435652084950647, 4.250000000000000000, 0.000000000000000000 ) ) ;
#427 = ORIENTED_EDGE ( 'NONE', *, *, #1169, .T. ) ;
#428 = EDGE_LOOP ( 'NONE', ( #5156, #4268, #1596, #2860 ) ) ;
#429 = ORIENTED_EDGE ( 'NONE', *, *, #3947, .T. ) ;
#430 = DIRECTION ( 'NONE',  ( 0.000000000000000000, 0.000000000000000000, 1.000000000000000000 ) ) ;
#431 = LINE ( 'NONE', #2139, #4388 ) ;
#432 = DIRECTION ( 'NONE',  ( 0.4336462817275464343, 0.000000000000000000, -0.9010831828104848285 ) ) ;
#433 = EDGE_CURVE ( 'NONE', #2872, #3959, #3736, .T. ) ;
#434 = EDGE_CURVE ( 'NONE', #4175, #2382, #8, .T. ) ;
#435 = VERTEX_POINT ( 'NONE', #5117 ) ;
#436 = FACE_OUTER_BOUND ( 'NONE', #3403, .T. ) ;
#437 = CARTESIAN_POINT ( 'NONE',  ( -3.499999999999999112, -20.20000000000000284, -26.00195117308443216 ) ) ;
#438 = ADVANCED_FACE ( 'NONE', ( #3850 ), #2112, .T. ) ;
#439 = CARTESIAN_POINT ( 'NONE',  ( -11.50000000000000000, 0.7500000000000000000, 28.00000000000000000 ) ) ;
#440 = VERTEX_POINT ( 'NONE', #5137 ) ;
#441 = CARTESIAN_POINT ( 'NONE',  ( 12.00000000000000000, 18.50000000000000000, 0.000000000000000000 ) ) ;
#442 = DIRECTION ( 'NONE',  ( 1.000802005371233895E-16, 1.000000000000000000, 0.000000000000000000 ) ) ;
#443 = LINE ( 'NONE', #4758, #921 ) ;
#444 = LINE ( 'NONE', #2179, #5572 ) ;
#445 = VERTEX_POINT ( 'NONE', #5081 ) ;
#446 = ORIENTED_EDGE ( 'NONE', *, *, #56, .T. ) ;
#447 = DIRECTION ( 'NONE',  ( -1.000000000000000000, 0.000000000000000000, 0.000000000000000000 ) ) ;
#448 = CARTESIAN_POINT ( 'NONE',  ( -11.99999999999999822, 16.99999999999999645, 0.3961689313160862147 ) ) ;
#449 = DIRECTION ( 'NONE',  ( 0.000000000000000000, 0.000000000000000000, -1.000000000000000000 ) ) ;
#450 = ORIENTED_EDGE ( 'NONE', *, *, #2622, .F. ) ;
#451 = ORIENTED_EDGE ( 'NONE', *, *, #2201, .T. ) ;
#452 = CARTESIAN_POINT ( 'NONE',  ( 15.00000000000000000, 1.836970198721029589E-15, 17.00000000000000000 ) ) ;
#453 = FACE_OUTER_BOUND ( 'NONE', #170, .T. ) ;
#454 = AXIS2_PLACEMENT_3D ( 'NONE', #2004, #1953, #5319 ) ;
#455 = ORIENTED_EDGE ( 'NONE', *, *, #328, .T. ) ;
#456 = DIRECTION ( 'NONE',  ( 0.000000000000000000, 0.000000000000000000, 1.000000000000000000 ) ) ;
#457 = ORIENTED_EDGE ( 'NONE', *, *, #434, .F. ) ;
#458 = DIRECTION ( 'NONE',  ( -0.000000000000000000, 1.000000000000000000, 0.000000000000000000 ) ) ;
#459 = EDGE_CURVE ( 'NONE', #3916, #605, #4107, .T. ) ;
#460 = VERTEX_POINT ( 'NONE', #4217 ) ;
#461 = CARTESIAN_POINT ( 'NONE',  ( -11.50000000000000000, -2.250000000000000000, 6.750000000000000000 ) ) ;
#462 = EDGE_CURVE ( 'NONE', #4708, #1827, #4716, .T. ) ;
#463 = DIRECTION ( 'NONE',  ( -1.000000000000000000, 0.000000000000000000, 0.000000000000000000 ) ) ;
#464 = ORIENTED_EDGE ( 'NONE', *, *, #816, .T. ) ;
#465 = DIRECTION ( 'NONE',  ( 0.000000000000000000, 0.000000000000000000, 1.000000000000000000 ) ) ;
#466 = ADVANCED_FACE ( 'NONE', ( #436 ), #4667, .T. ) ;
#467 = PRODUCT ( 'wuji glove\X2\63d295004ef6\X0\-v2', 'wuji glove\X2\63d295004ef6\X0\-v2', '', ( #411 ) ) ;
#468 = LINE ( 'NONE', #3519, #4201 ) ;
#469 = FACE_OUTER_BOUND ( 'NONE', #631, .T. ) ;
#470 = CARTESIAN_POINT ( 'NONE',  ( -11.19534881331187570, 1.978501931817846948, 31.32420180992533787 ) ) ;
#471 = LINE ( 'NONE', #1421, #4467 ) ;
#472 = VECTOR ( 'NONE', #4698, 1000.000000000000114 ) ;
#473 = EDGE_LOOP ( 'NONE', ( #1545, #3000, #313 ) ) ;
#474 = ORIENTED_EDGE ( 'NONE', *, *, #928, .F. ) ;
#475 = CONICAL_SURFACE ( 'NONE', #2018, 22.49999999999999645, 0.7853981633974447263 ) ;
#476 = VECTOR ( 'NONE', #2508, 1000.000000000000000 ) ;
#477 = LINE ( 'NONE', #1625, #2840 ) ;
#478 = AXIS2_PLACEMENT_3D ( 'NONE', #2987, #3481, #1714 ) ;
#479 = DIRECTION ( 'NONE',  ( -0.000000000000000000, -0.000000000000000000, 1.000000000000000000 ) ) ;
#480 = DIRECTION ( 'NONE',  ( -1.000000000000000000, 0.000000000000000000, -1.868163743359638773E-15 ) ) ;
#481 = ORIENTED_EDGE ( 'NONE', *, *, #4632, .T. ) ;
#482 = APPLICATION_CONTEXT ( 'automotive_design' ) ;
#483 = AXIS2_PLACEMENT_3D ( 'NONE', #2469, #1254, #1730 ) ;
#484 = AXIS2_PLACEMENT_3D ( 'NONE', #4727, #4308, #1221 ) ;
#485 = VECTOR ( 'NONE', #3560, 1000.000000000000000 ) ;
#486 = ORIENTED_EDGE ( 'NONE', *, *, #1424, .F. ) ;
#487 = ORIENTED_EDGE ( 'NONE', *, *, #1335, .T. ) ;
#488 = DIRECTION ( 'NONE',  ( -0.000000000000000000, -0.000000000000000000, -1.000000000000000000 ) ) ;
#489 = CIRCLE ( 'NONE', #2036, 3.249999999999999556 ) ;
#490 = CARTESIAN_POINT ( 'NONE',  ( 11.50000000000000000, -7.750000000000000000, 5.000000000000000000 ) ) ;
#491 = AXIS2_PLACEMENT_3D ( 'NONE', #3931, #1292, #4326 ) ;
#492 = ORIENTED_EDGE ( 'NONE', *, *, #714, .T. ) ;
#493 = ORIENTED_EDGE ( 'NONE', *, *, #4422, .T. ) ;
#494 = AXIS2_PLACEMENT_3D ( 'NONE', #5247, #2278, #954 ) ;
#495 = FACE_OUTER_BOUND ( 'NONE', #5478, .T. ) ;
#496 = DIRECTION ( 'NONE',  ( 0.000000000000000000, 0.000000000000000000, -1.000000000000000000 ) ) ;
#497 = AXIS2_PLACEMENT_3D ( 'NONE', #369, #4237, #345 ) ;
#498 = VECTOR ( 'NONE', #1195, 1000.000000000000000 ) ;
#499 = DIRECTION ( 'NONE',  ( 0.7071067811865500152, 0.000000000000000000, -0.7071067811865451302 ) ) ;
#500 = DIRECTION ( 'NONE',  ( -0.000000000000000000, -0.000000000000000000, 1.000000000000000000 ) ) ;
#501 = AXIS2_PLACEMENT_3D ( 'NONE', #4144, #1986, #2574 ) ;
#502 = ORIENTED_EDGE ( 'NONE', *, *, #3393, .F. ) ;
#503 = PLANE ( 'NONE',  #939 ) ;
#504 = CARTESIAN_POINT ( 'NONE',  ( 0.000000000000000000, 0.000000000000000000, 17.00000000000000000 ) ) ;
#505 = EDGE_CURVE ( 'NONE', #4993, #298, #5455, .T. ) ;
#506 = DIRECTION ( 'NONE',  ( 0.000000000000000000, 0.000000000000000000, -1.000000000000000000 ) ) ;
#507 = CARTESIAN_POINT ( 'NONE',  ( -11.95000000000000107, 0.7500000000000000000, 31.21869538788619991 ) ) ;
#508 = CARTESIAN_POINT ( 'NONE',  ( 3.500000000000000888, 18.77658115845374454, 24.49999999999999289 ) ) ;
#509 = EDGE_CURVE ( 'NONE', #1765, #2356, #4324, .T. ) ;
#510 = ADVANCED_FACE ( 'NONE', ( #2512 ), #838, .F. ) ;
#511 = ORIENTED_EDGE ( 'NONE', *, *, #866, .T. ) ;
#512 = ORIENTED_EDGE ( 'NONE', *, *, #687, .T. ) ;
#513 = VECTOR ( 'NONE', #1552, 1000.000000000000000 ) ;
#514 = DIRECTION ( 'NONE',  ( -1.000000000000000000, 0.000000000000000000, 0.000000000000000000 ) ) ;
#515 = DIRECTION ( 'NONE',  ( 0.000000000000000000, 0.000000000000000000, -1.000000000000000000 ) ) ;
#516 = DIRECTION ( 'NONE',  ( -1.000000000000000000, 0.000000000000000000, 0.000000000000000000 ) ) ;
#517 = EDGE_CURVE ( 'NONE', #4473, #5530, #3922, .T. ) ;
#518 = EDGE_LOOP ( 'NONE', ( #2189, #4848, #3347, #198 ) ) ;
#519 = EDGE_LOOP ( 'NONE', ( #1147, #4827 ) ) ;
#520 = CARTESIAN_POINT ( 'NONE',  ( 3.500000000000000888, 20.19999999999999574, -26.00195117308443216 ) ) ;
#521 = DIRECTION ( 'NONE',  ( 0.000000000000000000, 0.000000000000000000, -1.000000000000000000 ) ) ;
#522 = VERTEX_POINT ( 'NONE', #3790 ) ;
#523 = PRODUCT ( '\X2\624b815563d295004ef6\X0\-v23', '\X2\624b815563d295004ef6\X0\-v23', '', ( #2459 ) ) ;
#524 = LINE ( 'NONE', #925, #2833 ) ;
#525 = CARTESIAN_POINT ( 'NONE',  ( 12.00000000000000000, -16.99999999999999645, 0.3961689313160968728 ) ) ;
#526 = DIRECTION ( 'NONE',  ( 0.000000000000000000, 1.000000000000000000, 0.000000000000000000 ) ) ;
#527 = CARTESIAN_POINT ( 'NONE',  ( 13.49999999999999645, -16.73320053068151125, 25.00000000000000000 ) ) ;
#528 = CARTESIAN_POINT ( 'NONE',  ( 12.00000000000000000, 16.99999999999999645, 0.000000000000000000 ) ) ;
#529 =( NAMED_UNIT ( * ) SI_UNIT ( $, .STERADIAN. ) SOLID_ANGLE_UNIT ( ) );
#530 = DIRECTION ( 'NONE',  ( 0.000000000000000000, 1.000000000000000000, 0.000000000000000000 ) ) ;
#531 = DIRECTION ( 'NONE',  ( 0.000000000000000000, -0.000000000000000000, 1.000000000000000000 ) ) ;
#532 = DIRECTION ( 'NONE',  ( 3.336086342942520728E-17, -1.000000000000000000, 0.000000000000000000 ) ) ;
#533 = ORIENTED_EDGE ( 'NONE', *, *, #2201, .F. ) ;
#534 = ORIENTED_EDGE ( 'NONE', *, *, #193, .F. ) ;
#535 = CARTESIAN_POINT ( 'NONE',  ( 9.000000000000001776, -16.99999999999999645, 10.00000000000000000 ) ) ;
#536 = ADVANCED_FACE ( 'NONE', ( #347 ), #409, .F. ) ;
#537 = DIRECTION ( 'NONE',  ( 0.000000000000000000, 0.000000000000000000, 1.000000000000000000 ) ) ;
#538 = EDGE_CURVE ( 'NONE', #5306, #1056, #4298, .T. ) ;
#539 = FACE_BOUND ( 'NONE', #5073, .T. ) ;
#540 = ORIENTED_EDGE ( 'NONE', *, *, #4178, .F. ) ;
#541 = EDGE_CURVE ( 'NONE', #5093, #230, #1325, .T. ) ;
#542 = VERTEX_POINT ( 'NONE', #3397 ) ;
#543 = EDGE_LOOP ( 'NONE', ( #1539, #4438, #175, #931 ) ) ;
#544 = DIRECTION ( 'NONE',  ( 0.000000000000000000, 1.000000000000000000, 0.000000000000000000 ) ) ;
#545 = ADVANCED_FACE ( 'NONE', ( #1243 ), #878, .F. ) ;
#546 = CARTESIAN_POINT ( 'NONE',  ( 6.499999999999997335, 22.06241147291020965, 21.00000000000000000 ) ) ;
#547 = VERTEX_POINT ( 'NONE', #2168 ) ;
#548 = DIRECTION ( 'NONE',  ( 0.000000000000000000, 0.000000000000000000, -1.000000000000000000 ) ) ;
#549 = CARTESIAN_POINT ( 'NONE',  ( 3.500000000000000888, -19.11554182895249809, 24.83329678841398902 ) ) ;
#550 = DIRECTION ( 'NONE',  ( 1.000000000000000000, 0.000000000000000000, 0.000000000000000000 ) ) ;
#551 = CIRCLE ( 'NONE', #2087, 0.2999999999999999334 ) ;
#552 = DIRECTION ( 'NONE',  ( 0.000000000000000000, 1.000000000000000000, 0.000000000000000000 ) ) ;
#553 = LINE ( 'NONE', #4013, #1744 ) ;
#554 = CARTESIAN_POINT ( 'NONE',  ( 12.00000000000000000, 0.7500000000000000000, 0.000000000000000000 ) ) ;
#555 = CARTESIAN_POINT ( 'NONE',  ( -11.50000000000000000, -4.250000000000000000, 6.750000000000000000 ) ) ;
#556 = CARTESIAN_POINT ( 'NONE',  ( 20.50000000000000000, 17.00000000000000000, 8.142135623730929694 ) ) ;
#557 = CARTESIAN_POINT ( 'NONE',  ( 3.500000000000000888, 19.28496823953828354, 25.00000000000000000 ) ) ;
#558 = ORIENTED_EDGE ( 'NONE', *, *, #3532, .T. ) ;
#559 = VERTEX_POINT ( 'NONE', #814 ) ;
#560 = CARTESIAN_POINT ( 'NONE',  ( -8.250000000000000000, 4.250000000000000000, 5.000000000000000000 ) ) ;
#561 = DIRECTION ( 'NONE',  ( 0.000000000000000000, 0.000000000000000000, 1.000000000000000000 ) ) ;
#562 = DIRECTION ( 'NONE',  ( 0.8520759863078154472, -0.5234181058748001991, 0.000000000000000000 ) ) ;
#563 = LINE ( 'NONE', #142, #3309 ) ;
#564 = PRODUCT_DEFINITION_SHAPE ( 'NONE', 'NONE',  #5608 ) ;
#565 = PRODUCT_DEFINITION ( 'æœ', '', #768, #4379 ) ;
#566 = EDGE_CURVE ( 'NONE', #3244, #2693, #114, .T. ) ;
#567 = ORIENTED_EDGE ( 'NONE', *, *, #928, .T. ) ;
#568 = AXIS2_PLACEMENT_3D ( 'NONE', #4149, #3326, #3267 ) ;
#569 = VERTEX_POINT ( 'NONE', #2487 ) ;
#570 = DIRECTION ( 'NONE',  ( 0.000000000000000000, 0.000000000000000000, -1.000000000000000000 ) ) ;
#571 = LINE ( 'NONE', #4426, #958 ) ;
#572 = EDGE_CURVE ( 'NONE', #2524, #5238, #985, .T. ) ;
#573 = VECTOR ( 'NONE', #2783, 1000.000000000000114 ) ;
#574 = VECTOR ( 'NONE', #1353, 1000.000000000000114 ) ;
#575 = AXIS2_PLACEMENT_3D ( 'NONE', #1692, #1290, #2561 ) ;
#576 = ADVANCED_FACE ( 'NONE', ( #1829 ), #2681, .F. ) ;
#577 = EDGE_CURVE ( 'NONE', #2438, #3423, #4329, .T. ) ;
#578 = ORIENTED_EDGE ( 'NONE', *, *, #11, .T. ) ;
#579 = VECTOR ( 'NONE', #1556, 1000.000000000000000 ) ;
#580 = STYLED_ITEM ( 'NONE', ( #1895 ), #3079 ) ;
#581 = AXIS2_PLACEMENT_3D ( 'NONE', #2284, #3051, #583 ) ;
#582 = CARTESIAN_POINT ( 'NONE',  ( 5.479744811588822984, -13.89999999999999858, 2.637127190577125191 ) ) ;
#583 = DIRECTION ( 'NONE',  ( 1.000000000000000000, 0.000000000000000000, 0.000000000000000000 ) ) ;
#584 = DIRECTION ( 'NONE',  ( -7.885106708985490266E-17, -1.000000000000000000, 0.000000000000000000 ) ) ;
#585 = CIRCLE ( 'NONE', #1313, 10.00000000000000178 ) ;
#586 = AXIS2_PLACEMENT_3D ( 'NONE', #3651, #2795, #4523 ) ;
#587 = EDGE_CURVE ( 'NONE', #3726, #5476, #3161, .T. ) ;
#588 = CARTESIAN_POINT ( 'NONE',  ( 12.00000000000000000, -16.99999999999999645, 0.9999999999999701350 ) ) ;
#589 = AXIS2_PLACEMENT_3D ( 'NONE', #2747, #37, #6 ) ;
#590 = CARTESIAN_POINT ( 'NONE',  ( -13.10869565217391219, 5.500000000000000000, 1.406512412935411849 ) ) ;
#591 = DIRECTION ( 'NONE',  ( -0.000000000000000000, 1.000000000000000000, 0.000000000000000000 ) ) ;
#592 = CARTESIAN_POINT ( 'NONE',  ( 6.478435652084950647, 4.250000000000000000, 30.00000000000000000 ) ) ;
#593 = DIRECTION ( 'NONE',  ( 0.000000000000000000, -1.000000000000000000, 0.000000000000000000 ) ) ;
#594 = TOROIDAL_SURFACE ( 'NONE', #3765, 11.50000000000000000, 1.500000000000000000 ) ;
#595 = AXIS2_PLACEMENT_3D ( 'NONE', #3208, #4962, #2802 ) ;
#596 = VERTEX_POINT ( 'NONE', #93 ) ;
#597 = VERTEX_POINT ( 'NONE', #4886 ) ;
#598 = CARTESIAN_POINT ( 'NONE',  ( 9.010594162098090720, 5.535079271003109369, 33.00000000000000000 ) ) ;
#599 = DIRECTION ( 'NONE',  ( 1.000000000000000000, 0.000000000000000000, 0.000000000000000000 ) ) ;
#600 = DIRECTION ( 'NONE',  ( 0.000000000000000000, 0.000000000000000000, -1.000000000000000000 ) ) ;
#601 = EDGE_LOOP ( 'NONE', ( #3033, #2644, #2255, #1079 ) ) ;
#602 = CARTESIAN_POINT ( 'NONE',  ( -17.00000000000000000, 0.000000000000000000, 28.00000000000000000 ) ) ;
#603 = VERTEX_POINT ( 'NONE', #41 ) ;
#604 = ORIENTED_EDGE ( 'NONE', *, *, #2275, .F. ) ;
#605 = VERTEX_POINT ( 'NONE', #2647 ) ;
#606 = DIRECTION ( 'NONE',  ( 1.000000000000000000, 0.000000000000000000, 0.000000000000000000 ) ) ;
#607 = DIRECTION ( 'NONE',  ( 1.000000000000000000, 0.000000000000000000, 0.000000000000000000 ) ) ;
#608 = ORIENTED_EDGE ( 'NONE', *, *, #3316, .T. ) ;
#609 = VERTEX_POINT ( 'NONE', #1859 ) ;
#610 = VERTEX_POINT ( 'NONE', #1776 ) ;
#611 = CARTESIAN_POINT ( 'NONE',  ( 13.49999999999999645, 15.55988431833605290, 25.00000000000000000 ) ) ;
#612 = CARTESIAN_POINT ( 'NONE',  ( 4.999999999999996447, 21.93741096848030026, 17.00000000000000000 ) ) ;
#613 = EDGE_CURVE ( 'NONE', #3075, #1186, #4408, .T. ) ;
#614 = EDGE_CURVE ( 'NONE', #1599, #2302, #28, .T. ) ;
#615 = CARTESIAN_POINT ( 'NONE',  ( -3.499999999999999112, -18.77658115845374454, 15.49999999999998757 ) ) ;
#616 = CARTESIAN_POINT ( 'NONE',  ( 13.50000000000000000, 5.500000000000000000, 0.000000000000000000 ) ) ;
#617 = EDGE_CURVE ( 'NONE', #4108, #1288, #5228, .T. ) ;
#618 = DIRECTION ( 'NONE',  ( 0.000000000000000000, 0.000000000000000000, -1.000000000000000000 ) ) ;
#619 = CARTESIAN_POINT ( 'NONE',  ( 17.00000000000000000, -4.250000000000000000, 5.000000000000000000 ) ) ;
#620 = EDGE_CURVE ( 'NONE', #2872, #4292, #1354, .T. ) ;
#621 = DIRECTION ( 'NONE',  ( 0.000000000000000000, 1.000000000000000000, 0.000000000000000000 ) ) ;
#622 = CARTESIAN_POINT ( 'NONE',  ( 0.000000000000000000, 0.000000000000000000, 17.00000000000000000 ) ) ;
#623 = DIRECTION ( 'NONE',  ( 1.849736814544525113E-16, 1.000000000000000000, 3.421526283081326831E-32 ) ) ;
#624 = VERTEX_POINT ( 'NONE', #1377 ) ;
#625 = ORIENTED_EDGE ( 'NONE', *, *, #11, .F. ) ;
#626 = DIRECTION ( 'NONE',  ( 1.000000000000000000, 0.000000000000000000, 0.000000000000000000 ) ) ;
#627 = CARTESIAN_POINT ( 'NONE',  ( -12.00000000000000000, 5.500000000000000000, 0.3961689313160864367 ) ) ;
#628 = CARTESIAN_POINT ( 'NONE',  ( -13.50000000000000000, -5.500000000000000000, 0.3961689313160864367 ) ) ;
#629 = DIRECTION ( 'NONE',  ( -0.4439972812101554145, -0.5503330030790331007, 0.7071067811865497932 ) ) ;
#630 = ORIENTED_EDGE ( 'NONE', *, *, #5112, .T. ) ;
#631 = EDGE_LOOP ( 'NONE', ( #4648, #2699, #3705, #4639 ) ) ;
#632 = CARTESIAN_POINT ( 'NONE',  ( 0.000000000000000000, 0.000000000000000000, 15.50000000000001243 ) ) ;
#633 = DIRECTION ( 'NONE',  ( 0.000000000000000000, 0.000000000000000000, 1.000000000000000000 ) ) ;
#634 = ORIENTED_EDGE ( 'NONE', *, *, #232, .F. ) ;
#635 = VERTEX_POINT ( 'NONE', #3077 ) ;
#636 = DIRECTION ( 'NONE',  ( -1.000000000000000000, 1.334402673828313339E-16, 0.000000000000000000 ) ) ;
#637 = DIRECTION ( 'NONE',  ( 0.000000000000000000, 1.000000000000000000, -0.000000000000000000 ) ) ;
#638 = CARTESIAN_POINT ( 'NONE',  ( 12.51699029126213247, 14.42688303302032260, 24.49999999999999289 ) ) ;
#639 = FACE_OUTER_BOUND ( 'NONE', #299, .T. ) ;
#640 = EDGE_CURVE ( 'NONE', #1062, #422, #2730, .T. ) ;
#641 = CARTESIAN_POINT ( 'NONE',  ( -11.70000000000000107, -5.500000000000000000, 0.000000000000000000 ) ) ;
#642 = DIRECTION ( 'NONE',  ( 0.000000000000000000, 0.000000000000000000, 1.000000000000000000 ) ) ;
#643 = VECTOR ( 'NONE', #3520, 1000.000000000000000 ) ;
#644 = CARTESIAN_POINT ( 'NONE',  ( -9.799999999999998934, 4.250000000000000000, 0.000000000000000000 ) ) ;
#645 = EDGE_CURVE ( 'NONE', #5167, #3678, #3108, .T. ) ;
#646 = FILL_AREA_STYLE ('',( #269 ) ) ;
#647 = EDGE_CURVE ( 'NONE', #5244, #12, #4831, .T. ) ;
#648 = ORIENTED_EDGE ( 'NONE', *, *, #4486, .F. ) ;
#649 = ORIENTED_EDGE ( 'NONE', *, *, #1594, .T. ) ;
#650 = DIRECTION ( 'NONE',  ( 0.000000000000000000, 0.000000000000000000, -1.000000000000000000 ) ) ;
#651 = DIRECTION ( 'NONE',  ( 0.000000000000000000, 0.000000000000000000, 1.000000000000000000 ) ) ;
#652 = CARTESIAN_POINT ( 'NONE',  ( 7.021564347915039583, 1.149999999999999911, 0.000000000000000000 ) ) ;
#653 = ORIENTED_EDGE ( 'NONE', *, *, #4422, .F. ) ;
#654 = EDGE_CURVE ( 'NONE', #4853, #3825, #926, .T. ) ;
#655 = EDGE_LOOP ( 'NONE', ( #786, #2390, #2021, #4595 ) ) ;
#656 = ORIENTED_EDGE ( 'NONE', *, *, #1819, .F. ) ;
#657 = CARTESIAN_POINT ( 'NONE',  ( 0.000000000000000000, 0.000000000000000000, 33.00000000000000000 ) ) ;
#658 = DIRECTION ( 'NONE',  ( 1.000000000000000000, 0.000000000000000000, 0.000000000000000000 ) ) ;
#659 = ORIENTED_EDGE ( 'NONE', *, *, #5322, .F. ) ;
#660 = CIRCLE ( 'NONE', #3120, 1.499999999999999556 ) ;
#661 = AXIS2_PLACEMENT_3D ( 'NONE', #2148, #1666, #4783 ) ;
#662 = ORIENTED_EDGE ( 'NONE', *, *, #4937, .T. ) ;
#663 = EDGE_LOOP ( 'NONE', ( #831, #1068, #659, #2611 ) ) ;
#664 = CARTESIAN_POINT ( 'NONE',  ( -11.50000000000000000, 4.250000000000000000, 28.00000000000000000 ) ) ;
#665 = CARTESIAN_POINT ( 'NONE',  ( 20.50000000000000000, -18.50000000000000000, 8.142135623730929694 ) ) ;
#666 = VECTOR ( 'NONE', #1704, 1000.000000000000000 ) ;
#667 = AXIS2_PLACEMENT_3D ( 'NONE', #4995, #1495, #2429 ) ;
#668 = DIRECTION ( 'NONE',  ( -1.000000000000000000, 0.000000000000000000, 0.000000000000000000 ) ) ;
#669 = CARTESIAN_POINT ( 'NONE',  ( -22.50000000000000355, 2.786071468060228565E-15, 10.00000000000000000 ) ) ;
#670 = AXIS2_PLACEMENT_3D ( 'NONE', #740, #2525, #5128 ) ;
#671 = AXIS2_PLACEMENT_3D ( 'NONE', #4845, #972, #53 ) ;
#672 = VECTOR ( 'NONE', #424, 1000.000000000000000 ) ;
#673 = DIRECTION ( 'NONE',  ( 1.000000000000000000, 0.000000000000000000, 0.000000000000000000 ) ) ;
#674 = AXIS2_PLACEMENT_3D ( 'NONE', #2352, #1891, #4498 ) ;
#675 = DIRECTION ( 'NONE',  ( 1.000000000000000000, 0.000000000000000000, 0.000000000000000000 ) ) ;
#676 = CIRCLE ( 'NONE', #2217, 18.60000000000000853 ) ;
#677 = CARTESIAN_POINT ( 'NONE',  ( -11.50000000000000000, -7.750000000000000000, 28.00000000000000000 ) ) ;
#678 = VECTOR ( 'NONE', #668, 1000.000000000000000 ) ;
#679 = ORIENTED_EDGE ( 'NONE', *, *, #1647, .F. ) ;
#680 = VECTOR ( 'NONE', #5026, 1000.000000000000114 ) ;
#681 = ORIENTED_EDGE ( 'NONE', *, *, #165, .T. ) ;
#682 = ADVANCED_FACE ( 'NONE', ( #2621 ), #151, .T. ) ;
#683 = DIRECTION ( 'NONE',  ( 0.000000000000000000, 1.000000000000000000, 0.000000000000000000 ) ) ;
#684 = LINE ( 'NONE', #194, #1862 ) ;
#685 = EDGE_CURVE ( 'NONE', #3067, #2645, #960, .T. ) ;
#686 = AXIS2_PLACEMENT_3D ( 'NONE', #4713, #4321, #3870 ) ;
#687 = EDGE_CURVE ( 'NONE', #2442, #1066, #4801, .T. ) ;
#688 = CARTESIAN_POINT ( 'NONE',  ( 14.44186046511627453, 17.90063312584533861, 24.49999999999999289 ) ) ;
#689 = VECTOR ( 'NONE', #2610, 1000.000000000000000 ) ;
#690 = ORIENTED_EDGE ( 'NONE', *, *, #4865, .T. ) ;
#691 = ORIENTED_EDGE ( 'NONE', *, *, #4224, .T. ) ;
#692 = CARTESIAN_POINT ( 'NONE',  ( 6.500000000000002665, -17.95995545651491909, 21.00000000000000000 ) ) ;
#693 = DIRECTION ( 'NONE',  ( 0.8520759863078154472, -0.5234181058748001991, 0.000000000000000000 ) ) ;
#694 = EDGE_CURVE ( 'NONE', #1962, #5582, #3618, .T. ) ;
#695 = ORIENTED_EDGE ( 'NONE', *, *, #3148, .T. ) ;
#696 = EDGE_LOOP ( 'NONE', ( #4264, #2861, #1336 ) ) ;
#697 = VERTEX_POINT ( 'NONE', #3956 ) ;
#698 = LINE ( 'NONE', #2371, #4372 ) ;
#699 = DIRECTION ( 'NONE',  ( 0.000000000000000000, 1.000000000000000000, 0.000000000000000000 ) ) ;
#700 = VERTEX_POINT ( 'NONE', #70 ) ;
#701 = DIRECTION ( 'NONE',  ( 0.000000000000000000, 0.000000000000000000, 1.000000000000000000 ) ) ;
#702 = DIRECTION ( 'NONE',  ( 0.000000000000000000, -1.000000000000000000, 0.000000000000000000 ) ) ;
#703 = LINE ( 'NONE', #4159, #4552 ) ;
#704 = DIRECTION ( 'NONE',  ( 0.000000000000000000, 0.000000000000000000, -1.000000000000000000 ) ) ;
#705 = CARTESIAN_POINT ( 'NONE',  ( 3.500000000000000888, 20.19999999999999574, 15.49999999999998579 ) ) ;
#706 = EDGE_LOOP ( 'NONE', ( #4992, #3525, #3914, #2342, #4093, #1518 ) ) ;
#707 = ORIENTED_EDGE ( 'NONE', *, *, #3351, .T. ) ;
#708 = CYLINDRICAL_SURFACE ( 'NONE', #4015, 23.00000000000000000 ) ;
#709 = CARTESIAN_POINT ( 'NONE',  ( -6.208387876660300009, 3.819331721568715476, 30.00000000000000000 ) ) ;
#710 = CARTESIAN_POINT ( 'NONE',  ( 17.00000000000000000, -4.250000000000000000, 28.00000000000000000 ) ) ;
#711 = EDGE_LOOP ( 'NONE', ( #2811, #844, #80, #309 ) ) ;
#712 = EDGE_CURVE ( 'NONE', #422, #4656, #5397, .T. ) ;
#713 = EDGE_LOOP ( 'NONE', ( #4367, #1429, #3430, #4223, #153 ) ) ;
#714 = EDGE_CURVE ( 'NONE', #5068, #4175, #4950, .T. ) ;
#715 = ORIENTED_EDGE ( 'NONE', *, *, #1963, .F. ) ;
#716 = DIRECTION ( 'NONE',  ( -4.081702296416015011E-16, 1.000000000000000000, 0.000000000000000000 ) ) ;
#717 = DIRECTION ( 'NONE',  ( 0.000000000000000000, 0.000000000000000000, 1.000000000000000000 ) ) ;
#718 = EDGE_CURVE ( 'NONE', #2958, #19, #3573, .T. ) ;
#719 = ORIENTED_EDGE ( 'NONE', *, *, #4725, .F. ) ;
#720 = EDGE_CURVE ( 'NONE', #3825, #5238, #1568, .T. ) ;
#721 = ORIENTED_EDGE ( 'NONE', *, *, #2203, .F. ) ;
#722 = CARTESIAN_POINT ( 'NONE',  ( 14.99999999999999822, -16.73320053068151125, 24.50000000000000000 ) ) ;
#723 = DIRECTION ( 'NONE',  ( -0.000000000000000000, -1.000000000000000000, -0.000000000000000000 ) ) ;
#724 = VERTEX_POINT ( 'NONE', #1462 ) ;
#725 = DIRECTION ( 'NONE',  ( 0.000000000000000000, 0.000000000000000000, 1.000000000000000000 ) ) ;
#726 = CARTESIAN_POINT ( 'NONE',  ( -7.021564347915049353, 1.449999999999999956, 30.00000000000000000 ) ) ;
#727 = CARTESIAN_POINT ( 'NONE',  ( 13.50000000000000000, -16.99999999999999645, 0.3961689313160968728 ) ) ;
#728 = CARTESIAN_POINT ( 'NONE',  ( 14.99999999999999645, 23.43538973435889616, 24.50000000000000000 ) ) ;
#729 = ITEM_DEFINED_TRANSFORMATION ( 'NONE', 'NONE', #1938,  #4649 ) ;
#730 = VERTEX_POINT ( 'NONE', #612 ) ;
#731 = ORIENTED_EDGE ( 'NONE', *, *, #614, .T. ) ;
#732 = AXIS2_PLACEMENT_3D ( 'NONE', #4584, #1917, #704 ) ;
#733 = CARTESIAN_POINT ( 'NONE',  ( 9.010594162098090720, 5.535079271003109369, 33.00000000000000000 ) ) ;
#734 = DIRECTION ( 'NONE',  ( 0.000000000000000000, 0.7071067811865451302, -0.7071067811865500152 ) ) ;
#735 = AXIS2_PLACEMENT_3D ( 'NONE', #4786, #1361, #2630 ) ;
#736 = DIRECTION ( 'NONE',  ( 0.000000000000000000, 0.000000000000000000, -1.000000000000000000 ) ) ;
#737 = CYLINDRICAL_SURFACE ( 'NONE', #1034, 1.499999999999999556 ) ;
#738 = ORIENTED_EDGE ( 'NONE', *, *, #5421, .T. ) ;
#739 = VERTEX_POINT ( 'NONE', #1070 ) ;
#740 = CARTESIAN_POINT ( 'NONE',  ( 20.50000000000000000, -5.500000000000000000, 8.142135623730929694 ) ) ;
#741 = CARTESIAN_POINT ( 'NONE',  ( -12.00000000000000000, -17.00000000000000000, 0.3961689313160864367 ) ) ;
#742 = VERTEX_POINT ( 'NONE', #282 ) ;
#743 = ADVANCED_FACE ( 'NONE', ( #262 ), #1912, .F. ) ;
#744 = ORIENTED_EDGE ( 'NONE', *, *, #3461, .F. ) ;
#745 = EDGE_LOOP ( 'NONE', ( #4059, #1965, #1975, #2959 ) ) ;
#746 = DIRECTION ( 'NONE',  ( 0.000000000000000000, -0.7071067811865500152, 0.7071067811865451302 ) ) ;
#747 = CARTESIAN_POINT ( 'NONE',  ( 3.500000000000000888, -25.00097558654236707, -21.20097558654202885 ) ) ;
#748 = EDGE_CURVE ( 'NONE', #1252, #2958, #3680, .T. ) ;
#749 = DIRECTION ( 'NONE',  ( -0.000000000000000000, -0.000000000000000000, 1.000000000000000000 ) ) ;
#750 = EDGE_LOOP ( 'NONE', ( #2567, #2849, #512, #3068, #974 ) ) ;
#751 = DIRECTION ( 'NONE',  ( 0.000000000000000000, 0.000000000000000000, -1.000000000000000000 ) ) ;
#752 = EDGE_CURVE ( 'NONE', #2473, #1988, #1154, .T. ) ;
#753 = CIRCLE ( 'NONE', #3477, 0.9999999999999956701 ) ;
#754 = ADVANCED_FACE ( 'NONE', ( #206 ), #2306, .F. ) ;
#755 = DIRECTION ( 'NONE',  ( 0.000000000000000000, 0.000000000000000000, -1.000000000000000000 ) ) ;
#756 = CIRCLE ( 'NONE', #207, 3.249999999999999556 ) ;
#757 = CONICAL_SURFACE ( 'NONE', #5366, 0.9999999999999956701, 0.7853981633974450594 ) ;
#758 = AXIS2_PLACEMENT_3D ( 'NONE', #1010, #2195, #1408 ) ;
#759 = DIRECTION ( 'NONE',  ( 0.000000000000000000, 0.000000000000000000, 1.000000000000000000 ) ) ;
#760 = CARTESIAN_POINT ( 'NONE',  ( 7.500000000000000000, 17.30000000000000071, 6.000000000000000000 ) ) ;
#761 = EDGE_CURVE ( 'NONE', #1375, #2713, #5032, .T. ) ;
#762 = VECTOR ( 'NONE', #1900, 1000.000000000000000 ) ;
#763 = COLOUR_RGB ( '',0.7921568627450980005, 0.8196078431372548767, 0.9333333333333333481 ) ;
#764 = VECTOR ( 'NONE', #3365, 1000.000000000000000 ) ;
#765 = EDGE_LOOP ( 'NONE', ( #4911, #3135 ) ) ;
#766 = ORIENTED_EDGE ( 'NONE', *, *, #1517, .F. ) ;
#767 = AXIS2_PLACEMENT_3D ( 'NONE', #2122, #1669, #2462 ) ;
#768 = PRODUCT_DEFINITION_FORMATION_WITH_SPECIFIED_SOURCE ( 'ä»', '', #467, .NOT_KNOWN. ) ;
#769 = AXIS2_PLACEMENT_3D ( 'NONE', #525, #458, #496 ) ;
#770 = FILL_AREA_STYLE ('',( #3341 ) ) ;
#771 = CARTESIAN_POINT ( 'NONE',  ( 11.50000000000000000, -2.250000000000000000, 28.00000000000000000 ) ) ;
#772 = PLANE ( 'NONE',  #781 ) ;
#773 = LINE ( 'NONE', #2068, #1397 ) ;
#774 = AXIS2_PLACEMENT_3D ( 'NONE', #2373, #2731, #5398 ) ;
#775 = AXIS2_PLACEMENT_3D ( 'NONE', #5474, #201, #2426 ) ;
#776 = ORIENTED_EDGE ( 'NONE', *, *, #2351, .F. ) ;
#777 = VERTEX_POINT ( 'NONE', #3757 ) ;
#778 = CARTESIAN_POINT ( 'NONE',  ( 6.208387876660290239, 3.819331721568715476, 6.938893903907229955E-15 ) ) ;
#779 = VECTOR ( 'NONE', #5407, 1000.000000000000000 ) ;
#780 = CARTESIAN_POINT ( 'NONE',  ( 5.594423411474510388, 18.26291094646329682, 20.71175725668209822 ) ) ;
#781 = AXIS2_PLACEMENT_3D ( 'NONE', #3460, #4227, #2498 ) ;
#782 = ORIENTED_EDGE ( 'NONE', *, *, #3103, .F. ) ;
#783 = ORIENTED_EDGE ( 'NONE', *, *, #3807, .F. ) ;
#784 = DIRECTION ( 'NONE',  ( 1.000000000000000000, 0.000000000000000000, 0.000000000000000000 ) ) ;
#785 = DIRECTION ( 'NONE',  ( 0.000000000000000000, 0.000000000000000000, -1.000000000000000000 ) ) ;
#786 = ORIENTED_EDGE ( 'NONE', *, *, #1721, .F. ) ;
#787 = DIRECTION ( 'NONE',  ( -0.4336462817275460457, 0.000000000000000000, -0.9010831828104849395 ) ) ;
#788 = CARTESIAN_POINT ( 'NONE',  ( -9.000000000000001776, 16.99999999999999645, 8.142135623730919036 ) ) ;
#789 = VECTOR ( 'NONE', #4051, 1000.000000000000000 ) ;
#790 = EDGE_CURVE ( 'NONE', #896, #2808, #3251, .T. ) ;
#791 = DIRECTION ( 'NONE',  ( 0.000000000000000000, 0.000000000000000000, 1.000000000000000000 ) ) ;
#792 = EDGE_CURVE ( 'NONE', #777, #2076, #1847, .T. ) ;
#793 = CARTESIAN_POINT ( 'NONE',  ( 0.000000000000000000, 0.000000000000000000, 17.00000000000000000 ) ) ;
#794 = ITEM_DEFINED_TRANSFORMATION ( 'NONE', 'NONE', #1041,  #4649 ) ;
#795 = EDGE_LOOP ( 'NONE', ( #3127, #5145, #2467, #3828 ) ) ;
#796 = DIRECTION ( 'NONE',  ( 1.000000000000000000, 0.000000000000000000, 0.000000000000000000 ) ) ;
#797 = EDGE_CURVE ( 'NONE', #230, #4754, #5372, .T. ) ;
#798 = ORIENTED_EDGE ( 'NONE', *, *, #4632, .F. ) ;
#799 = DIRECTION ( 'NONE',  ( -1.000000000000000000, 0.000000000000000000, 0.000000000000000000 ) ) ;
#800 = CARTESIAN_POINT ( 'NONE',  ( -12.00000000000000000, 0.7500000000000000000, 5.000000000000000000 ) ) ;
#801 = CYLINDRICAL_SURFACE ( 'NONE', #2678, 1.500000000000000000 ) ;
#802 = CARTESIAN_POINT ( 'NONE',  ( 0.000000000000000000, 0.1499999999999999667, 24.99999999999999645 ) ) ;
#803 = ORIENTED_EDGE ( 'NONE', *, *, #3904, .F. ) ;
#804 = ORIENTED_EDGE ( 'NONE', *, *, #712, .F. ) ;
#805 = DIRECTION ( 'NONE',  ( 1.000000000000000000, 0.000000000000000000, 0.000000000000000000 ) ) ;
#806 = DIRECTION ( 'NONE',  ( 0.000000000000000000, 1.000000000000000000, 0.000000000000000000 ) ) ;
#807 = ORIENTED_EDGE ( 'NONE', *, *, #2324, .F. ) ;
#808 = ORIENTED_EDGE ( 'NONE', *, *, #2935, .F. ) ;
#809 = ORIENTED_EDGE ( 'NONE', *, *, #3532, .F. ) ;
#810 = DIRECTION ( 'NONE',  ( -0.8192319205190404796, 0.000000000000000000, 0.5734623443633283246 ) ) ;
#811 = DIRECTION ( 'NONE',  ( 0.000000000000000000, 0.000000000000000000, -1.000000000000000000 ) ) ;
#812 = CARTESIAN_POINT ( 'NONE',  ( 4.999999999999996447, 21.93741096848030026, 17.00000000000000000 ) ) ;
#813 = CYLINDRICAL_SURFACE ( 'NONE', #1217, 3.249999999999999556 ) ;
#814 = CARTESIAN_POINT ( 'NONE',  ( 15.00000000000000000, 1.836970198721029589E-15, 15.50000000000001243 ) ) ;
#815 = DIRECTION ( 'NONE',  ( -1.000000000000000000, 1.334402673828313339E-16, 0.000000000000000000 ) ) ;
#816 = EDGE_CURVE ( 'NONE', #4714, #2674, #3115, .T. ) ;
#817 = ORIENTED_EDGE ( 'NONE', *, *, #434, .T. ) ;
#818 = CYLINDRICAL_SURFACE ( 'NONE', #290, 0.2999999999999999334 ) ;
#819 = LINE ( 'NONE', #377, #4023 ) ;
#820 = EDGE_CURVE ( 'NONE', #635, #3217, #1496, .T. ) ;
#821 = DIRECTION ( 'NONE',  ( 1.000000000000000000, 8.881784197001252323E-16, 0.000000000000000000 ) ) ;
#822 = CARTESIAN_POINT ( 'NONE',  ( 5.859999999999999432, -13.40000000000001279, 6.000000000000000000 ) ) ;
#823 = CARTESIAN_POINT ( 'NONE',  ( -11.50000000000000000, 0.7500000000000000000, 5.000000000000000000 ) ) ;
#824 = ADVANCED_FACE ( 'NONE', ( #4516 ), #237, .F. ) ;
#825 = ORIENTED_EDGE ( 'NONE', *, *, #1314, .F. ) ;
#826 = VERTEX_POINT ( 'NONE', #2344 ) ;
#827 = CARTESIAN_POINT ( 'NONE',  ( 19.10000000000000142, 0.000000000000000000, 15.00000000000000178 ) ) ;
#828 = CARTESIAN_POINT ( 'NONE',  ( 12.51699029126213070, 14.42688303302032082, 21.00000000000000000 ) ) ;
#829 = AXIS2_PLACEMENT_3D ( 'NONE', #4267, #3791, #293 ) ;
#830 = EDGE_CURVE ( 'NONE', #3432, #4503, #3485, .T. ) ;
#831 = ORIENTED_EDGE ( 'NONE', *, *, #4879, .F. ) ;
#832 = ORIENTED_EDGE ( 'NONE', *, *, #3252, .F. ) ;
#833 = FACE_OUTER_BOUND ( 'NONE', #4537, .T. ) ;
#834 = FACE_OUTER_BOUND ( 'NONE', #518, .T. ) ;
#835 = ORIENTED_EDGE ( 'NONE', *, *, #1424, .T. ) ;
#836 = CARTESIAN_POINT ( 'NONE',  ( 11.50000000000000000, -7.750000000000000000, 28.00000000000000000 ) ) ;
#837 = ORIENTED_EDGE ( 'NONE', *, *, #830, .F. ) ;
#838 = PLANE ( 'NONE',  #575 ) ;
#839 = FACE_OUTER_BOUND ( 'NONE', #4353, .T. ) ;
#840 = DIRECTION ( 'NONE',  ( 1.000000000000000000, 0.000000000000000000, 0.000000000000000000 ) ) ;
#841 = FACE_OUTER_BOUND ( 'NONE', #1922, .T. ) ;
#842 = CIRCLE ( 'NONE', #4004, 1.499999999999999556 ) ;
#843 = AXIS2_PLACEMENT_3D ( 'NONE', #882, #2175, #4304 ) ;
#844 = ORIENTED_EDGE ( 'NONE', *, *, #1169, .F. ) ;
#845 = FACE_OUTER_BOUND ( 'NONE', #1090, .T. ) ;
#846 = CARTESIAN_POINT ( 'NONE',  ( -11.95000000000000107, 0.7500000000000000000, 33.00000000000000000 ) ) ;
#847 = VECTOR ( 'NONE', #2883, 1000.000000000000000 ) ;
#848 = AXIS2_PLACEMENT_3D ( 'NONE', #4318, #1320, #2102 ) ;
#849 = CARTESIAN_POINT ( 'NONE',  ( -13.10869565217391219, -5.500000000000000000, 1.406512412935411849 ) ) ;
#850 = CIRCLE ( 'NONE', #381, 1.499999999999999556 ) ;
#851 = CARTESIAN_POINT ( 'NONE',  ( 3.000000000000003553, -18.35647024893403412, 15.00000000000000178 ) ) ;
#852 = DIRECTION ( 'NONE',  ( 0.000000000000000000, 1.000000000000000000, 0.000000000000000000 ) ) ;
#853 = EDGE_CURVE ( 'NONE', #5561, #730, #2117, .T. ) ;
#854 = EDGE_LOOP ( 'NONE', ( #2273, #4141, #1346, #4960, #2244, #5503 ) ) ;
#855 = AXIS2_PLACEMENT_3D ( 'NONE', #1817, #4765, #2270 ) ;
#856 = CIRCLE ( 'NONE', #5461, 2.499999999999995115 ) ;
#857 = VECTOR ( 'NONE', #4441, 1000.000000000000227 ) ;
#858 = ORIENTED_EDGE ( 'NONE', *, *, #265, .T. ) ;
#859 = CARTESIAN_POINT ( 'NONE',  ( 6.500000000000000000, 17.95995545651492264, 21.00000000000000000 ) ) ;
#860 = EDGE_CURVE ( 'NONE', #2698, #5052, #3929, .T. ) ;
#861 = CYLINDRICAL_SURFACE ( 'NONE', #2659, 0.5000000000000000000 ) ;
#862 = EDGE_CURVE ( 'NONE', #4022, #1252, #477, .T. ) ;
#863 = LINE ( 'NONE', #3805, #4575 ) ;
#864 = VECTOR ( 'NONE', #4135, 1000.000000000000000 ) ;
#865 = AXIS2_PLACEMENT_3D ( 'NONE', #2011, #3821, #5577 ) ;
#866 = EDGE_CURVE ( 'NONE', #2805, #635, #4790, .T. ) ;
#867 = ORIENTED_EDGE ( 'NONE', *, *, #3500, .T. ) ;
#868 = VECTOR ( 'NONE', #5408, 1000.000000000000000 ) ;
#869 = VERTEX_POINT ( 'NONE', #944 ) ;
#870 = CIRCLE ( 'NONE', #2755, 2.499999999999995115 ) ;
#871 = LINE ( 'NONE', #4659, #4106 ) ;
#872 = ADVANCED_FACE ( 'NONE', ( #1337 ), #23, .F. ) ;
#873 = DIRECTION ( 'NONE',  ( 0.000000000000000000, 0.000000000000000000, 1.000000000000000000 ) ) ;
#874 = CARTESIAN_POINT ( 'NONE',  ( -6.604487272054067049, -13.89999999999999858, 0.2999999999999967693 ) ) ;
#875 = AXIS2_PLACEMENT_3D ( 'NONE', #5172, #3029, #2974 ) ;
#876 = AXIS2_PLACEMENT_3D ( 'NONE', #1059, #3262, #2778 ) ;
#877 = VERTEX_POINT ( 'NONE', #3002 ) ;
#878 = PLANE ( 'NONE',  #1753 ) ;
#879 = CARTESIAN_POINT ( 'NONE',  ( 11.49999999999999645, -16.99999999999999645, 10.00000000000000000 ) ) ;
#880 = LINE ( 'NONE', #2600, #5001 ) ;
#881 = ORIENTED_EDGE ( 'NONE', *, *, #3383, .F. ) ;
#882 = CARTESIAN_POINT ( 'NONE',  ( 0.000000000000000000, 1.149999999999999911, 24.99999999999999645 ) ) ;
#883 = CARTESIAN_POINT ( 'NONE',  ( 11.95000000000000107, 0.7500000000000000000, 31.21869538788619991 ) ) ;
#884 = DIRECTION ( 'NONE',  ( 0.000000000000000000, 0.000000000000000000, 1.000000000000000000 ) ) ;
#885 = CARTESIAN_POINT ( 'NONE',  ( 10.44943371368185758, 3.192782326564427731, 24.83149238651494528 ) ) ;
#886 = DIRECTION ( 'NONE',  ( 0.000000000000000000, 0.000000000000000000, -1.000000000000000000 ) ) ;
#887 = ORIENTED_EDGE ( 'NONE', *, *, #3004, .T. ) ;
#888 = ORIENTED_EDGE ( 'NONE', *, *, #187, .F. ) ;
#889 = CARTESIAN_POINT ( 'NONE',  ( -12.00000000000000000, -17.00000000000000000, 0.3961689313160864367 ) ) ;
#890 = DIRECTION ( 'NONE',  ( -0.000000000000000000, -0.000000000000000000, 1.000000000000000000 ) ) ;
#891 = CARTESIAN_POINT ( 'NONE',  ( 33.50000000000000000, 5.500000000000000000, 6.000000000000000000 ) ) ;
#892 = APPLICATION_CONTEXT ( 'automotive_design' ) ;
#893 = ADVANCED_FACE ( 'NONE', ( #3091 ), #913, .F. ) ;
#894 = EDGE_CURVE ( 'NONE', #297, #2524, #5480, .T. ) ;
#895 = VERTEX_POINT ( 'NONE', #1788 ) ;
#896 = VERTEX_POINT ( 'NONE', #859 ) ;
#897 = CARTESIAN_POINT ( 'NONE',  ( -5.859999999999999432, -13.39999999999999858, 3.000000000000000000 ) ) ;
#898 = CARTESIAN_POINT ( 'NONE',  ( 3.000000000000003997, 19.69999999999999929, 15.00000000000000178 ) ) ;
#899 = EDGE_CURVE ( 'NONE', #3536, #2336, #4336, .T. ) ;
#900 = PLANE ( 'NONE',  #4394 ) ;
#901 = EDGE_CURVE ( 'NONE', #4471, #4708, #3526, .T. ) ;
#902 = ORIENTED_EDGE ( 'NONE', *, *, #2542, .F. ) ;
#903 = DIRECTION ( 'NONE',  ( 0.000000000000000000, 1.000000000000000000, 0.000000000000000000 ) ) ;
#904 = DIRECTION ( 'NONE',  ( -1.000000000000000000, 1.334402673828313339E-16, 0.000000000000000000 ) ) ;
#905 = DIRECTION ( 'NONE',  ( -1.000000000000000000, 0.000000000000000000, -1.922559782856448196E-16 ) ) ;
#906 = ORIENTED_EDGE ( 'NONE', *, *, #4384, .F. ) ;
#907 = CARTESIAN_POINT ( 'NONE',  ( -6.604487272054069713, 18.50000000000000000, -0.2000000000000025091 ) ) ;
#908 = CARTESIAN_POINT ( 'NONE',  ( -3.499999999999999112, 18.77658115845374454, 15.49999999999998579 ) ) ;
#909 = DIRECTION ( 'NONE',  ( 1.265177859526988718E-16, -1.000000000000000000, 0.000000000000000000 ) ) ;
#910 = LINE ( 'NONE', #4416, #386 ) ;
#911 = ORIENTED_EDGE ( 'NONE', *, *, #5009, .F. ) ;
#912 = ORIENTED_EDGE ( 'NONE', *, *, #2142, .F. ) ;
#913 = CYLINDRICAL_SURFACE ( 'NONE', #3213, 19.10000000000000142 ) ;
#914 = DIRECTION ( 'NONE',  ( 0.000000000000000000, 0.000000000000000000, -1.000000000000000000 ) ) ;
#915 = DIRECTION ( 'NONE',  ( -0.7071067811865451302, 0.000000000000000000, -0.7071067811865500152 ) ) ;
#916 = ORIENTED_EDGE ( 'NONE', *, *, #971, .F. ) ;
#917 = ORIENTED_EDGE ( 'NONE', *, *, #5601, .F. ) ;
#918 = ORIENTED_EDGE ( 'NONE', *, *, #1713, .F. ) ;
#919 = CARTESIAN_POINT ( 'NONE',  ( -11.70000000000000107, 17.30000000000000071, 4.336808689942014778E-16 ) ) ;
#920 = DIRECTION ( 'NONE',  ( 0.000000000000000000, 1.000000000000000000, 0.000000000000000000 ) ) ;
#921 = VECTOR ( 'NONE', #2603, 1000.000000000000000 ) ;
#922 = EDGE_CURVE ( 'NONE', #700, #445, #1602, .T. ) ;
#923 = ORIENTED_EDGE ( 'NONE', *, *, #2922, .T. ) ;
#924 = ADVANCED_FACE ( 'NONE', ( #2635 ), #4208, .F. ) ;
#925 = CARTESIAN_POINT ( 'NONE',  ( 11.50000000000000000, -7.750000000000000000, 29.75000000000000000 ) ) ;
#926 = LINE ( 'NONE', #4003, #1213 ) ;
#927 = EDGE_CURVE ( 'NONE', #877, #2674, #1759, .T. ) ;
#928 = EDGE_CURVE ( 'NONE', #4662, #1815, #3661, .T. ) ;
#929 = PLANE ( 'NONE',  #3576 ) ;
#930 = CARTESIAN_POINT ( 'NONE',  ( 14.99999999999999645, 15.55988431833605290, 20.99999999999999645 ) ) ;
#931 = ORIENTED_EDGE ( 'NONE', *, *, #4869, .T. ) ;
#932 = DIRECTION ( 'NONE',  ( 0.000000000000000000, 0.000000000000000000, -1.000000000000000000 ) ) ;
#933 = CARTESIAN_POINT ( 'NONE',  ( 3.154362416107379996, -18.50000000000000000, 12.20805369127516116 ) ) ;
#934 = EDGE_CURVE ( 'NONE', #2076, #1375, #4362, .T. ) ;
#935 = CARTESIAN_POINT ( 'NONE',  ( 11.50000000000000000, 4.250000000000000000, 5.000000000000000000 ) ) ;
#936 = LINE ( 'NONE', #5294, #2863 ) ;
#937 = CARTESIAN_POINT ( 'NONE',  ( -9.184850993605149670E-17, 1.649999999999999911, 24.99999999999999645 ) ) ;
#938 = CIRCLE ( 'NONE', #4731, 0.9999999999999956701 ) ;
#939 = AXIS2_PLACEMENT_3D ( 'NONE', #3083, #4839, #932 ) ;
#940 = ORIENTED_EDGE ( 'NONE', *, *, #2032, .T. ) ;
#941 = ORIENTED_EDGE ( 'NONE', *, *, #4634, .T. ) ;
#942 = AXIS2_PLACEMENT_3D ( 'NONE', #632, #2873, #606 ) ;
#943 = AXIS2_PLACEMENT_3D ( 'NONE', #1567, #1093, #1911 ) ;
#944 = CARTESIAN_POINT ( 'NONE',  ( 11.50000000000000000, -2.250000000000000000, 6.750000000000000000 ) ) ;
#945 = VECTOR ( 'NONE', #618, 1000.000000000000000 ) ;
#946 = LINE ( 'NONE', #1844, #2115 ) ;
#947 = DIRECTION ( 'NONE',  ( -1.000000000000000000, 0.000000000000000000, 0.000000000000000000 ) ) ;
#948 = VECTOR ( 'NONE', #2605, 1000.000000000000000 ) ;
#949 = VECTOR ( 'NONE', #4996, 1000.000000000000000 ) ;
#950 = ORIENTED_EDGE ( 'NONE', *, *, #5050, .T. ) ;
#951 = ORIENTED_EDGE ( 'NONE', *, *, #5140, .F. ) ;
#952 = CARTESIAN_POINT ( 'NONE',  ( -8.250000000000000000, 4.250000000000000000, 28.00000000000000000 ) ) ;
#953 = AXIS2_PLACEMENT_3D ( 'NONE', #3084, #49, #3570 ) ;
#954 = DIRECTION ( 'NONE',  ( 0.000000000000000000, 0.000000000000000000, 1.000000000000000000 ) ) ;
#955 = AXIS2_PLACEMENT_3D ( 'NONE', #3991, #104, #1473 ) ;
#956 = VECTOR ( 'NONE', #584, 1000.000000000000000 ) ;
#957 = ORIENTED_EDGE ( 'NONE', *, *, #613, .F. ) ;
#958 = VECTOR ( 'NONE', #1800, 1000.000000000000000 ) ;
#959 = CARTESIAN_POINT ( 'NONE',  ( -11.50000000000000000, -4.250000000000000000, 28.00000000000000000 ) ) ;
#960 = LINE ( 'NONE', #5312, #485 ) ;
#961 = AXIS2_PLACEMENT_3D ( 'NONE', #419, #2066, #821 ) ;
#962 = DIRECTION ( 'NONE',  ( 0.000000000000000000, 0.000000000000000000, -1.000000000000000000 ) ) ;
#963 = CARTESIAN_POINT ( 'NONE',  ( -6.869999999999992113, -26.13000000000000256, 6.000000000000000000 ) ) ;
#964 = ADVANCED_FACE ( 'NONE', ( #3886 ), #1729, .T. ) ;
#965 = CIRCLE ( 'NONE', #501, 0.5000000000000000000 ) ;
#966 = EDGE_CURVE ( 'NONE', #2160, #4503, #2246, .T. ) ;
#967 = CARTESIAN_POINT ( 'NONE',  ( 12.51699029126213070, -14.42688303302032082, 21.00000000000000000 ) ) ;
#968 = CARTESIAN_POINT ( 'NONE',  ( 4.999999999999996447, 22.44994432064364887, 19.50000000000000000 ) ) ;
#969 = LINE ( 'NONE', #3907, #184 ) ;
#970 = LINE ( 'NONE', #1385, #3268 ) ;
#971 = EDGE_CURVE ( 'NONE', #3973, #3941, #2608, .T. ) ;
#972 = DIRECTION ( 'NONE',  ( 0.000000000000000000, 1.000000000000000000, 0.000000000000000000 ) ) ;
#973 = EDGE_CURVE ( 'NONE', #624, #3990, #2399, .T. ) ;
#974 = ORIENTED_EDGE ( 'NONE', *, *, #3537, .F. ) ;
#975 = ORIENTED_EDGE ( 'NONE', *, *, #2281, .T. ) ;
#976 = FACE_OUTER_BOUND ( 'NONE', #389, .T. ) ;
#977 = DIRECTION ( 'NONE',  ( 1.000000000000000000, 0.000000000000000000, 0.000000000000000000 ) ) ;
#978 = CARTESIAN_POINT ( 'NONE',  ( -15.50000000000000000, 0.000000000000000000, 15.00000000000000178 ) ) ;
#979 = EDGE_LOOP ( 'NONE', ( #662, #2181, #1369, #1708 ) ) ;
#980 = ORIENTED_EDGE ( 'NONE', *, *, #5348, .T. ) ;
#981 = DIRECTION ( 'NONE',  ( 0.000000000000000000, 0.000000000000000000, 1.000000000000000000 ) ) ;
#982 = PLANE ( 'NONE',  #1674 ) ;
#983 = ORIENTED_EDGE ( 'NONE', *, *, #4181, .T. ) ;
#984 = DIRECTION ( 'NONE',  ( 1.000000000000000000, 0.000000000000000000, 0.000000000000000000 ) ) ;
#985 = LINE ( 'NONE', #4041, #3747 ) ;
#986 = DIRECTION ( 'NONE',  ( 0.000000000000000000, 0.000000000000000000, 1.000000000000000000 ) ) ;
#987 = DIRECTION ( 'NONE',  ( 1.000000000000000000, 0.000000000000000000, 0.000000000000000000 ) ) ;
#988 = CARTESIAN_POINT ( 'NONE',  ( -7.021564347915049353, 1.449999999999999956, 30.00000000000000000 ) ) ;
#989 = CARTESIAN_POINT ( 'NONE',  ( 13.10869565217391219, -5.500000000000000000, 1.406512412935422285 ) ) ;
#990 = CARTESIAN_POINT ( 'NONE',  ( -11.50000000000000000, -7.750000000000000000, 26.25000000000000000 ) ) ;
#991 = ADVANCED_FACE ( 'NONE', ( #1278 ), #3911, .F. ) ;
#992 = DIRECTION ( 'NONE',  ( 0.000000000000000000, 0.000000000000000000, -1.000000000000000000 ) ) ;
#993 = LINE ( 'NONE', #1333, #3113 ) ;
#994 = ORIENTED_EDGE ( 'NONE', *, *, #3043, .T. ) ;
#995 = VERTEX_POINT ( 'NONE', #2269 ) ;
#996 = EDGE_CURVE ( 'NONE', #3203, #2980, #1398, .T. ) ;
#997 = CARTESIAN_POINT ( 'NONE',  ( 17.00000000000000000, -4.250000000000000000, 30.00000000000000000 ) ) ;
#998 = CARTESIAN_POINT ( 'NONE',  ( 9.799999999999998934, 4.250000000000000000, 2.230072203107100304 ) ) ;
#999 = FACE_OUTER_BOUND ( 'NONE', #4671, .T. ) ;
#1000 = EDGE_CURVE ( 'NONE', #1909, #5225, #5349, .T. ) ;
#1001 = FACE_OUTER_BOUND ( 'NONE', #2824, .T. ) ;
#1002 = EDGE_LOOP ( 'NONE', ( #2294, #1261, #3412, #1110, #63, #1357 ) ) ;
#1003 = ORIENTED_EDGE ( 'NONE', *, *, #2274, .F. ) ;
#1004 = CARTESIAN_POINT ( 'NONE',  ( 10.44943371368185758, 3.192782326564427731, 31.16850761348510090 ) ) ;
#1005 = DIRECTION ( 'NONE',  ( 0.000000000000000000, -1.000000000000000000, 0.000000000000000000 ) ) ;
#1006 = EDGE_CURVE ( 'NONE', #2693, #3244, #2565, .T. ) ;
#1007 = VERTEX_POINT ( 'NONE', #166 ) ;
#1008 = AXIS2_PLACEMENT_3D ( 'NONE', #1132, #3257, #1052 ) ;
#1009 = DIRECTION ( 'NONE',  ( 0.7071067811865463515, 8.659560562354918067E-17, -0.7071067811865487940 ) ) ;
#1010 = CARTESIAN_POINT ( 'NONE',  ( 11.50000000000000000, 4.250000000000000000, 28.00000000000000000 ) ) ;
#1011 = ORIENTED_EDGE ( 'NONE', *, *, #3930, .T. ) ;
#1012 = CARTESIAN_POINT ( 'NONE',  ( 0.000000000000000000, 0.000000000000000000, 24.49999999999999289 ) ) ;
#1013 = LINE ( 'NONE', #4544, #3829 ) ;
#1014 = DIRECTION ( 'NONE',  ( 0.000000000000000000, 0.000000000000000000, 1.000000000000000000 ) ) ;
#1015 = DIRECTION ( 'NONE',  ( 1.000000000000000000, 0.000000000000000000, 0.000000000000000000 ) ) ;
#1016 = CARTESIAN_POINT ( 'NONE',  ( -3.499999999999999112, 20.19999999999999574, -26.00195117308443216 ) ) ;
#1017 = CARTESIAN_POINT ( 'NONE',  ( -20.50000000000000000, 5.500000000000000000, 8.142135623730919036 ) ) ;
#1018 = VECTOR ( 'NONE', #2256, 1000.000000000000000 ) ;
#1019 = ORIENTED_EDGE ( 'NONE', *, *, #5448, .T. ) ;
#1020 = EDGE_LOOP ( 'NONE', ( #4697, #3753, #3839, #1610 ) ) ;
#1021 = CARTESIAN_POINT ( 'NONE',  ( 5.000000000000001776, -22.44994432064364887, 16.49999999999999289 ) ) ;
#1022 = CARTESIAN_POINT ( 'NONE',  ( 0.000000000000000000, 1.149999999999999911, 24.99999999999999645 ) ) ;
#1023 = CARTESIAN_POINT ( 'NONE',  ( 9.000000000000001776, 18.50000000000000000, 8.142135623730929694 ) ) ;
#1024 = DIRECTION ( 'NONE',  ( -0.000000000000000000, -1.000000000000000000, -0.000000000000000000 ) ) ;
#1025 = ORIENTED_EDGE ( 'NONE', *, *, #4346, .F. ) ;
#1026 = AXIS2_PLACEMENT_3D ( 'NONE', #4238, #2029, #2082 ) ;
#1027 = EDGE_CURVE ( 'NONE', #4473, #2531, #4873, .T. ) ;
#1028 = AXIS2_PLACEMENT_3D ( 'NONE', #528, #1382, #4890 ) ;
#1029 = EDGE_CURVE ( 'NONE', #1066, #5561, #5115, .T. ) ;
#1030 = VERTEX_POINT ( 'NONE', #4474 ) ;
#1031 = DIRECTION ( 'NONE',  ( 0.6371620289784526436, 0.7071067811865460184, 0.3066342264458806754 ) ) ;
#1032 = CARTESIAN_POINT ( 'NONE',  ( -7.500000000000000000, -25.50000000000000000, 6.000000000000000000 ) ) ;
#1033 = AXIS2_PLACEMENT_3D ( 'NONE', #4312, #3804, #425 ) ;
#1034 = AXIS2_PLACEMENT_3D ( 'NONE', #2047, #4251, #2975 ) ;
#1035 = AXIS2_PLACEMENT_3D ( 'NONE', #3336, #214, #2457 ) ;
#1036 = ORIENTED_EDGE ( 'NONE', *, *, #3247, .T. ) ;
#1037 = VERTEX_POINT ( 'NONE', #3205 ) ;
#1038 = EDGE_CURVE ( 'NONE', #2786, #3536, #4082, .T. ) ;
#1039 = EDGE_LOOP ( 'NONE', ( #1622, #1703, #474, #2549 ) ) ;
#1040 = AXIS2_PLACEMENT_3D ( 'NONE', #2376, #4922, #182 ) ;
#1041 = AXIS2_PLACEMENT_3D ( 'NONE', #4077, #623, #4587 ) ;
#1042 = VECTOR ( 'NONE', #3466, 1000.000000000000000 ) ;
#1043 = LINE ( 'NONE', #3979, #379 ) ;
#1044 = DIRECTION ( 'NONE',  ( -1.000000000000000000, 0.000000000000000000, 0.000000000000000000 ) ) ;
#1045 = FACE_OUTER_BOUND ( 'NONE', #359, .T. ) ;
#1046 = AXIS2_PLACEMENT_3D ( 'NONE', #3361, #4180, #701 ) ;
#1047 = VECTOR ( 'NONE', #4125, 1000.000000000000000 ) ;
#1048 = DIRECTION ( 'NONE',  ( 4.081702296416015011E-16, -1.000000000000000000, 0.000000000000000000 ) ) ;
#1049 = CARTESIAN_POINT ( 'NONE',  ( 11.50000000000000000, -2.250000000000000000, 28.00000000000000000 ) ) ;
#1050 = AXIS2_PLACEMENT_3D ( 'NONE', #4852, #141, #480 ) ;
#1051 = FACE_OUTER_BOUND ( 'NONE', #3642, .T. ) ;
#1052 = DIRECTION ( 'NONE',  ( 1.000000000000000000, 0.000000000000000000, 0.000000000000000000 ) ) ;
#1053 = FACE_OUTER_BOUND ( 'NONE', #1271, .T. ) ;
#1054 = AXIS2_PLACEMENT_3D ( 'NONE', #2949, #352, #3881 ) ;
#1055 = VERTEX_POINT ( 'NONE', #560 ) ;
#1056 = VERTEX_POINT ( 'NONE', #1843 ) ;
#1057 = CYLINDRICAL_SURFACE ( 'NONE', #374, 1.499999999999999556 ) ;
#1058 = DIRECTION ( 'NONE',  ( 1.000000000000000000, 1.776356839400250465E-15, 0.000000000000000000 ) ) ;
#1059 = CARTESIAN_POINT ( 'NONE',  ( 0.000000000000000000, 0.000000000000000000, 10.49999999999999112 ) ) ;
#1060 = LINE ( 'NONE', #1165, #868 ) ;
#1061 = VERTEX_POINT ( 'NONE', #2298 ) ;
#1062 = VERTEX_POINT ( 'NONE', #2332 ) ;
#1063 = DIRECTION ( 'NONE',  ( 0.000000000000000000, 0.000000000000000000, -1.000000000000000000 ) ) ;
#1064 = CARTESIAN_POINT ( 'NONE',  ( 5.766009355417497595, -18.20907446083723258, 20.81173353680983951 ) ) ;
#1065 = ADVANCED_FACE ( 'NONE', ( #5325 ), #1057, .T. ) ;
#1066 = VERTEX_POINT ( 'NONE', #3607 ) ;
#1067 = ORIENTED_EDGE ( 'NONE', *, *, #3280, .F. ) ;
#1068 = ORIENTED_EDGE ( 'NONE', *, *, #5524, .F. ) ;
#1069 = LINE ( 'NONE', #3330, #1931 ) ;
#1070 = CARTESIAN_POINT ( 'NONE',  ( -9.000000000000001776, -19.49999999999999289, 10.00000000000000000 ) ) ;
#1071 = ADVANCED_FACE ( 'NONE', ( #5264 ), #4899, .F. ) ;
#1072 = CARTESIAN_POINT ( 'NONE',  ( 8.250000000000000000, 12.75000000000000000, 28.00000000000000000 ) ) ;
#1073 = ADVANCED_FACE ( 'NONE', ( #976 ), #4054, .T. ) ;
#1074 = CARTESIAN_POINT ( 'NONE',  ( 5.846316355894146888, 22.24475845553504172, 20.85356792174687612 ) ) ;
#1075 = CARTESIAN_POINT ( 'NONE',  ( 7.500000000000000000, -25.50000000000000000, 6.000000000000000000 ) ) ;
#1076 = FACE_OUTER_BOUND ( 'NONE', #3222, .T. ) ;
#1077 = EDGE_CURVE ( 'NONE', #1691, #4656, #3396, .T. ) ;
#1078 = DIRECTION ( 'NONE',  ( 1.000000000000000000, 0.000000000000000000, 0.000000000000000000 ) ) ;
#1079 = ORIENTED_EDGE ( 'NONE', *, *, #3317, .F. ) ;
#1080 = B_SPLINE_CURVE_WITH_KNOTS ( 'NONE', 3,
 ( #1188, #3741, #4722, #5544, #5086, #4641, #4615, #3406, #351, #1162, #2043, #5122, #2572, #4699 ),
 .UNSPECIFIED., .F., .F.,
 ( 4, 2, 2, 2, 2, 2, 4 ),
 ( 0.000000000000000000, 0.0002979646015987734106, 0.0005959292031975468211, 0.0008938938047963201775, 0.001191858406395093642, 0.001787787609592645559, 0.002383716812790197693 ),
 .UNSPECIFIED. ) ;
#1081 = ORIENTED_EDGE ( 'NONE', *, *, #3673, .F. ) ;
#1082 = CARTESIAN_POINT ( 'NONE',  ( 11.50000000000000000, -7.750000000000000000, 28.00000000000000000 ) ) ;
#1083 = FACE_OUTER_BOUND ( 'NONE', #2501, .T. ) ;
#1084 = CARTESIAN_POINT ( 'NONE',  ( 14.44186046511627808, -17.90063312584534216, 25.00000000000000000 ) ) ;
#1085 = VERTEX_POINT ( 'NONE', #1392 ) ;
#1086 = ORIENTED_EDGE ( 'NONE', *, *, #2431, .T. ) ;
#1087 = EDGE_LOOP ( 'NONE', ( #163, #3095, #2295, #314 ) ) ;
#1088 = CARTESIAN_POINT ( 'NONE',  ( 14.99999999999999822, -16.73320053068151125, 24.50000000000000000 ) ) ;
#1089 = CARTESIAN_POINT ( 'NONE',  ( 9.966666666666883501, 6.733333333333108683, 2.033333333333430470 ) ) ;
#1090 = EDGE_LOOP ( 'NONE', ( #4554, #84, #1316, #2428 ) ) ;
#1091 = EDGE_LOOP ( 'NONE', ( #5457, #4673, #3801, #2545 ) ) ;
#1092 = ORIENTED_EDGE ( 'NONE', *, *, #830, .T. ) ;
#1093 = DIRECTION ( 'NONE',  ( -1.000000000000000000, -3.336086342942520728E-17, 0.000000000000000000 ) ) ;
#1094 = DIRECTION ( 'NONE',  ( 0.000000000000000000, 0.000000000000000000, 1.000000000000000000 ) ) ;
#1095 = DIRECTION ( 'NONE',  ( -0.000000000000000000, -0.000000000000000000, -1.000000000000000000 ) ) ;
#1096 = ADVANCED_FACE ( 'NONE', ( #4931 ), #2553, .T. ) ;
#1097 = CARTESIAN_POINT ( 'NONE',  ( -13.10869565217391219, 5.500000000000000000, 1.406512412935411849 ) ) ;
#1098 = EDGE_CURVE ( 'NONE', #605, #1733, #4820, .T. ) ;
#1099 = DIRECTION ( 'NONE',  ( 1.000000000000000000, 0.000000000000000000, 0.000000000000000000 ) ) ;
#1100 = ADVANCED_FACE ( 'NONE', ( #4837 ), #3562, .F. ) ;
#1101 = CARTESIAN_POINT ( 'NONE',  ( 13.49999999999999645, -15.55988431833605290, 25.00000000000000000 ) ) ;
#1102 = CIRCLE ( 'NONE', #4805, 3.249999999999999556 ) ;
#1103 = DIRECTION ( 'NONE',  ( -1.000000000000000000, -1.000802005371235004E-16, 0.000000000000000000 ) ) ;
#1104 = VERTEX_POINT ( 'NONE', #3053 ) ;
#1105 = ORIENTED_EDGE ( 'NONE', *, *, #3073, .T. ) ;
#1106 = ADVANCED_FACE ( 'NONE', ( #841 ), #3901, .T. ) ;
#1107 = CARTESIAN_POINT ( 'NONE',  ( 5.859999999999999432, -13.40000000000001279, 3.000000000000000000 ) ) ;
#1108 = CARTESIAN_POINT ( 'NONE',  ( 5.000000000000001776, -18.43393609623295148, 15.00000000000000178 ) ) ;
#1109 = DIRECTION ( 'NONE',  ( 0.000000000000000000, -1.000000000000000000, 0.000000000000000000 ) ) ;
#1110 = ORIENTED_EDGE ( 'NONE', *, *, #1237, .T. ) ;
#1111 = ORIENTED_EDGE ( 'NONE', *, *, #2648, .F. ) ;
#1112 = CARTESIAN_POINT ( 'NONE',  ( -17.00000000000000000, 4.250000000000000000, 33.00000000000000000 ) ) ;
#1113 = DIRECTION ( 'NONE',  ( 0.000000000000000000, 0.000000000000000000, 1.000000000000000000 ) ) ;
#1114 = ORIENTED_EDGE ( 'NONE', *, *, #4696, .F. ) ;
#1115 = CIRCLE ( 'NONE', #4279, 0.2999999999999999334 ) ;
#1116 = VERTEX_POINT ( 'NONE', #3517 ) ;
#1117 = VERTEX_POINT ( 'NONE', #3023 ) ;
#1118 = CARTESIAN_POINT ( 'NONE',  ( 0.000000000000000000, 0.000000000000000000, 15.49999999999998757 ) ) ;
#1119 = DIRECTION ( 'NONE',  ( 0.000000000000000000, 1.000000000000000000, 0.000000000000000000 ) ) ;
#1120 = VECTOR ( 'NONE', #4132, 1000.000000000000000 ) ;
#1121 = CONICAL_SURFACE ( 'NONE', #3480, 0.5000000000000004441, 0.7853981633974482790 ) ;
#1122 = ORIENTED_EDGE ( 'NONE', *, *, #1819, .T. ) ;
#1123 = CARTESIAN_POINT ( 'NONE',  ( 9.799999999999998934, 4.250000000000000000, 0.000000000000000000 ) ) ;
#1124 = PLANE ( 'NONE',  #5447 ) ;
#1125 = AXIS2_PLACEMENT_3D ( 'NONE', #2670, #479, #4400 ) ;
#1126 = TOROIDAL_SURFACE ( 'NONE', #671, 11.50000000000000000, 1.500000000000000000 ) ;
#1127 = AXIS2_PLACEMENT_3D ( 'NONE', #4605, #1119, #1094 ) ;
#1128 = ADVANCED_BREP_SHAPE_REPRESENTATION ( '', ( #2282, #4649 ), #1489 ) ;
#1129 = CARTESIAN_POINT ( 'NONE',  ( 3.332847496575211288, -18.63770715197611949, 15.33284749657519974 ) ) ;
#1130 = AXIS2_PLACEMENT_3D ( 'NONE', #179, #4007, #4951 ) ;
#1131 = CONICAL_SURFACE ( 'NONE', #4923, 18.60000000000000497, 0.7853981633974587151 ) ;
#1132 = CARTESIAN_POINT ( 'NONE',  ( 0.000000000000000000, -4.250000000000000000, 30.00000000000000000 ) ) ;
#1133 = AXIS2_PLACEMENT_3D ( 'NONE', #156, #2325, #5369 ) ;
#1134 = CARTESIAN_POINT ( 'NONE',  ( 5.859999999999999432, -13.89999999999999858, 3.000000000000000000 ) ) ;
#1135 = DIRECTION ( 'NONE',  ( 0.000000000000000000, 0.000000000000000000, 1.000000000000000000 ) ) ;
#1136 = EDGE_CURVE ( 'NONE', #5297, #3416, #1838, .T. ) ;
#1137 = EDGE_CURVE ( 'NONE', #1871, #3884, #2384, .T. ) ;
#1138 = ORIENTED_EDGE ( 'NONE', *, *, #4446, .F. ) ;
#1139 = AXIS2_PLACEMENT_3D ( 'NONE', #4823, #1456, #1906 ) ;
#1140 = VERTEX_POINT ( 'NONE', #4719 ) ;
#1141 = FACE_OUTER_BOUND ( 'NONE', #713, .T. ) ;
#1142 = CARTESIAN_POINT ( 'NONE',  ( 13.10869565217391219, -5.500000000000000000, 1.406512412935422285 ) ) ;
#1143 = DIRECTION ( 'NONE',  ( 1.000000000000000000, 0.000000000000000000, 0.000000000000000000 ) ) ;
#1144 = CIRCLE ( 'NONE', #2584, 10.00000000000000178 ) ;
#1145 = ADVANCED_FACE ( 'NONE', ( #45 ), #413, .T. ) ;
#1146 = ORIENTED_EDGE ( 'NONE', *, *, #4248, .F. ) ;
#1147 = ORIENTED_EDGE ( 'NONE', *, *, #4979, .T. ) ;
#1148 = CARTESIAN_POINT ( 'NONE',  ( -1.268857754044953046, -8.899999999999998579, -0.2000000000000013434 ) ) ;
#1149 = LINE ( 'NONE', #1172, #1047 ) ;
#1150 = VERTEX_POINT ( 'NONE', #2146 ) ;
#1151 = ORIENTED_EDGE ( 'NONE', *, *, #2867, .T. ) ;
#1152 = ORIENTED_EDGE ( 'NONE', *, *, #4274, .T. ) ;
#1153 = DIRECTION ( 'NONE',  ( 1.000000000000000000, 0.000000000000000000, 0.000000000000000000 ) ) ;
#1154 = LINE ( 'NONE', #2023, #1664 ) ;
#1155 = EDGE_LOOP ( 'NONE', ( #149, #2774, #719, #2437 ) ) ;
#1156 = CARTESIAN_POINT ( 'NONE',  ( -3.499999999999999112, -18.77658115845374454, 24.49999999999998579 ) ) ;
#1157 = DIRECTION ( 'NONE',  ( -1.000000000000000000, 0.000000000000000000, 0.000000000000000000 ) ) ;
#1158 = CARTESIAN_POINT ( 'NONE',  ( 3.500000000000000888, -18.77658115845374454, 15.49999999999998757 ) ) ;
#1159 = DIRECTION ( 'NONE',  ( -1.000000000000000000, 1.334402673828313339E-16, 0.000000000000000000 ) ) ;
#1160 = ORIENTED_EDGE ( 'NONE', *, *, #5170, .T. ) ;
#1161 = ORIENTED_EDGE ( 'NONE', *, *, #1516, .T. ) ;
#1162 = CARTESIAN_POINT ( 'NONE',  ( 5.588810603673653787, -22.31111583472411297, 20.70751766846774800 ) ) ;
#1163 = EDGE_CURVE ( 'NONE', #5582, #3726, #3287, .T. ) ;
#1164 = FACE_OUTER_BOUND ( 'NONE', #4246, .T. ) ;
#1165 = CARTESIAN_POINT ( 'NONE',  ( 14.99999999999999645, 15.55988431833605645, 24.50000000000000000 ) ) ;
#1166 = EDGE_CURVE ( 'NONE', #4292, #4566, #5230, .T. ) ;
#1167 = ORIENTED_EDGE ( 'NONE', *, *, #2452, .F. ) ;
#1168 = ORIENTED_EDGE ( 'NONE', *, *, #3346, .T. ) ;
#1169 = EDGE_CURVE ( 'NONE', #3416, #1318, #5166, .T. ) ;
#1170 = DIRECTION ( 'NONE',  ( -1.000000000000000000, 1.334402673828313339E-16, 0.000000000000000000 ) ) ;
#1171 = EDGE_CURVE ( 'NONE', #4880, #1055, #1854, .T. ) ;
#1172 = CARTESIAN_POINT ( 'NONE',  ( 0.000000000000000000, 19.49999999999999289, 10.00000000000000000 ) ) ;
#1173 = VERTEX_POINT ( 'NONE', #1718 ) ;
#1174 = ORIENTED_EDGE ( 'NONE', *, *, #2061, .F. ) ;
#1175 = CARTESIAN_POINT ( 'NONE',  ( -3.499999999999999112, 18.94608041734636572, 24.66662914088454883 ) ) ;
#1176 = DIRECTION ( 'NONE',  ( -0.000000000000000000, -0.000000000000000000, 1.000000000000000000 ) ) ;
#1177 = EDGE_CURVE ( 'NONE', #1733, #605, #3668, .T. ) ;
#1178 = DIRECTION ( 'NONE',  ( -1.000000000000000000, 0.000000000000000000, 0.000000000000000000 ) ) ;
#1179 = ORIENTED_EDGE ( 'NONE', *, *, #3627, .F. ) ;
#1180 = CARTESIAN_POINT ( 'NONE',  ( -7.400000000000000355, 17.30000000000000071, -0.2000000000000025091 ) ) ;
#1181 = DIRECTION ( 'NONE',  ( 1.334402673828311860E-16, 1.000000000000000000, 0.000000000000000000 ) ) ;
#1182 = DIRECTION ( 'NONE',  ( 0.000000000000000000, 0.000000000000000000, -1.000000000000000000 ) ) ;
#1183 = FACE_OUTER_BOUND ( 'NONE', #5409, .T. ) ;
#1184 = CONTEXT_DEPENDENT_SHAPE_REPRESENTATION ( #3133, #1793 ) ;
#1185 = ORIENTED_EDGE ( 'NONE', *, *, #4802, .T. ) ;
#1186 = VERTEX_POINT ( 'NONE', #4753 ) ;
#1187 = VECTOR ( 'NONE', #2123, 1000.000000000000000 ) ;
#1188 = CARTESIAN_POINT ( 'NONE',  ( 5.000000000000001776, -22.44994432064364887, 19.50000000000000000 ) ) ;
#1189 = DIRECTION ( 'NONE',  ( 1.000000000000000000, 0.000000000000000000, 0.000000000000000000 ) ) ;
#1190 = DIRECTION ( 'NONE',  ( -0.000000000000000000, -0.000000000000000000, 1.000000000000000000 ) ) ;
#1191 = DIRECTION ( 'NONE',  ( -7.885106708985490266E-17, -1.000000000000000000, 0.000000000000000000 ) ) ;
#1192 = ORIENTED_EDGE ( 'NONE', *, *, #4865, .F. ) ;
#1193 = ORIENTED_EDGE ( 'NONE', *, *, #2447, .T. ) ;
#1194 = DIRECTION ( 'NONE',  ( 1.000000000000000000, -1.000802005371235004E-16, 0.000000000000000000 ) ) ;
#1195 = DIRECTION ( 'NONE',  ( -1.000000000000000000, 0.000000000000000000, 0.000000000000000000 ) ) ;
#1196 = EDGE_CURVE ( 'NONE', #1609, #2918, #880, .T. ) ;
#1197 = EDGE_LOOP ( 'NONE', ( #1820, #2752, #3558, #1770 ) ) ;
#1198 = VERTEX_POINT ( 'NONE', #930 ) ;
#1199 = FACE_OUTER_BOUND ( 'NONE', #2020, .T. ) ;
#1200 = LINE ( 'NONE', #1650, #2851 ) ;
#1201 = ORIENTED_EDGE ( 'NONE', *, *, #5067, .F. ) ;
#1202 = EDGE_CURVE ( 'NONE', #5476, #4440, #3542, .T. ) ;
#1203 = DIRECTION ( 'NONE',  ( -0.000000000000000000, -1.000000000000000000, -0.000000000000000000 ) ) ;
#1204 = VECTOR ( 'NONE', #465, 1000.000000000000000 ) ;
#1205 = ADVANCED_FACE ( 'NONE', ( #2236 ), #3958, .T. ) ;
#1206 = CARTESIAN_POINT ( 'NONE',  ( 13.49999999999999645, 15.55988431833605290, 24.49999999999999289 ) ) ;
#1207 = AXIS2_PLACEMENT_3D ( 'NONE', #4036, #4907, #1371 ) ;
#1208 = CIRCLE ( 'NONE', #4738, 2.499999999999995115 ) ;
#1209 = STYLED_ITEM ( 'NONE', ( #5058 ), #412 ) ;
#1210 = CARTESIAN_POINT ( 'NONE',  ( -7.021564347915049353, 1.149999999999999911, 30.00000000000000000 ) ) ;
#1211 = DIRECTION ( 'NONE',  ( -0.6735623210795507187, 0.000000000000000000, 0.7391304347826087584 ) ) ;
#1212 = VECTOR ( 'NONE', #2631, 1000.000000000000114 ) ;
#1213 = VECTOR ( 'NONE', #903, 1000.000000000000000 ) ;
#1214 = VERTEX_POINT ( 'NONE', #3106 ) ;
#1215 = LINE ( 'NONE', #2947, #3376 ) ;
#1216 = STYLED_ITEM ( 'NONE', ( #2064 ), #2282 ) ;
#1217 = AXIS2_PLACEMENT_3D ( 'NONE', #4214, #5446, #323 ) ;
#1218 = DIRECTION ( 'NONE',  ( 0.8520759863078154472, 0.5234181058748001991, 0.000000000000000000 ) ) ;
#1219 = CARTESIAN_POINT ( 'NONE',  ( 0.000000000000000000, 0.000000000000000000, 17.00000000000000000 ) ) ;
#1220 = DIRECTION ( 'NONE',  ( 0.000000000000000000, -1.000000000000000000, 0.000000000000000000 ) ) ;
#1221 = DIRECTION ( 'NONE',  ( 1.000000000000000000, 0.000000000000000000, 0.000000000000000000 ) ) ;
#1222 = CIRCLE ( 'NONE', #1948, 3.249999999999999556 ) ;
#1223 = CONICAL_SURFACE ( 'NONE', #1139, 23.00000000000000000, 0.7853981633974552734 ) ;
#1224 = ORIENTED_EDGE ( 'NONE', *, *, #3663, .T. ) ;
#1225 = ORIENTED_EDGE ( 'NONE', *, *, #3500, .F. ) ;
#1226 =( BOUNDED_CURVE ( )  B_SPLINE_CURVE ( 3, ( #4759, #885, #4332, #4272 ),
 .UNSPECIFIED., .F., .T. ) 
 B_SPLINE_CURVE_WITH_KNOTS ( ( 4, 4 ),
 ( 4.161931810213319594, 4.851296801330319930 ),
 .UNSPECIFIED. ) 
 CURVE ( )  GEOMETRIC_REPRESENTATION_ITEM ( )  RATIONAL_B_SPLINE_CURVE ( ( 1.000000000000000000, 0.9607885227449090015, 0.9607885227449090015, 1.000000000000000000 ) ) 
 REPRESENTATION_ITEM ( '' )  );
#1227 = AXIS2_PLACEMENT_3D ( 'NONE', #3179, #3920, #1451 ) ;
#1228 = LINE ( 'NONE', #2920, #1662 ) ;
#1229 = AXIS2_PLACEMENT_3D ( 'NONE', #4903, #3153, #3971 ) ;
#1230 = LINE ( 'NONE', #5129, #4130 ) ;
#1231 = CIRCLE ( 'NONE', #5116, 0.9999999999999956701 ) ;
#1232 = ORIENTED_EDGE ( 'NONE', *, *, #4770, .T. ) ;
#1233 = ORIENTED_EDGE ( 'NONE', *, *, #5165, .T. ) ;
#1234 = PLANE ( 'NONE',  #3921 ) ;
#1235 = DIRECTION ( 'NONE',  ( 0.000000000000000000, 0.000000000000000000, 1.000000000000000000 ) ) ;
#1236 = PRODUCT_RELATED_PRODUCT_CATEGORY ( 'part', '', ( #523 ) ) ;
#1237 = EDGE_CURVE ( 'NONE', #4440, #3044, #2683, .T. ) ;
#1238 = VERTEX_POINT ( 'NONE', #96 ) ;
#1239 = CYLINDRICAL_SURFACE ( 'NONE', #2673, 1.499999999999999556 ) ;
#1240 = DIRECTION ( 'NONE',  ( -0.000000000000000000, -0.000000000000000000, -1.000000000000000000 ) ) ;
#1241 = AXIS2_PLACEMENT_3D ( 'NONE', #244, #4500, #217 ) ;
#1242 = EDGE_CURVE ( 'NONE', #1962, #3067, #676, .T. ) ;
#1243 = FACE_OUTER_BOUND ( 'NONE', #4065, .T. ) ;
#1244 = EDGE_CURVE ( 'NONE', #5554, #5130, #3565, .T. ) ;
#1245 = LINE ( 'NONE', #2967, #4622 ) ;
#1246 = VERTEX_POINT ( 'NONE', #2348 ) ;
#1247 = DIRECTION ( 'NONE',  ( 0.000000000000000000, 0.000000000000000000, -1.000000000000000000 ) ) ;
#1248 = DIRECTION ( 'NONE',  ( -1.000000000000000000, 0.000000000000000000, -1.849736814544524620E-16 ) ) ;
#1249 = CYLINDRICAL_SURFACE ( 'NONE', #4668, 15.00000000000000000 ) ;
#1250 = FACE_OUTER_BOUND ( 'NONE', #3778, .T. ) ;
#1251 = AXIS2_PLACEMENT_3D ( 'NONE', #677, #3653, #5345 ) ;
#1252 = VERTEX_POINT ( 'NONE', #616 ) ;
#1253 = EDGE_LOOP ( 'NONE', ( #4928, #881, #5429, #888 ) ) ;
#1254 = DIRECTION ( 'NONE',  ( 0.000000000000000000, 0.000000000000000000, 1.000000000000000000 ) ) ;
#1255 = DIRECTION ( 'NONE',  ( -1.000000000000000000, 0.000000000000000000, -1.849736814544524620E-16 ) ) ;
#1256 = ORIENTED_EDGE ( 'NONE', *, *, #3947, .F. ) ;
#1257 = ORIENTED_EDGE ( 'NONE', *, *, #4495, .F. ) ;
#1258 = CARTESIAN_POINT ( 'NONE',  ( -3.499999999999999112, -20.20000000000000284, 25.00000000000000000 ) ) ;
#1259 = DIRECTION ( 'NONE',  ( 0.000000000000000000, 0.000000000000000000, -1.000000000000000000 ) ) ;
#1260 = CARTESIAN_POINT ( 'NONE',  ( -14.75000000000000000, 0.7500000000000000000, 5.000000000000000000 ) ) ;
#1261 = ORIENTED_EDGE ( 'NONE', *, *, #587, .T. ) ;
#1262 = DIRECTION ( 'NONE',  ( -0.9010831828104849395, 0.000000000000000000, 0.4336462817275460457 ) ) ;
#1263 = CARTESIAN_POINT ( 'NONE',  ( 7.021564347915039583, 1.449999999999999956, 30.00000000000000000 ) ) ;
#1264 = ADVANCED_FACE ( 'NONE', ( #4918 ), #4432, .T. ) ;
#1265 = APPLICATION_PROTOCOL_DEFINITION ( 'draft international standard', 'automotive_design', 1998, #2538 ) ;
#1266 = DIRECTION ( 'NONE',  ( 0.000000000000000000, 0.000000000000000000, 1.000000000000000000 ) ) ;
#1267 = ADVANCED_FACE ( 'NONE', ( #1437 ), #5399, .T. ) ;
#1268 = EDGE_CURVE ( 'NONE', #4631, #5093, #842, .T. ) ;
#1269 = ORIENTED_EDGE ( 'NONE', *, *, #1344, .F. ) ;
#1270 = CARTESIAN_POINT ( 'NONE',  ( 0.000000000000000000, 0.000000000000000000, 15.00000000000000178 ) ) ;
#1271 = EDGE_LOOP ( 'NONE', ( #5030, #3338 ) ) ;
#1272 = CARTESIAN_POINT ( 'NONE',  ( 14.12790697674418006, 17.51148892745739261, 25.00000000000000000 ) ) ;
#1273 = CARTESIAN_POINT ( 'NONE',  ( -12.00000000000000000, 0.7500000000000000000, 33.00000000000000000 ) ) ;
#1274 = CARTESIAN_POINT ( 'NONE',  ( -11.50000000000000000, -4.250000000000000000, 3.250000000000000000 ) ) ;
#1275 = EDGE_CURVE ( 'NONE', #1957, #4502, #5376, .T. ) ;
#1276 = EDGE_LOOP ( 'NONE', ( #918, #4295, #5392, #4872 ) ) ;
#1277 = ORIENTED_EDGE ( 'NONE', *, *, #354, .T. ) ;
#1278 = FACE_OUTER_BOUND ( 'NONE', #4478, .T. ) ;
#1279 = DIRECTION ( 'NONE',  ( -1.817000896066415217E-46, -1.000000000000000000, -6.808293072635870030E-32 ) ) ;
#1280 = PLANE ( 'NONE',  #3855 ) ;
#1281 = EDGE_LOOP ( 'NONE', ( #2899, #29, #3202, #5331 ) ) ;
#1282 = VECTOR ( 'NONE', #3935, 1000.000000000000000 ) ;
#1283 = ORIENTED_EDGE ( 'NONE', *, *, #4449, .T. ) ;
#1284 = VERTEX_POINT ( 'NONE', #4520 ) ;
#1285 = CARTESIAN_POINT ( 'NONE',  ( -7.500000000000000000, -25.50000000000000000, 6.000000000000000000 ) ) ;
#1286 = LINE ( 'NONE', #2079, #4570 ) ;
#1287 = CARTESIAN_POINT ( 'NONE',  ( 0.000000000000000000, 0.000000000000000000, 25.00000000000000000 ) ) ;
#1288 = VERTEX_POINT ( 'NONE', #4070 ) ;
#1289 = PRODUCT_DEFINITION_SHAPE ( 'NONE', 'NONE',  #565 ) ;
#1290 = DIRECTION ( 'NONE',  ( 1.000000000000000000, 0.000000000000000000, 0.000000000000000000 ) ) ;
#1291 = CARTESIAN_POINT ( 'NONE',  ( 0.000000000000000000, 0.000000000000000000, 15.00000000000000178 ) ) ;
#1292 = DIRECTION ( 'NONE',  ( 0.000000000000000000, 0.000000000000000000, 1.000000000000000000 ) ) ;
#1293 = VECTOR ( 'NONE', #4341, 1000.000000000000000 ) ;
#1294 = VERTEX_POINT ( 'NONE', #3192 ) ;
#1295 = CARTESIAN_POINT ( 'NONE',  ( 0.000000000000000000, 0.000000000000000000, 15.00000000000000178 ) ) ;
#1296 = LINE ( 'NONE', #933, #3304 ) ;
#1297 = CIRCLE ( 'NONE', #5552, 15.00000000000000000 ) ;
#1298 = DIRECTION ( 'NONE',  ( -1.000000000000000000, 0.000000000000000000, 0.000000000000000000 ) ) ;
#1299 = EDGE_CURVE ( 'NONE', #2841, #3773, #127, .T. ) ;
#1300 = AXIS2_PLACEMENT_3D ( 'NONE', #121, #3980, #3137 ) ;
#1301 = ADVANCED_FACE ( 'NONE', ( #639 ), #3375, .T. ) ;
#1302 = CARTESIAN_POINT ( 'NONE',  ( -3.499999999999999112, -25.00097558654236707, -21.20097558654202885 ) ) ;
#1303 = CARTESIAN_POINT ( 'NONE',  ( 13.10869565217391219, -16.99999999999999645, 1.406512412935422285 ) ) ;
#1304 = ORIENTED_EDGE ( 'NONE', *, *, #2942, .T. ) ;
#1305 = AXIS2_PLACEMENT_3D ( 'NONE', #4817, #5216, #2220 ) ;
#1306 =( GEOMETRIC_REPRESENTATION_CONTEXT ( 3 ) GLOBAL_UNCERTAINTY_ASSIGNED_CONTEXT ( ( #3470 ) ) GLOBAL_UNIT_ASSIGNED_CONTEXT ( ( #3964, #78, #1470 ) ) REPRESENTATION_CONTEXT ( 'NONE', 'WORKASPACE' ) );
#1307 = VECTOR ( 'NONE', #4133, 1000.000000000000000 ) ;
#1308 = ORIENTED_EDGE ( 'NONE', *, *, #899, .T. ) ;
#1309 = ADVANCED_FACE ( 'NONE', ( #3648 ), #4009, .F. ) ;
#1310 = CARTESIAN_POINT ( 'NONE',  ( 6.604487272054069713, -13.89999999999999858, -0.2000000000000000111 ) ) ;
#1311 = CARTESIAN_POINT ( 'NONE',  ( -13.50000000000000000, -5.500000000000000000, 0.000000000000000000 ) ) ;
#1312 = LINE ( 'NONE', #3864, #2493 ) ;
#1313 = AXIS2_PLACEMENT_3D ( 'NONE', #2482, #1203, #725 ) ;
#1314 = EDGE_CURVE ( 'NONE', #2808, #2414, #1808, .T. ) ;
#1315 = VECTOR ( 'NONE', #4209, 1000.000000000000000 ) ;
#1316 = ORIENTED_EDGE ( 'NONE', *, *, #1027, .T. ) ;
#1317 = VECTOR ( 'NONE', #2000, 1000.000000000000000 ) ;
#1318 = VERTEX_POINT ( 'NONE', #1097 ) ;
#1319 = CIRCLE ( 'NONE', #5198, 19.10000000000000142 ) ;
#1320 = DIRECTION ( 'NONE',  ( -8.673617379884039170E-17, 1.000000000000000000, 0.000000000000000000 ) ) ;
#1321 = LINE ( 'NONE', #3389, #4929 ) ;
#1322 = FACE_OUTER_BOUND ( 'NONE', #2897, .T. ) ;
#1323 = VECTOR ( 'NONE', #1510, 1000.000000000000000 ) ;
#1324 = ORIENTED_EDGE ( 'NONE', *, *, #113, .T. ) ;
#1325 = LINE ( 'NONE', #1660, #3925 ) ;
#1326 = PLANE ( 'NONE',  #3672 ) ;
#1327 = DIRECTION ( 'NONE',  ( 0.000000000000000000, -1.000000000000000000, 0.000000000000000000 ) ) ;
#1328 = ORIENTED_EDGE ( 'NONE', *, *, #899, .F. ) ;
#1329 = PLANE ( 'NONE',  #1564 ) ;
#1330 = DIRECTION ( 'NONE',  ( 1.000000000000000000, 0.000000000000000000, 0.000000000000000000 ) ) ;
#1331 = CARTESIAN_POINT ( 'NONE',  ( -11.50000000000000000, -7.750000000000000000, 29.75000000000000000 ) ) ;
#1332 = DIRECTION ( 'NONE',  ( 1.000000000000000000, 0.000000000000000000, 0.000000000000000000 ) ) ;
#1333 = CARTESIAN_POINT ( 'NONE',  ( -11.95000000000000107, 0.7500000000000000000, 33.00000000000000000 ) ) ;
#1334 = ORIENTED_EDGE ( 'NONE', *, *, #1522, .F. ) ;
#1335 = EDGE_CURVE ( 'NONE', #1734, #280, #660, .T. ) ;
#1336 = ORIENTED_EDGE ( 'NONE', *, *, #1177, .F. ) ;
#1337 = FACE_OUTER_BOUND ( 'NONE', #4534, .T. ) ;
#1338 = CARTESIAN_POINT ( 'NONE',  ( 4.999999999999996447, 18.43393609623295148, 15.00000000000000178 ) ) ;
#1339 = DIRECTION ( 'NONE',  ( 0.7071067811865500152, 0.000000000000000000, 0.7071067811865451302 ) ) ;
#1340 = ORIENTED_EDGE ( 'NONE', *, *, #91, .F. ) ;
#1341 = PRODUCT_DEFINITION_SHAPE ( 'NONE', 'NONE',  #2416 ) ;
#1342 = EDGE_CURVE ( 'NONE', #2981, #4222, #1013, .T. ) ;
#1343 = VERTEX_POINT ( 'NONE', #669 ) ;
#1344 = EDGE_CURVE ( 'NONE', #4905, #826, #4461, .T. ) ;
#1345 = ADVANCED_FACE ( 'NONE', ( #5339 ), #4136, .F. ) ;
#1346 = ORIENTED_EDGE ( 'NONE', *, *, #1896, .F. ) ;
#1347 = CARTESIAN_POINT ( 'NONE',  ( 13.50000000000000000, 17.00000000000000000, 0.3961689313160968728 ) ) ;
#1348 = LINE ( 'NONE', #2726, #40 ) ;
#1349 = ORIENTED_EDGE ( 'NONE', *, *, #5020, .T. ) ;
#1350 = ORIENTED_EDGE ( 'NONE', *, *, #1749, .T. ) ;
#1351 = EDGE_LOOP ( 'NONE', ( #3706, #2878, #1340, #5469 ) ) ;
#1352 = ADVANCED_FACE ( 'NONE', ( #3277 ), #1124, .T. ) ;
#1353 = DIRECTION ( 'NONE',  ( -0.4336462817275464343, 0.000000000000000000, 0.9010831828104847174 ) ) ;
#1354 = LINE ( 'NONE', #2257, #2925 ) ;
#1355 = CYLINDRICAL_SURFACE ( 'NONE', #219, 1.750000000000001554 ) ;
#1356 = DIRECTION ( 'NONE',  ( -1.000000000000000000, 0.000000000000000000, -1.922559782856448196E-16 ) ) ;
#1357 = ORIENTED_EDGE ( 'NONE', *, *, #577, .T. ) ;
#1358 = CARTESIAN_POINT ( 'NONE',  ( 5.859999999999999432, -13.39999999999999858, 3.000000000000000000 ) ) ;
#1359 = DIRECTION ( 'NONE',  ( 0.000000000000000000, 0.000000000000000000, 1.000000000000000000 ) ) ;
#1360 = DIRECTION ( 'NONE',  ( 0.000000000000000000, -0.7071067811865450192, 0.7071067811865500152 ) ) ;
#1361 = DIRECTION ( 'NONE',  ( 0.000000000000000000, 1.000000000000000000, 0.000000000000000000 ) ) ;
#1362 = DIRECTION ( 'NONE',  ( -1.000000000000000000, 0.000000000000000000, 0.000000000000000000 ) ) ;
#1363 = ORIENTED_EDGE ( 'NONE', *, *, #328, .F. ) ;
#1364 = ORIENTED_EDGE ( 'NONE', *, *, #1006, .F. ) ;
#1365 = CARTESIAN_POINT ( 'NONE',  ( 9.000000000000001776, 18.50000000000000000, 9.000000000000000000 ) ) ;
#1366 = CARTESIAN_POINT ( 'NONE',  ( 14.75000000000000000, -2.250000000000000000, 28.00000000000000000 ) ) ;
#1367 = DIRECTION ( 'NONE',  ( 0.4355609281042803760, -0.9001592514155136726, 0.000000000000000000 ) ) ;
#1368 = ORIENTED_EDGE ( 'NONE', *, *, #1452, .F. ) ;
#1369 = ORIENTED_EDGE ( 'NONE', *, *, #5321, .T. ) ;
#1370 = ORIENTED_EDGE ( 'NONE', *, *, #5140, .T. ) ;
#1371 = DIRECTION ( 'NONE',  ( -1.265177859526988718E-16, 1.000000000000000000, 0.000000000000000000 ) ) ;
#1372 = DIRECTION ( 'NONE',  ( 0.000000000000000000, 1.000000000000000000, 0.000000000000000000 ) ) ;
#1373 = CIRCLE ( 'NONE', #2994, 0.2999999999999999334 ) ;
#1374 = EDGE_CURVE ( 'NONE', #5298, #4255, #938, .T. ) ;
#1375 = VERTEX_POINT ( 'NONE', #2964 ) ;
#1376 = PLANE ( 'NONE',  #22 ) ;
#1377 = CARTESIAN_POINT ( 'NONE',  ( -11.50000000000000000, -2.250000000000000000, 3.250000000000000000 ) ) ;
#1378 = EDGE_CURVE ( 'NONE', #1471, #12, #4099, .T. ) ;
#1379 = DIRECTION ( 'NONE',  ( 0.000000000000000000, 0.000000000000000000, -1.000000000000000000 ) ) ;
#1380 = ADVANCED_FACE ( 'NONE', ( #5484 ), #813, .F. ) ;
#1381 = DIRECTION ( 'NONE',  ( -0.000000000000000000, -0.000000000000000000, -1.000000000000000000 ) ) ;
#1382 = DIRECTION ( 'NONE',  ( -0.000000000000000000, -0.000000000000000000, -1.000000000000000000 ) ) ;
#1383 = DIRECTION ( 'NONE',  ( 0.000000000000000000, 1.000000000000000000, 0.000000000000000000 ) ) ;
#1384 = DIRECTION ( 'NONE',  ( 0.000000000000000000, 1.000000000000000000, 0.000000000000000000 ) ) ;
#1385 = CARTESIAN_POINT ( 'NONE',  ( -3.499999999999999112, 18.77658115845374454, 15.00000000000000178 ) ) ;
#1386 = CARTESIAN_POINT ( 'NONE',  ( -3.499999999999999112, -21.20000000000000284, 25.00000000000000000 ) ) ;
#1387 = AXIS2_PLACEMENT_3D ( 'NONE', #4581, #3734, #4999 ) ;
#1388 = VERTEX_POINT ( 'NONE', #5114 ) ;
#1389 = ORIENTED_EDGE ( 'NONE', *, *, #115, .T. ) ;
#1390 = VECTOR ( 'NONE', #231, 1000.000000000000227 ) ;
#1391 = AXIS2_PLACEMENT_3D ( 'NONE', #664, #3644, #4627 ) ;
#1392 = CARTESIAN_POINT ( 'NONE',  ( -3.499999999999999112, 18.77658115845374454, 15.49999999999998579 ) ) ;
#1393 = CIRCLE ( 'NONE', #3836, 18.60000000000000853 ) ;
#1394 = LINE ( 'NONE', #2716, #3659 ) ;
#1395 = CARTESIAN_POINT ( 'NONE',  ( -12.00000000000000000, -18.50000000000000000, 10.00000000000000000 ) ) ;
#1396 = CIRCLE ( 'NONE', #2477, 1.500000000000000000 ) ;
#1397 = VECTOR ( 'NONE', #3799, 1000.000000000000000 ) ;
#1398 = CIRCLE ( 'NONE', #387, 1.500000000000000000 ) ;
#1399 = ORIENTED_EDGE ( 'NONE', *, *, #3531, .T. ) ;
#1400 = ORIENTED_EDGE ( 'NONE', *, *, #4517, .F. ) ;
#1401 = CARTESIAN_POINT ( 'NONE',  ( -11.50000000000000000, -2.250000000000000000, 5.000000000000000000 ) ) ;
#1402 = AXIS2_PLACEMENT_3D ( 'NONE', #733, #1218, #5038 ) ;
#1403 = DIRECTION ( 'NONE',  ( 0.000000000000000000, 0.000000000000000000, 1.000000000000000000 ) ) ;
#1404 = VECTOR ( 'NONE', #3620, 1000.000000000000000 ) ;
#1405 = EDGE_LOOP ( 'NONE', ( #2517, #3410, #4819, #5581 ) ) ;
#1406 = AXIS2_PLACEMENT_3D ( 'NONE', #1991, #233, #2445 ) ;
#1407 = CARTESIAN_POINT ( 'NONE',  ( -11.50000000000000000, -2.250000000000000000, 28.00000000000000000 ) ) ;
#1408 = DIRECTION ( 'NONE',  ( -1.000000000000000000, 0.000000000000000000, 0.000000000000000000 ) ) ;
#1409 = EDGE_CURVE ( 'NONE', #5244, #4754, #4382, .T. ) ;
#1410 = CIRCLE ( 'NONE', #3761, 19.10000000000000142 ) ;
#1411 = EDGE_LOOP ( 'NONE', ( #1, #1086, #316, #2100, #1563, #3739 ) ) ;
#1412 = AXIS2_PLACEMENT_3D ( 'NONE', #2979, #2526, #4707 ) ;
#1413 = DIRECTION ( 'NONE',  ( -0.000000000000000000, 0.000000000000000000, 1.000000000000000000 ) ) ;
#1414 = ADVANCED_FACE ( 'NONE', ( #1574 ), #5057, .T. ) ;
#1415 = CARTESIAN_POINT ( 'NONE',  ( 5.041241570089202817, 22.44085861439620544, 19.90154036376907953 ) ) ;
#1416 = SPHERICAL_SURFACE ( 'NONE', #3293, 1.500000000000000000 ) ;
#1417 = EDGE_CURVE ( 'NONE', #4417, #542, #2433, .T. ) ;
#1418 = DIRECTION ( 'NONE',  ( 0.000000000000000000, 0.000000000000000000, 1.000000000000000000 ) ) ;
#1419 = LINE ( 'NONE', #5209, #2456 ) ;
#1420 = DIRECTION ( 'NONE',  ( -0.000000000000000000, -0.000000000000000000, -1.000000000000000000 ) ) ;
#1421 = CARTESIAN_POINT ( 'NONE',  ( 11.70000000000000107, -25.50000000000000000, 0.000000000000000000 ) ) ;
#1422 = ORIENTED_EDGE ( 'NONE', *, *, #2075, .F. ) ;
#1423 = ORIENTED_EDGE ( 'NONE', *, *, #5042, .F. ) ;
#1424 = EDGE_CURVE ( 'NONE', #4188, #3290, #5087, .T. ) ;
#1425 = DIRECTION ( 'NONE',  ( 1.000000000000000000, 0.000000000000000000, 0.000000000000000000 ) ) ;
#1426 = CARTESIAN_POINT ( 'NONE',  ( 10.44943371368185758, 3.192782326564427731, 1.831492386514916859 ) ) ;
#1427 = DIRECTION ( 'NONE',  ( 0.000000000000000000, 1.000000000000000000, -0.000000000000000000 ) ) ;
#1428 = DIRECTION ( 'NONE',  ( 0.000000000000000000, 1.000000000000000000, 0.000000000000000000 ) ) ;
#1429 = ORIENTED_EDGE ( 'NONE', *, *, #1268, .T. ) ;
#1430 = EDGE_LOOP ( 'NONE', ( #1873, #1586, #1898, #4406 ) ) ;
#1431 = CARTESIAN_POINT ( 'NONE',  ( 5.859999999999999432, -13.89999999999999858, 6.000000000000000000 ) ) ;
#1432 = PLANE ( 'NONE',  #3490 ) ;
#1433 = ORIENTED_EDGE ( 'NONE', *, *, #4979, .F. ) ;
#1434 = CARTESIAN_POINT ( 'NONE',  ( 14.75000000000000000, 12.75000000000000000, 28.00000000000000000 ) ) ;
#1435 = CARTESIAN_POINT ( 'NONE',  ( 12.51699029126213070, 14.42688303302032082, 15.00000000000000178 ) ) ;
#1436 = CARTESIAN_POINT ( 'NONE',  ( -17.00000000000000000, -4.250000000000000000, 30.00000000000000000 ) ) ;
#1437 = FACE_OUTER_BOUND ( 'NONE', #2226, .T. ) ;
#1438 = CARTESIAN_POINT ( 'NONE',  ( 7.021564347915039583, 1.149999999999999911, 6.938893903907229955E-15 ) ) ;
#1439 = DIRECTION ( 'NONE',  ( -0.000000000000000000, -0.000000000000000000, -1.000000000000000000 ) ) ;
#1440 = FACE_BOUND ( 'NONE', #5361, .T. ) ;
#1441 = CARTESIAN_POINT ( 'NONE',  ( -7.291612123339699991, 1.580668278431285101, 30.00000000000000000 ) ) ;
#1442 = FACE_OUTER_BOUND ( 'NONE', #199, .T. ) ;
#1443 = ADVANCED_FACE ( 'NONE', ( #3711 ), #4371, .T. ) ;
#1444 = EDGE_CURVE ( 'NONE', #3722, #3373, #378, .T. ) ;
#1445 = ORIENTED_EDGE ( 'NONE', *, *, #1299, .F. ) ;
#1446 = ORIENTED_EDGE ( 'NONE', *, *, #3493, .F. ) ;
#1447 = CARTESIAN_POINT ( 'NONE',  ( -7.400000000000000355, -13.39999999999999858, -0.2000000000000025091 ) ) ;
#1448 = DIRECTION ( 'NONE',  ( -0.000000000000000000, -0.000000000000000000, 1.000000000000000000 ) ) ;
#1449 = EDGE_CURVE ( 'NONE', #5563, #2502, #4915, .T. ) ;
#1450 = DIRECTION ( 'NONE',  ( 0.000000000000000000, 1.000000000000000000, 0.000000000000000000 ) ) ;
#1451 = DIRECTION ( 'NONE',  ( 1.000000000000000000, 0.000000000000000000, 0.000000000000000000 ) ) ;
#1452 = EDGE_CURVE ( 'NONE', #5108, #2980, #3363, .T. ) ;
#1453 = ORIENTED_EDGE ( 'NONE', *, *, #4392, .F. ) ;
#1454 = ORIENTED_EDGE ( 'NONE', *, *, #2989, .F. ) ;
#1455 = CARTESIAN_POINT ( 'NONE',  ( 11.95000000000000107, 0.7500000000000000000, 31.21869538788619991 ) ) ;
#1456 = DIRECTION ( 'NONE',  ( -0.000000000000000000, -0.000000000000000000, 1.000000000000000000 ) ) ;
#1457 = EDGE_LOOP ( 'NONE', ( #681, #1167, #3584, #171 ) ) ;
#1458 = ORIENTED_EDGE ( 'NONE', *, *, #2892, .F. ) ;
#1459 = ORIENTED_EDGE ( 'NONE', *, *, #5249, .F. ) ;
#1460 = CIRCLE ( 'NONE', #95, 3.249999999999999556 ) ;
#1461 = DIRECTION ( 'NONE',  ( 1.000000000000000000, 0.000000000000000000, 0.000000000000000000 ) ) ;
#1462 = CARTESIAN_POINT ( 'NONE',  ( -6.478435652084960417, 4.250000000000000000, 30.00000000000000000 ) ) ;
#1463 = AXIS2_PLACEMENT_3D ( 'NONE', #1017, #5210, #3058 ) ;
#1464 = CARTESIAN_POINT ( 'NONE',  ( 11.50000000000000000, -7.750000000000000000, 6.750000000000000000 ) ) ;
#1465 = DIRECTION ( 'NONE',  ( 1.000000000000000000, 0.000000000000000000, 0.000000000000000000 ) ) ;
#1466 = DIRECTION ( 'NONE',  ( 0.000000000000000000, -1.000000000000000000, 0.000000000000000000 ) ) ;
#1467 = DIRECTION ( 'NONE',  ( 1.000000000000000000, 0.000000000000000000, 0.000000000000000000 ) ) ;
#1468 = CARTESIAN_POINT ( 'NONE',  ( 11.50000000000000000, 12.75000000000000000, 5.000000000000000000 ) ) ;
#1469 = CARTESIAN_POINT ( 'NONE',  ( 0.000000000000000000, 0.000000000000000000, 15.00000000000000178 ) ) ;
#1470 =( NAMED_UNIT ( * ) SI_UNIT ( $, .STERADIAN. ) SOLID_ANGLE_UNIT ( ) );
#1471 = VERTEX_POINT ( 'NONE', #2533 ) ;
#1472 = EDGE_LOOP ( 'NONE', ( #2341, #253, #1138, #2804 ) ) ;
#1473 = DIRECTION ( 'NONE',  ( 1.000000000000000000, -8.673617379884035472E-17, 0.000000000000000000 ) ) ;
#1474 = EDGE_CURVE ( 'NONE', #2468, #4222, #2652, .T. ) ;
#1475 = CARTESIAN_POINT ( 'NONE',  ( 11.95000000000000107, 0.7500000000000000000, 1.781304612113784991 ) ) ;
#1476 = EDGE_CURVE ( 'NONE', #4179, #1186, #21, .T. ) ;
#1477 = CARTESIAN_POINT ( 'NONE',  ( -3.154362416107384881, -18.50000000000000000, 12.20805369127516116 ) ) ;
#1478 = VECTOR ( 'NONE', #1865, 1000.000000000000000 ) ;
#1479 = CARTESIAN_POINT ( 'NONE',  ( 11.70000000000000107, -25.50000000000000000, 0.000000000000000000 ) ) ;
#1480 = ADVANCED_FACE ( 'NONE', ( #4665 ), #3566, .T. ) ;
#1481 = ORIENTED_EDGE ( 'NONE', *, *, #152, .F. ) ;
#1482 = VECTOR ( 'NONE', #1977, 999.9999999999998863 ) ;
#1483 = AXIS2_PLACEMENT_3D ( 'NONE', #611, #4885, #5311 ) ;
#1484 = CIRCLE ( 'NONE', #1571, 9.999999999999998224 ) ;
#1485 = ORIENTED_EDGE ( 'NONE', *, *, #398, .T. ) ;
#1486 = LINE ( 'NONE', #1112, #4459 ) ;
#1487 = EDGE_CURVE ( 'NONE', #3009, #547, #2923, .T. ) ;
#1488 = CARTESIAN_POINT ( 'NONE',  ( 6.309046364958350139, -18.02906468291450537, 21.00000000000000000 ) ) ;
#1489 =( GEOMETRIC_REPRESENTATION_CONTEXT ( 3 ) GLOBAL_UNCERTAINTY_ASSIGNED_CONTEXT ( ( #1707 ) ) GLOBAL_UNIT_ASSIGNED_CONTEXT ( ( #186, #4895, #2858 ) ) REPRESENTATION_CONTEXT ( 'NONE', 'WORKASPACE' ) );
#1490 = AXIS2_PLACEMENT_3D ( 'NONE', #2219, #5077, #447 ) ;
#1491 = ORIENTED_EDGE ( 'NONE', *, *, #122, .T. ) ;
#1492 = ORIENTED_EDGE ( 'NONE', *, *, #4043, .F. ) ;
#1493 = ORIENTED_EDGE ( 'NONE', *, *, #2929, .F. ) ;
#1494 = CIRCLE ( 'NONE', #2402, 0.2999999999999999334 ) ;
#1495 = DIRECTION ( 'NONE',  ( 0.000000000000000000, 1.000000000000000000, 0.000000000000000000 ) ) ;
#1496 = LINE ( 'NONE', #2404, #1307 ) ;
#1497 = FACE_OUTER_BOUND ( 'NONE', #2474, .T. ) ;
#1498 = VECTOR ( 'NONE', #3132, 1000.000000000000114 ) ;
#1499 = DIRECTION ( 'NONE',  ( 0.000000000000000000, 0.000000000000000000, 1.000000000000000000 ) ) ;
#1500 = CIRCLE ( 'NONE', #1950, 1.500000000000000000 ) ;
#1501 = DIRECTION ( 'NONE',  ( -0.000000000000000000, -1.000000000000000000, 0.000000000000000000 ) ) ;
#1502 = VECTOR ( 'NONE', #4364, 1000.000000000000000 ) ;
#1503 = CARTESIAN_POINT ( 'NONE',  ( 9.000000000000001776, 16.99999999999999645, 10.00000000000000000 ) ) ;
#1504 = FACE_BOUND ( 'NONE', #2506, .T. ) ;
#1505 = CYLINDRICAL_SURFACE ( 'NONE', #1251, 1.750000000000001554 ) ;
#1506 = CONICAL_SURFACE ( 'NONE', #47, 22.49999999999999645, 0.7853981633974447263 ) ;
#1507 = ORIENTED_EDGE ( 'NONE', *, *, #2489, .T. ) ;
#1508 = ORIENTED_EDGE ( 'NONE', *, *, #2163, .T. ) ;
#1509 = LINE ( 'NONE', #1107, #1575 ) ;
#1510 = DIRECTION ( 'NONE',  ( -0.000000000000000000, -0.000000000000000000, 1.000000000000000000 ) ) ;
#1511 = CARTESIAN_POINT ( 'NONE',  ( -6.604487272054069713, -13.89999999999999858, 0.2999999999999981570 ) ) ;
#1512 = ORIENTED_EDGE ( 'NONE', *, *, #4522, .T. ) ;
#1513 = ORIENTED_EDGE ( 'NONE', *, *, #2686, .F. ) ;
#1514 = DIRECTION ( 'NONE',  ( -0.000000000000000000, -0.000000000000000000, -1.000000000000000000 ) ) ;
#1515 = DIRECTION ( 'NONE',  ( 1.000000000000000000, 0.000000000000000000, 0.000000000000000000 ) ) ;
#1516 = EDGE_CURVE ( 'NONE', #87, #1982, #3199, .T. ) ;
#1517 = EDGE_CURVE ( 'NONE', #1719, #2382, #2228, .T. ) ;
#1518 = ORIENTED_EDGE ( 'NONE', *, *, #5322, .T. ) ;
#1519 = ORIENTED_EDGE ( 'NONE', *, *, #3280, .T. ) ;
#1520 = CARTESIAN_POINT ( 'NONE',  ( 13.50000000000000000, 16.99999999999999645, 0.9999999999999701350 ) ) ;
#1521 = CARTESIAN_POINT ( 'NONE',  ( -7.400000000000000355, -13.39999999999999858, -0.2000000000000025091 ) ) ;
#1522 = EDGE_CURVE ( 'NONE', #603, #2414, #3183, .T. ) ;
#1523 = CARTESIAN_POINT ( 'NONE',  ( -3.166168487925629549, -18.49768630934686087, 15.16616848792562422 ) ) ;
#1524 = EDGE_CURVE ( 'NONE', #3044, #2438, #3975, .T. ) ;
#1525 = CARTESIAN_POINT ( 'NONE',  ( 5.316719848611820787, 22.37712610742103791, 20.42716858563563065 ) ) ;
#1526 = CARTESIAN_POINT ( 'NONE',  ( 3.000000000000003553, -18.35647024893403412, 15.00000000000000178 ) ) ;
#1527 = DIRECTION ( 'NONE',  ( -0.000000000000000000, -0.000000000000000000, 1.000000000000000000 ) ) ;
#1528 = CARTESIAN_POINT ( 'NONE',  ( -11.95000000000000107, 0.7500000000000000000, 0.000000000000000000 ) ) ;
#1529 = VERTEX_POINT ( 'NONE', #2700 ) ;
#1530 = ORIENTED_EDGE ( 'NONE', *, *, #1166, .T. ) ;
#1531 = DIRECTION ( 'NONE',  ( -0.000000000000000000, -0.000000000000000000, -1.000000000000000000 ) ) ;
#1532 = LINE ( 'NONE', #4561, #1767 ) ;
#1533 = LINE ( 'NONE', #2465, #4028 ) ;
#1534 = VERTEX_POINT ( 'NONE', #2642 ) ;
#1535 = ORIENTED_EDGE ( 'NONE', *, *, #2452, .T. ) ;
#1536 = DIRECTION ( 'NONE',  ( -1.000000000000000000, 0.000000000000000000, 0.000000000000000000 ) ) ;
#1537 = CARTESIAN_POINT ( 'NONE',  ( -7.021564347915049353, 1.449999999999999956, 0.000000000000000000 ) ) ;
#1538 = ORIENTED_EDGE ( 'NONE', *, *, #4185, .F. ) ;
#1539 = ORIENTED_EDGE ( 'NONE', *, *, #3252, .T. ) ;
#1540 = VERTEX_POINT ( 'NONE', #1347 ) ;
#1541 = DIRECTION ( 'NONE',  ( 1.000000000000000000, 0.000000000000000000, 0.000000000000000000 ) ) ;
#1542 = CARTESIAN_POINT ( 'NONE',  ( 9.799999999999998934, 4.250000000000000000, 33.00000000000000000 ) ) ;
#1543 = EDGE_CURVE ( 'NONE', #697, #2841, #3950, .T. ) ;
#1544 = EDGE_CURVE ( 'NONE', #2336, #1726, #2779, .T. ) ;
#1545 = ORIENTED_EDGE ( 'NONE', *, *, #3524, .T. ) ;
#1546 = CARTESIAN_POINT ( 'NONE',  ( 11.50000000000000000, 12.75000000000000000, 5.000000000000000000 ) ) ;
#1547 = DIRECTION ( 'NONE',  ( -1.000000000000000000, 0.000000000000000000, 0.000000000000000000 ) ) ;
#1548 = CARTESIAN_POINT ( 'NONE',  ( 13.49999999999999645, -15.55988431833605290, 24.49999999999999289 ) ) ;
#1549 = ADVANCED_FACE ( 'NONE', ( #3614 ), #4425, .F. ) ;
#1550 = CARTESIAN_POINT ( 'NONE',  ( 9.000000000000001776, -18.50000000000000000, 10.00000000000000000 ) ) ;
#1551 = VECTOR ( 'NONE', #4468, 1000.000000000000000 ) ;
#1552 = DIRECTION ( 'NONE',  ( 1.265177859526988718E-16, -1.000000000000000000, 0.000000000000000000 ) ) ;
#1553 =( NAMED_UNIT ( * ) SI_UNIT ( $, .STERADIAN. ) SOLID_ANGLE_UNIT ( ) );
#1554 = ORIENTED_EDGE ( 'NONE', *, *, #5352, .F. ) ;
#1555 = ORIENTED_EDGE ( 'NONE', *, *, #5456, .F. ) ;
#1556 = DIRECTION ( 'NONE',  ( 0.000000000000000000, 0.000000000000000000, -1.000000000000000000 ) ) ;
#1557 = DIRECTION ( 'NONE',  ( 0.000000000000000000, 1.000000000000000000, 0.000000000000000000 ) ) ;
#1558 = LINE ( 'NONE', #1084, #1677 ) ;
#1559 = VERTEX_POINT ( 'NONE', #919 ) ;
#1560 = ORIENTED_EDGE ( 'NONE', *, *, #4675, .F. ) ;
#1561 = DIRECTION ( 'NONE',  ( 1.000000000000000000, 0.000000000000000000, 0.000000000000000000 ) ) ;
#1562 = CARTESIAN_POINT ( 'NONE',  ( 0.000000000000000000, 0.000000000000000000, 24.49999999999998579 ) ) ;
#1563 = ORIENTED_EDGE ( 'NONE', *, *, #3599, .T. ) ;
#1564 = AXIS2_PLACEMENT_3D ( 'NONE', #2627, #1634, #2569 ) ;
#1565 = ORIENTED_EDGE ( 'NONE', *, *, #1594, .F. ) ;
#1566 = ORIENTED_EDGE ( 'NONE', *, *, #5050, .F. ) ;
#1567 = CARTESIAN_POINT ( 'NONE',  ( 14.99999999999999645, 23.43538973435889616, -39.06504476178464813 ) ) ;
#1568 = LINE ( 'NONE', #4067, #4558 ) ;
#1569 = AXIS2_PLACEMENT_3D ( 'NONE', #3698, #5437, #1561 ) ;
#1570 = CIRCLE ( 'NONE', #5274, 3.249999999999999556 ) ;
#1571 = AXIS2_PLACEMENT_3D ( 'NONE', #5003, #242, #3313 ) ;
#1572 = ORIENTED_EDGE ( 'NONE', *, *, #3596, .F. ) ;
#1573 = CARTESIAN_POINT ( 'NONE',  ( -11.50000000000000000, 12.75000000000000000, 28.00000000000000000 ) ) ;
#1574 = FACE_OUTER_BOUND ( 'NONE', #1253, .T. ) ;
#1575 = VECTOR ( 'NONE', #650, 1000.000000000000000 ) ;
#1576 = PRESENTATION_LAYER_ASSIGNMENT (  '', '', ( #580 ) ) ;
#1577 = VECTOR ( 'NONE', #2233, 1000.000000000000000 ) ;
#1578 = EDGE_CURVE ( 'NONE', #1238, #559, #4882, .T. ) ;
#1579 = SURFACE_STYLE_FILL_AREA ( #2819 ) ;
#1580 = AXIS2_PLACEMENT_3D ( 'NONE', #1546, #1947, #550 ) ;
#1581 = CARTESIAN_POINT ( 'NONE',  ( -12.00000000000000000, 16.99999999999999645, 0.3961689313160864367 ) ) ;
#1582 = EDGE_CURVE ( 'NONE', #1061, #1540, #3655, .T. ) ;
#1583 = ADVANCED_FACE ( 'NONE', ( #3534 ), #31, .F. ) ;
#1584 = VECTOR ( 'NONE', #787, 1000.000000000000114 ) ;
#1585 = EDGE_CURVE ( 'NONE', #547, #3009, #756, .T. ) ;
#1586 = ORIENTED_EDGE ( 'NONE', *, *, #1936, .F. ) ;
#1587 = AXIS2_PLACEMENT_3D ( 'NONE', #3699, #4536, #717 ) ;
#1588 = ORIENTED_EDGE ( 'NONE', *, *, #2096, .T. ) ;
#1589 = VERTEX_POINT ( 'NONE', #1851 ) ;
#1590 = DIRECTION ( 'NONE',  ( 0.5734623443633282136, 0.000000000000000000, 0.8192319205190404796 ) ) ;
#1591 = AXIS2_PLACEMENT_3D ( 'NONE', #4415, #531, #3963 ) ;
#1592 = LINE ( 'NONE', #4986, #226 ) ;
#1593 = AXIS2_PLACEMENT_3D ( 'NONE', #4723, #2464, #2044 ) ;
#1594 = EDGE_CURVE ( 'NONE', #30, #4340, #3590, .T. ) ;
#1595 = EDGE_LOOP ( 'NONE', ( #2080, #349, #5275, #1201 ) ) ;
#1596 = ORIENTED_EDGE ( 'NONE', *, *, #4802, .F. ) ;
#1597 = LINE ( 'NONE', #5389, #1390 ) ;
#1598 = CYLINDRICAL_SURFACE ( 'NONE', #4936, 1.499999999999999556 ) ;
#1599 = VERTEX_POINT ( 'NONE', #1798 ) ;
#1600 = VERTEX_POINT ( 'NONE', #1768 ) ;
#1601 = DIRECTION ( 'NONE',  ( 0.000000000000000000, 0.000000000000000000, -1.000000000000000000 ) ) ;
#1602 = LINE ( 'NONE', #1365, #4018 ) ;
#1603 = DIRECTION ( 'NONE',  ( 0.5734623443633289908, 0.000000000000000000, -0.8192319205190400355 ) ) ;
#1604 = ORIENTED_EDGE ( 'NONE', *, *, #1791, .F. ) ;
#1605 = CARTESIAN_POINT ( 'NONE',  ( 5.360000000000012754, -13.89999999999999858, 6.000000000000000000 ) ) ;
#1606 = DIRECTION ( 'NONE',  ( -1.224646799147353207E-16, 0.000000000000000000, -1.000000000000000000 ) ) ;
#1607 = LINE ( 'NONE', #5485, #945 ) ;
#1608 = PLANE ( 'NONE',  #2843 ) ;
#1609 = VERTEX_POINT ( 'NONE', #952 ) ;
#1610 = ORIENTED_EDGE ( 'NONE', *, *, #5170, .F. ) ;
#1611 = CARTESIAN_POINT ( 'NONE',  ( -11.50000000000000000, 0.7500000000000000000, 28.00000000000000000 ) ) ;
#1612 = LINE ( 'NONE', #5547, #2005 ) ;
#1613 = EDGE_CURVE ( 'NONE', #4566, #5238, #5307, .T. ) ;
#1614 = ADVANCED_FACE ( 'NONE', ( #5246 ), #475, .T. ) ;
#1615 = DIRECTION ( 'NONE',  ( 1.224646799147353207E-16, -1.000000000000000000, 0.000000000000000000 ) ) ;
#1616 = CARTESIAN_POINT ( 'NONE',  ( -11.50000000000000000, -7.750000000000000000, 5.000000000000000000 ) ) ;
#1617 = ORIENTED_EDGE ( 'NONE', *, *, #792, .T. ) ;
#1618 = ORIENTED_EDGE ( 'NONE', *, *, #5321, .F. ) ;
#1619 = DIRECTION ( 'NONE',  ( 0.000000000000000000, 1.000000000000000000, 0.000000000000000000 ) ) ;
#1620 = CARTESIAN_POINT ( 'NONE',  ( 5.041911831153056411, -18.42269563088570905, 19.90467054509305811 ) ) ;
#1621 = ADVANCED_FACE ( 'NONE', ( #1881 ), #2310, .T. ) ;
#1622 = ORIENTED_EDGE ( 'NONE', *, *, #5344, .F. ) ;
#1623 = VERTEX_POINT ( 'NONE', #4795 ) ;
#1624 = LINE ( 'NONE', #3046, #3292 ) ;
#1625 = CARTESIAN_POINT ( 'NONE',  ( 13.50000000000000000, 5.500000000000000000, 0.000000000000000000 ) ) ;
#1626 = CARTESIAN_POINT ( 'NONE',  ( 0.000000000000000000, 0.000000000000000000, 17.00000000000000000 ) ) ;
#1627 = ORIENTED_EDGE ( 'NONE', *, *, #3454, .T. ) ;
#1628 = FACE_OUTER_BOUND ( 'NONE', #4997, .T. ) ;
#1629 = CARTESIAN_POINT ( 'NONE',  ( 0.000000000000000000, 0.1499999999999999667, 24.99999999999999645 ) ) ;
#1630 = DIRECTION ( 'NONE',  ( 0.000000000000000000, 0.000000000000000000, 1.000000000000000000 ) ) ;
#1631 = AXIS2_PLACEMENT_3D ( 'NONE', #3495, #1420, #1836 ) ;
#1632 = CARTESIAN_POINT ( 'NONE',  ( -10.73213150326322030, 5.500000000000000000, 6.000000000000000000 ) ) ;
#1633 = ORIENTED_EDGE ( 'NONE', *, *, #4449, .F. ) ;
#1634 = DIRECTION ( 'NONE',  ( -1.000000000000000000, -4.081702296416015011E-16, 0.000000000000000000 ) ) ;
#1635 = ORIENTED_EDGE ( 'NONE', *, *, #1476, .F. ) ;
#1636 = VECTOR ( 'NONE', #2084, 1000.000000000000000 ) ;
#1637 = FACE_OUTER_BOUND ( 'NONE', #3098, .T. ) ;
#1638 = DIRECTION ( 'NONE',  ( 1.000000000000000000, 0.000000000000000000, 0.000000000000000000 ) ) ;
#1639 = FACE_OUTER_BOUND ( 'NONE', #1929, .T. ) ;
#1640 = VERTEX_POINT ( 'NONE', #3096 ) ;
#1641 = EDGE_CURVE ( 'NONE', #730, #263, #2676, .T. ) ;
#1642 = ORIENTED_EDGE ( 'NONE', *, *, #3524, .F. ) ;
#1643 = CARTESIAN_POINT ( 'NONE',  ( 14.75000000000000000, 12.75000000000000000, 5.000000000000000000 ) ) ;
#1644 = CARTESIAN_POINT ( 'NONE',  ( 5.000000000000001776, -18.43393609623295148, 19.50000000000000000 ) ) ;
#1645 = EDGE_CURVE ( 'NONE', #559, #4589, #2296, .T. ) ;
#1646 = ORIENTED_EDGE ( 'NONE', *, *, #3104, .F. ) ;
#1647 = EDGE_CURVE ( 'NONE', #1198, #3075, #4105, .T. ) ;
#1648 = VERTEX_POINT ( 'NONE', #4941 ) ;
#1649 = DIRECTION ( 'NONE',  ( -3.336086342942520728E-17, 1.000000000000000000, 0.000000000000000000 ) ) ;
#1650 = CARTESIAN_POINT ( 'NONE',  ( -8.250000000000000000, 12.75000000000000000, 5.000000000000000000 ) ) ;
#1651 = ORIENTED_EDGE ( 'NONE', *, *, #3247, .F. ) ;
#1652 = AXIS2_PLACEMENT_3D ( 'NONE', #535, #1899, #3630 ) ;
#1653 = DIRECTION ( 'NONE',  ( 0.000000000000000000, -1.000000000000000000, 0.000000000000000000 ) ) ;
#1654 = AXIS2_PLACEMENT_3D ( 'NONE', #3820, #13, #2086 ) ;
#1655 = DIRECTION ( 'NONE',  ( 0.000000000000000000, 1.000000000000000000, 0.000000000000000000 ) ) ;
#1656 = EDGE_CURVE ( 'NONE', #2786, #1062, #1486, .T. ) ;
#1657 = VECTOR ( 'NONE', #3219, 1000.000000000000000 ) ;
#1658 = CIRCLE ( 'NONE', #4643, 19.10000000000000142 ) ;
#1659 = AXIS2_PLACEMENT_3D ( 'NONE', #5510, #2534, #1630 ) ;
#1660 = CARTESIAN_POINT ( 'NONE',  ( 12.00000000000000000, -18.50000000000000000, 0.9999999999999701350 ) ) ;
#1661 = CARTESIAN_POINT ( 'NONE',  ( 12.00000000000000000, 17.00000000000000000, 0.3961689313160968728 ) ) ;
#1662 = VECTOR ( 'NONE', #561, 1000.000000000000000 ) ;
#1663 = VECTOR ( 'NONE', #2952, 1000.000000000000000 ) ;
#1664 = VECTOR ( 'NONE', #1044, 1000.000000000000000 ) ;
#1665 = ORIENTED_EDGE ( 'NONE', *, *, #1968, .F. ) ;
#1666 = DIRECTION ( 'NONE',  ( -0.000000000000000000, 1.000000000000000000, -0.000000000000000000 ) ) ;
#1667 = VECTOR ( 'NONE', #75, 1000.000000000000000 ) ;
#1668 = VECTOR ( 'NONE', #1327, 1000.000000000000000 ) ;
#1669 = DIRECTION ( 'NONE',  ( -0.000000000000000000, -0.000000000000000000, -1.000000000000000000 ) ) ;
#1670 = FACE_OUTER_BOUND ( 'NONE', #1849, .T. ) ;
#1671 = CARTESIAN_POINT ( 'NONE',  ( -12.00000000000000000, 5.500000000000000000, 0.3961689313160864367 ) ) ;
#1672 = CARTESIAN_POINT ( 'NONE',  ( 3.000000000000003997, -19.70000000000000639, 15.00000000000000178 ) ) ;
#1673 = VECTOR ( 'NONE', #2850, 1000.000000000000000 ) ;
#1674 = AXIS2_PLACEMENT_3D ( 'NONE', #2253, #1005, #521 ) ;
#1675 = ORIENTED_EDGE ( 'NONE', *, *, #2163, .F. ) ;
#1676 = ORIENTED_EDGE ( 'NONE', *, *, #714, .F. ) ;
#1677 = VECTOR ( 'NONE', #3210, 1000.000000000000000 ) ;
#1678 = FACE_OUTER_BOUND ( 'NONE', #854, .T. ) ;
#1679 = CARTESIAN_POINT ( 'NONE',  ( 5.010216958138706822, 18.43117345434447074, 19.70139751054525235 ) ) ;
#1680 = ORIENTED_EDGE ( 'NONE', *, *, #2446, .T. ) ;
#1681 = APPLICATION_CONTEXT ( 'automotive_design' ) ;
#1682 = VECTOR ( 'NONE', #4701, 1000.000000000000000 ) ;
#1683 = EDGE_LOOP ( 'NONE', ( #5415, #5605, #4260, #2881 ) ) ;
#1684 = ORIENTED_EDGE ( 'NONE', *, *, #1543, .F. ) ;
#1685 = DIRECTION ( 'NONE',  ( 0.000000000000000000, 1.000000000000000000, 0.000000000000000000 ) ) ;
#1686 = EDGE_CURVE ( 'NONE', #3657, #2557, #4597, .T. ) ;
#1687 = CARTESIAN_POINT ( 'NONE',  ( 11.50000000000000000, -4.250000000000000000, 6.750000000000000000 ) ) ;
#1688 = CYLINDRICAL_SURFACE ( 'NONE', #1855, 0.2999999999999999334 ) ;
#1689 = EDGE_CURVE ( 'NONE', #2531, #1961, #3749, .T. ) ;
#1690 = EDGE_CURVE ( 'NONE', #4445, #2713, #172, .T. ) ;
#1691 = VERTEX_POINT ( 'NONE', #2444 ) ;
#1692 = CARTESIAN_POINT ( 'NONE',  ( -13.50000000000000000, -5.500000000000000000, 0.9999999999999701350 ) ) ;
#1693 = DIRECTION ( 'NONE',  ( -1.000000000000000000, 0.000000000000000000, 0.000000000000000000 ) ) ;
#1694 = ADVANCED_FACE ( 'NONE', ( #2836 ), #4569, .T. ) ;
#1695 = VERTEX_POINT ( 'NONE', #692 ) ;
#1696 = DIRECTION ( 'NONE',  ( 1.000000000000000000, 0.000000000000000000, 0.000000000000000000 ) ) ;
#1697 = ORIENTED_EDGE ( 'NONE', *, *, #4623, .T. ) ;
#1698 = SURFACE_STYLE_USAGE ( .BOTH. , #332 ) ;
#1699 = DIRECTION ( 'NONE',  ( 0.000000000000000000, 1.000000000000000000, 0.000000000000000000 ) ) ;
#1700 = CARTESIAN_POINT ( 'NONE',  ( 11.50000000000000000, -2.250000000000000000, 5.000000000000000000 ) ) ;
#1701 = DIRECTION ( 'NONE',  ( 1.000000000000000000, -1.000802005371235004E-16, 0.000000000000000000 ) ) ;
#1702 = ORIENTED_EDGE ( 'NONE', *, *, #2624, .F. ) ;
#1703 = ORIENTED_EDGE ( 'NONE', *, *, #2796, .T. ) ;
#1704 = DIRECTION ( 'NONE',  ( 0.000000000000000000, 1.000000000000000000, 0.000000000000000000 ) ) ;
#1705 = DIRECTION ( 'NONE',  ( 0.000000000000000000, 0.000000000000000000, 1.000000000000000000 ) ) ;
#1706 = ORIENTED_EDGE ( 'NONE', *, *, #2447, .F. ) ;
#1707 = UNCERTAINTY_MEASURE_WITH_UNIT (LENGTH_MEASURE( 1.000000000000000082E-05 ), #186, 'distance_accuracy_value', 'NONE');
#1708 = ORIENTED_EDGE ( 'NONE', *, *, #3626, .T. ) ;
#1709 = DIRECTION ( 'NONE',  ( 0.000000000000000000, 0.000000000000000000, -1.000000000000000000 ) ) ;
#1710 = DIRECTION ( 'NONE',  ( 1.000000000000000000, 0.000000000000000000, 0.000000000000000000 ) ) ;
#1711 = DIRECTION ( 'NONE',  ( 0.000000000000000000, 1.000000000000000000, 0.000000000000000000 ) ) ;
#1712 = ORIENTED_EDGE ( 'NONE', *, *, #1452, .T. ) ;
#1713 = EDGE_CURVE ( 'NONE', #4880, #3690, #3362, .T. ) ;
#1714 = DIRECTION ( 'NONE',  ( 0.000000000000000000, 0.000000000000000000, 1.000000000000000000 ) ) ;
#1715 = ADVANCED_FACE ( 'NONE', ( #4510 ), #4061, .F. ) ;
#1716 = DIRECTION ( 'NONE',  ( -0.6735623210795507187, 0.000000000000000000, 0.7391304347826087584 ) ) ;
#1717 = ADVANCED_FACE ( 'NONE', ( #254 ), #3723, .T. ) ;
#1718 = CARTESIAN_POINT ( 'NONE',  ( 5.000000000000001776, -18.43393609623295148, 19.50000000000000000 ) ) ;
#1719 = VERTEX_POINT ( 'NONE', #3295 ) ;
#1720 = CARTESIAN_POINT ( 'NONE',  ( 13.10869565217391219, 5.500000000000000000, 1.406512412935422285 ) ) ;
#1721 = EDGE_CURVE ( 'NONE', #2841, #3722, #1905, .T. ) ;
#1722 = CARTESIAN_POINT ( 'NONE',  ( 11.95000000000000107, 0.7500000000000000000, 0.000000000000000000 ) ) ;
#1723 = FACE_BOUND ( 'NONE', #3150, .T. ) ;
#1724 = DIRECTION ( 'NONE',  ( 0.000000000000000000, 0.000000000000000000, -1.000000000000000000 ) ) ;
#1725 = CARTESIAN_POINT ( 'NONE',  ( 7.021564347915039583, 1.449999999999999956, 30.00000000000000000 ) ) ;
#1726 = VERTEX_POINT ( 'NONE', #4170 ) ;
#1727 = AXIS2_PLACEMENT_3D ( 'NONE', #1868, #1360, #3028 ) ;
#1728 = VERTEX_POINT ( 'NONE', #2364 ) ;
#1729 = PLANE ( 'NONE',  #4112 ) ;
#1730 = DIRECTION ( 'NONE',  ( 1.000000000000000000, 0.000000000000000000, -0.000000000000000000 ) ) ;
#1731 = CIRCLE ( 'NONE', #2186, 1.749999999999999778 ) ;
#1732 = LINE ( 'NONE', #891, #498 ) ;
#1733 = VERTEX_POINT ( 'NONE', #1148 ) ;
#1734 = VERTEX_POINT ( 'NONE', #1088 ) ;
#1735 = CARTESIAN_POINT ( 'NONE',  ( 13.50000000000000000, -5.500000000000000000, 0.9999999999999701350 ) ) ;
#1736 = PLANE ( 'NONE',  #5201 ) ;
#1737 = CARTESIAN_POINT ( 'NONE',  ( 11.99999999999999822, 17.00000000000000000, 0.3961689313160962067 ) ) ;
#1738 = ORIENTED_EDGE ( 'NONE', *, *, #971, .T. ) ;
#1739 = DIRECTION ( 'NONE',  ( 0.000000000000000000, 1.000000000000000000, 0.000000000000000000 ) ) ;
#1740 = CARTESIAN_POINT ( 'NONE',  ( 9.000000000000001776, -16.99999999999999645, 10.00000000000000000 ) ) ;
#1741 = ADVANCED_FACE ( 'NONE', ( #277, #2016 ), #4535, .T. ) ;
#1742 = DIRECTION ( 'NONE',  ( -0.000000000000000000, -0.000000000000000000, -1.000000000000000000 ) ) ;
#1743 = AXIS2_PLACEMENT_3D ( 'NONE', #4256, #4280, #2956 ) ;
#1744 = VECTOR ( 'NONE', #4921, 1000.000000000000114 ) ;
#1745 = ORIENTED_EDGE ( 'NONE', *, *, #4224, .F. ) ;
#1746 = DIRECTION ( 'NONE',  ( 0.000000000000000000, 0.000000000000000000, 1.000000000000000000 ) ) ;
#1747 = APPLICATION_CONTEXT ( 'automotive_design' ) ;
#1748 = FACE_OUTER_BOUND ( 'NONE', #2825, .T. ) ;
#1749 = EDGE_CURVE ( 'NONE', #1589, #1529, #1597, .T. ) ;
#1750 = AXIS2_PLACEMENT_3D ( 'NONE', #627, #4590, #1984 ) ;
#1751 = AXIS2_PLACEMENT_3D ( 'NONE', #4515, #2788, #4154 ) ;
#1752 = DIRECTION ( 'NONE',  ( 1.000000000000000000, 0.000000000000000000, 0.000000000000000000 ) ) ;
#1753 = AXIS2_PLACEMENT_3D ( 'NONE', #2597, #5594, #4691 ) ;
#1754 = CYLINDRICAL_SURFACE ( 'NONE', #4137, 19.10000000000000142 ) ;
#1755 = LINE ( 'NONE', #5236, #2484 ) ;
#1756 = EDGE_CURVE ( 'NONE', #1907, #4964, #2338, .T. ) ;
#1757 = EDGE_CURVE ( 'NONE', #2330, #777, #5411, .T. ) ;
#1758 = ORIENTED_EDGE ( 'NONE', *, *, #566, .T. ) ;
#1759 = CIRCLE ( 'NONE', #4925, 1.500000000000000666 ) ;
#1760 = ORIENTED_EDGE ( 'NONE', *, *, #2418, .F. ) ;
#1761 = DIRECTION ( 'NONE',  ( 0.000000000000000000, 0.000000000000000000, -1.000000000000000000 ) ) ;
#1762 = FACE_OUTER_BOUND ( 'NONE', #4808, .T. ) ;
#1763 = PLANE ( 'NONE',  #2411 ) ;
#1764 = VECTOR ( 'NONE', #4073, 1000.000000000000000 ) ;
#1765 = VERTEX_POINT ( 'NONE', #2503 ) ;
#1766 = ORIENTED_EDGE ( 'NONE', *, *, #2935, .T. ) ;
#1767 = VECTOR ( 'NONE', #4985, 1000.000000000000000 ) ;
#1768 = CARTESIAN_POINT ( 'NONE',  ( 11.70000000000000107, 17.30000000000000071, -1.301042606982603940E-15 ) ) ;
#1769 = DIRECTION ( 'NONE',  ( -1.000000000000000000, 8.587739980083199972E-17, 0.000000000000000000 ) ) ;
#1770 = ORIENTED_EDGE ( 'NONE', *, *, #85, .F. ) ;
#1771 = DIRECTION ( 'NONE',  ( 0.000000000000000000, 1.000000000000000000, 0.000000000000000000 ) ) ;
#1772 = AXIS2_PLACEMENT_3D ( 'NONE', #5549, #1190, #355 ) ;
#1773 = AXIS2_PLACEMENT_3D ( 'NONE', #800, #5493, #4644 ) ;
#1774 = ORIENTED_EDGE ( 'NONE', *, *, #2657, .T. ) ;
#1775 = CARTESIAN_POINT ( 'NONE',  ( 9.799999999999998934, 4.250000000000000000, 2.230072203107100304 ) ) ;
#1776 = CARTESIAN_POINT ( 'NONE',  ( -9.799999999999998934, 4.250000000000000000, 25.23007220310709897 ) ) ;
#1777 = PRODUCT_DEFINITION_CONTEXT ( 'detailed design', #892, 'design' ) ;
#1778 = DIRECTION ( 'NONE',  ( -1.000000000000000000, 0.000000000000000000, 0.000000000000000000 ) ) ;
#1779 = AXIS2_PLACEMENT_3D ( 'NONE', #4139, #3235, #2773 ) ;
#1780 = CARTESIAN_POINT ( 'NONE',  ( -3.071830290527178200E-16, -8.899999999999998579, -0.2000000000000010658 ) ) ;
#1781 = ORIENTED_EDGE ( 'NONE', *, *, #2579, .F. ) ;
#1782 = FACE_OUTER_BOUND ( 'NONE', #5393, .T. ) ;
#1783 = CARTESIAN_POINT ( 'NONE',  ( -3.499999999999999112, -20.20000000000000284, 25.00000000000000000 ) ) ;
#1784 = CARTESIAN_POINT ( 'NONE',  ( -6.478435652084960417, 3.950000000000000178, 0.000000000000000000 ) ) ;
#1785 = CARTESIAN_POINT ( 'NONE',  ( 0.000000000000000000, 18.50000000000000000, 0.000000000000000000 ) ) ;
#1786 = EDGE_LOOP ( 'NONE', ( #2308, #1921, #3809, #4538 ) ) ;
#1787 = EDGE_LOOP ( 'NONE', ( #446, #3866 ) ) ;
#1788 = CARTESIAN_POINT ( 'NONE',  ( -13.50000000000000000, 5.500000000000000000, 0.000000000000000000 ) ) ;
#1789 = ADVANCED_FACE ( 'NONE', ( #1678 ), #5069, .F. ) ;
#1790 = DIRECTION ( 'NONE',  ( 0.000000000000000000, 0.000000000000000000, 1.000000000000000000 ) ) ;
#1791 = EDGE_CURVE ( 'NONE', #1055, #5159, #3835, .T. ) ;
#1792 = CARTESIAN_POINT ( 'NONE',  ( 0.000000000000000000, -18.50000000000000000, 0.000000000000000000 ) ) ;
#1793 = PRODUCT_DEFINITION_SHAPE ( 'NONE', 'NONE',  #5609 ) ;
#1794 = ADVANCED_FACE ( 'NONE', ( #2050 ), #3413, .F. ) ;
#1795 = ORIENTED_EDGE ( 'NONE', *, *, #640, .F. ) ;
#1796 = EDGE_LOOP ( 'NONE', ( #1538, #3265, #4151, #2401 ) ) ;
#1797 = AXIS2_PLACEMENT_3D ( 'NONE', #1134, #3258, #2857 ) ;
#1798 = CARTESIAN_POINT ( 'NONE',  ( 8.250000000000000000, 4.250000000000000000, 28.00000000000000000 ) ) ;
#1799 = EDGE_CURVE ( 'NONE', #603, #116, #2397, .T. ) ;
#1800 = DIRECTION ( 'NONE',  ( -0.7071067811865524577, 8.659560562354993255E-17, 0.7071067811865426878 ) ) ;
#1801 = EDGE_LOOP ( 'NONE', ( #3214, #4317, #4576, #2871 ) ) ;
#1802 = FACE_OUTER_BOUND ( 'NONE', #1281, .T. ) ;
#1803 = DIRECTION ( 'NONE',  ( 0.000000000000000000, 0.000000000000000000, 1.000000000000000000 ) ) ;
#1804 =( BOUNDED_CURVE ( )  B_SPLINE_CURVE ( 3, ( #507, #470, #5320, #4470 ),
 .UNSPECIFIED., .F., .T. ) 
 B_SPLINE_CURVE_WITH_KNOTS ( ( 4, 4 ),
 ( 1.431888505849260085, 2.121253496966264862 ),
 .UNSPECIFIED. ) 
 CURVE ( )  GEOMETRIC_REPRESENTATION_ITEM ( )  RATIONAL_B_SPLINE_CURVE ( ( 1.000000000000000000, 0.9607885227449100007, 0.9607885227449100007, 1.000000000000000000 ) ) 
 REPRESENTATION_ITEM ( '' )  );
#1805 = EDGE_LOOP ( 'NONE', ( #2388, #1370, #5237, #4619 ) ) ;
#1806 = FACE_BOUND ( 'NONE', #3060, .T. ) ;
#1807 = DIRECTION ( 'NONE',  ( 0.000000000000000000, -1.000000000000000000, 0.000000000000000000 ) ) ;
#1808 = B_SPLINE_CURVE_WITH_KNOTS ( 'NONE', 3,
 ( #4098, #1888, #3139, #1074, #211, #1949, #1832, #128, #1525, #1864, #3597, #1415, #3255, #4976 ),
 .UNSPECIFIED., .F., .F.,
 ( 4, 2, 2, 2, 2, 2, 4 ),
 ( 0.000000000000000000, 0.0005959352687911770525, 0.0008939029031867612961, 0.001191870537582345648, 0.001489838171977929783, 0.001787805806373514135, 0.002383741075164681755 ),
 .UNSPECIFIED. ) ;
#1809 = ORIENTED_EDGE ( 'NONE', *, *, #3803, .T. ) ;
#1810 = LINE ( 'NONE', #2656, #2026 ) ;
#1811 = CARTESIAN_POINT ( 'NONE',  ( -3.000000000000002220, 18.35647024893403412, 15.00000000000000178 ) ) ;
#1812 = DIRECTION ( 'NONE',  ( 0.000000000000000000, 0.000000000000000000, -1.000000000000000000 ) ) ;
#1813 = FACE_OUTER_BOUND ( 'NONE', #1805, .T. ) ;
#1814 = ORIENTED_EDGE ( 'NONE', *, *, #1826, .F. ) ;
#1815 = VERTEX_POINT ( 'NONE', #2978 ) ;
#1816 = CARTESIAN_POINT ( 'NONE',  ( 5.000000000000002665, -21.93741096848030026, 17.00000000000000000 ) ) ;
#1817 = CARTESIAN_POINT ( 'NONE',  ( -6.604487272054069713, -13.39999999999999858, 0.2999999999999999889 ) ) ;
#1818 = LINE ( 'NONE', #1845, #3040 ) ;
#1819 = EDGE_CURVE ( 'NONE', #995, #5430, #2073, .T. ) ;
#1820 = ORIENTED_EDGE ( 'NONE', *, *, #4315, .F. ) ;
#1821 = ORIENTED_EDGE ( 'NONE', *, *, #1721, .T. ) ;
#1822 = DIRECTION ( 'NONE',  ( 0.4336462817275464343, 0.000000000000000000, -0.9010831828104848285 ) ) ;
#1823 = CARTESIAN_POINT ( 'NONE',  ( 11.50000000000000000, -2.250000000000000000, 3.250000000000000000 ) ) ;
#1824 = CIRCLE ( 'NONE', #3899, 3.249999999999999556 ) ;
#1825 = EDGE_CURVE ( 'NONE', #1173, #2442, #4652, .T. ) ;
#1826 = EDGE_CURVE ( 'NONE', #2557, #3203, #3745, .T. ) ;
#1827 = VERTEX_POINT ( 'NONE', #360 ) ;
#1828 = CARTESIAN_POINT ( 'NONE',  ( 3.000000000000003553, 18.35647024893403412, 15.00000000000000178 ) ) ;
#1829 = FACE_OUTER_BOUND ( 'NONE', #1002, .T. ) ;
#1830 = CARTESIAN_POINT ( 'NONE',  ( -11.50000000000000000, -4.250000000000000000, 5.000000000000000000 ) ) ;
#1831 = ADVANCED_FACE ( 'NONE', ( #5151 ), #4199, .F. ) ;
#1832 = CARTESIAN_POINT ( 'NONE',  ( 5.520039253412575064, 22.32788342695007344, 20.63987888761132439 ) ) ;
#1833 = LINE ( 'NONE', #590, #4733 ) ;
#1834 = CARTESIAN_POINT ( 'NONE',  ( -11.70000000000000107, -25.50000000000000000, 0.000000000000000000 ) ) ;
#1835 = DIRECTION ( 'NONE',  ( 0.8520759863078154472, 0.5234181058748001991, 0.000000000000000000 ) ) ;
#1836 = DIRECTION ( 'NONE',  ( 1.000000000000000000, -2.312964634635743450E-15, 0.000000000000000000 ) ) ;
#1837 = DIRECTION ( 'NONE',  ( 0.000000000000000000, 0.000000000000000000, -1.000000000000000000 ) ) ;
#1838 = CIRCLE ( 'NONE', #2666, 1.500000000000000666 ) ;
#1839 = ORIENTED_EDGE ( 'NONE', *, *, #3703, .T. ) ;
#1840 = EDGE_LOOP ( 'NONE', ( #2461, #1192, #4244, #5027 ) ) ;
#1841 = AXIS2_PLACEMENT_3D ( 'NONE', #5509, #1240, #5034 ) ;
#1842 = AXIS2_PLACEMENT_3D ( 'NONE', #1735, #2054, #1685 ) ;
#1843 = CARTESIAN_POINT ( 'NONE',  ( -7.500000000000000000, 17.30000000000000071, 6.000000000000000000 ) ) ;
#1844 = CARTESIAN_POINT ( 'NONE',  ( 3.500000000000000888, 18.77658115845374454, 15.00000000000000178 ) ) ;
#1845 = CARTESIAN_POINT ( 'NONE',  ( 6.528035413153449262, 3.158726812816184726, 30.00000000000000000 ) ) ;
#1846 = CONICAL_SURFACE ( 'NONE', #117, 14.50000000000001066, 0.7853981633974466137 ) ;
#1847 = CIRCLE ( 'NONE', #1127, 0.5000000000000000000 ) ;
#1848 = VERTEX_POINT ( 'NONE', #2097 ) ;
#1849 = EDGE_LOOP ( 'NONE', ( #3439, #5270, #2598, #270, #5150, #3007, #1617, #4876, #1161, #229, #429, #247 ) ) ;
#1850 = CIRCLE ( 'NONE', #1130, 19.60000000000001208 ) ;
#1851 = CARTESIAN_POINT ( 'NONE',  ( 12.51699029126213070, -14.42688303302032082, 24.49999999999999289 ) ) ;
#1852 = VECTOR ( 'NONE', #2088, 1000.000000000000000 ) ;
#1853 = DIRECTION ( 'NONE',  ( 0.000000000000000000, 0.000000000000000000, -1.000000000000000000 ) ) ;
#1854 = CIRCLE ( 'NONE', #4297, 3.249999999999999556 ) ;
#1855 = AXIS2_PLACEMENT_3D ( 'NONE', #4580, #2432, #322 ) ;
#1856 = EDGE_LOOP ( 'NONE', ( #4776, #1453, #5551, #715 ) ) ;
#1857 = CIRCLE ( 'NONE', #4206, 1.500000000000000000 ) ;
#1858 = LINE ( 'NONE', #150, #2285 ) ;
#1859 = CARTESIAN_POINT ( 'NONE',  ( 11.95000000000000107, 0.7500000000000000000, 24.78130461211380009 ) ) ;
#1860 = EDGE_CURVE ( 'NONE', #3726, #3423, #5555, .T. ) ;
#1861 = EDGE_CURVE ( 'NONE', #5582, #596, #3863, .T. ) ;
#1862 = VECTOR ( 'NONE', #2334, 1000.000000000000000 ) ;
#1863 = LINE ( 'NONE', #1072, #956 ) ;
#1864 = CARTESIAN_POINT ( 'NONE',  ( 5.205166817564617077, 22.40333727767744065, 20.26367567233941358 ) ) ;
#1865 = DIRECTION ( 'NONE',  ( 0.000000000000000000, 0.000000000000000000, -1.000000000000000000 ) ) ;
#1866 = DIRECTION ( 'NONE',  ( -1.162880573482506019E-46, -1.000000000000000000, -5.446634458108700403E-32 ) ) ;
#1867 = ADVANCED_FACE ( 'NONE', ( #2546 ), #861, .T. ) ;
#1868 = CARTESIAN_POINT ( 'NONE',  ( 3.500000000000000888, 20.19999999999999574, 24.00000000000001421 ) ) ;
#1869 = DIRECTION ( 'NONE',  ( 0.000000000000000000, 0.000000000000000000, 1.000000000000000000 ) ) ;
#1870 = CARTESIAN_POINT ( 'NONE',  ( 3.500000000000000888, 19.11554182895249809, 24.83329678841398902 ) ) ;
#1871 = VERTEX_POINT ( 'NONE', #3350 ) ;
#1872 = AXIS2_PLACEMENT_3D ( 'NONE', #1407, #2680, #3136 ) ;
#1873 = ORIENTED_EDGE ( 'NONE', *, *, #3178, .F. ) ;
#1874 = DIRECTION ( 'NONE',  ( 0.6371620289784513114, 0.7071067811865476838, -0.3066342264458798428 ) ) ;
#1875 = DIRECTION ( 'NONE',  ( 0.000000000000000000, 0.000000000000000000, -1.000000000000000000 ) ) ;
#1876 = DIRECTION ( 'NONE',  ( 1.000000000000000000, 8.587739980083199972E-17, 0.000000000000000000 ) ) ;
#1877 = DIRECTION ( 'NONE',  ( 0.000000000000000000, 0.000000000000000000, 1.000000000000000000 ) ) ;
#1878 = ORIENTED_EDGE ( 'NONE', *, *, #3393, .T. ) ;
#1879 = ORIENTED_EDGE ( 'NONE', *, *, #2425, .T. ) ;
#1880 = ORIENTED_EDGE ( 'NONE', *, *, #5593, .T. ) ;
#1881 = FACE_OUTER_BOUND ( 'NONE', #2316, .T. ) ;
#1882 = DIRECTION ( 'NONE',  ( -1.000000000000000000, 0.000000000000000000, 0.000000000000000000 ) ) ;
#1883 = ORIENTED_EDGE ( 'NONE', *, *, #2357, .F. ) ;
#1884 = ORIENTED_EDGE ( 'NONE', *, *, #5119, .T. ) ;
#1885 = FACE_OUTER_BOUND ( 'NONE', #3284, .T. ) ;
#1886 = CARTESIAN_POINT ( 'NONE',  ( 5.000000000000001776, -22.44994432064364887, 25.00000000000000000 ) ) ;
#1887 = CYLINDRICAL_SURFACE ( 'NONE', #2488, 1.499999999999999556 ) ;
#1888 = CARTESIAN_POINT ( 'NONE',  ( 6.306777348024935392, 22.11933848831738914, 21.00000000000000000 ) ) ;
#1889 = ADVANCED_FACE ( 'NONE', ( #5098 ), #212, .T. ) ;
#1890 = CARTESIAN_POINT ( 'NONE',  ( 11.19534881331187570, 1.978501931817846948, 8.324201809925323658 ) ) ;
#1891 = DIRECTION ( 'NONE',  ( 0.000000000000000000, 0.000000000000000000, -1.000000000000000000 ) ) ;
#1892 = CYLINDRICAL_SURFACE ( 'NONE', #5434, 1.499999999999999556 ) ;
#1893 = DIRECTION ( 'NONE',  ( 1.000000000000000000, 0.000000000000000000, 0.000000000000000000 ) ) ;
#1894 = EDGE_CURVE ( 'NONE', #3249, #4417, #2157, .T. ) ;
#1895 = PRESENTATION_STYLE_ASSIGNMENT (( #3169 ) ) ;
#1896 = EDGE_CURVE ( 'NONE', #2015, #384, #4375, .T. ) ;
#1897 = ORIENTED_EDGE ( 'NONE', *, *, #232, .T. ) ;
#1898 = ORIENTED_EDGE ( 'NONE', *, *, #4487, .F. ) ;
#1899 = DIRECTION ( 'NONE',  ( 0.000000000000000000, 0.000000000000000000, -1.000000000000000000 ) ) ;
#1900 = DIRECTION ( 'NONE',  ( 0.000000000000000000, -1.000000000000000000, 0.000000000000000000 ) ) ;
#1901 = LINE ( 'NONE', #3288, #3940 ) ;
#1902 = FACE_OUTER_BOUND ( 'NONE', #1796, .T. ) ;
#1903 = ORIENTED_EDGE ( 'NONE', *, *, #4601, .T. ) ;
#1904 = EDGE_LOOP ( 'NONE', ( #2829, #2164, #3948, #3156, #1122, #2192 ) ) ;
#1905 = LINE ( 'NONE', #5024, #4737 ) ;
#1906 = DIRECTION ( 'NONE',  ( 1.000000000000000000, 0.000000000000000000, 0.000000000000000000 ) ) ;
#1907 = VERTEX_POINT ( 'NONE', #2895 ) ;
#1908 = ORIENTED_EDGE ( 'NONE', *, *, #3426, .F. ) ;
#1909 = VERTEX_POINT ( 'NONE', #3377 ) ;
#1910 = AXIS2_PLACEMENT_3D ( 'NONE', #133, #50, #1298 ) ;
#1911 = DIRECTION ( 'NONE',  ( 3.336086342942520728E-17, -1.000000000000000000, 0.000000000000000000 ) ) ;
#1912 = PLANE ( 'NONE',  #4746 ) ;
#1913 = CARTESIAN_POINT ( 'NONE',  ( 3.500000000000000888, 20.19999999999999574, 15.49999999999998579 ) ) ;
#1914 = DIRECTION ( 'NONE',  ( -0.7071067811865439090, 0.000000000000000000, 0.7071067811865512365 ) ) ;
#1915 = FACE_OUTER_BOUND ( 'NONE', #4705, .T. ) ;
#1916 = FACE_OUTER_BOUND ( 'NONE', #4162, .T. ) ;
#1917 = DIRECTION ( 'NONE',  ( -0.7071067811865475727, 0.7071067811865475727, 0.000000000000000000 ) ) ;
#1918 = EDGE_CURVE ( 'NONE', #3690, #4259, #3841, .T. ) ;
#1919 = LINE ( 'NONE', #4549, #513 ) ;
#1920 = SURFACE_SIDE_STYLE ('',( #4550 ) ) ;
#1921 = ORIENTED_EDGE ( 'NONE', *, *, #2454, .F. ) ;
#1922 = EDGE_LOOP ( 'NONE', ( #1225, #487, #1633, #2159 ) ) ;
#1923 = CARTESIAN_POINT ( 'NONE',  ( -3.499999999999999112, -18.77658115845374454, 15.00000000000000178 ) ) ;
#1924 = CARTESIAN_POINT ( 'NONE',  ( 11.95000000000000107, 0.7500000000000000000, 33.00000000000000000 ) ) ;
#1925 = EDGE_CURVE ( 'NONE', #542, #4782, #1228, .T. ) ;
#1926 = AXIS2_PLACEMENT_3D ( 'NONE', #1270, #1746, #796 ) ;
#1927 = ADVANCED_FACE ( 'NONE', ( #2300 ), #2636, .F. ) ;
#1928 = DIRECTION ( 'NONE',  ( 0.000000000000000000, -1.000000000000000000, 0.000000000000000000 ) ) ;
#1929 = EDGE_LOOP ( 'NONE', ( #2280, #2443, #5212, #3720 ) ) ;
#1930 = AXIS2_PLACEMENT_3D ( 'NONE', #1629, #1606, #4690 ) ;
#1931 = VECTOR ( 'NONE', #2847, 1000.000000000000000 ) ;
#1932 = MECHANICAL_DESIGN_GEOMETRIC_PRESENTATION_REPRESENTATION (  '', ( #1209 ), #2654 ) ;
#1933 = ORIENTED_EDGE ( 'NONE', *, *, #4008, .F. ) ;
#1934 = CARTESIAN_POINT ( 'NONE',  ( 10.73213150326320076, 5.500000000000000000, 6.000000000000000000 ) ) ;
#1935 = DIRECTION ( 'NONE',  ( 1.265177859526988718E-16, -1.000000000000000000, 0.000000000000000000 ) ) ;
#1936 = EDGE_CURVE ( 'NONE', #3515, #4539, #3387, .T. ) ;
#1937 = AXIS2_PLACEMENT_3D ( 'NONE', #4874, #537, #5265 ) ;
#1938 = AXIS2_PLACEMENT_3D ( 'NONE', #2007, #1135, #4526 ) ;
#1939 = VECTOR ( 'NONE', #4973, 1000.000000000000000 ) ;
#1940 = ORIENTED_EDGE ( 'NONE', *, *, #4946, .T. ) ;
#1941 = ORIENTED_EDGE ( 'NONE', *, *, #5391, .F. ) ;
#1942 = ORIENTED_EDGE ( 'NONE', *, *, #4218, .T. ) ;
#1943 = VECTOR ( 'NONE', #1178, 1000.000000000000000 ) ;
#1944 = AXIS2_PLACEMENT_3D ( 'NONE', #2358, #3877, #905 ) ;
#1945 = CARTESIAN_POINT ( 'NONE',  ( -3.499999999999999112, 19.11554182895250165, 24.83329678841398902 ) ) ;
#1946 = DIRECTION ( 'NONE',  ( -1.000000000000000000, 8.587739980083199972E-17, 0.000000000000000000 ) ) ;
#1947 = DIRECTION ( 'NONE',  ( 0.000000000000000000, -1.000000000000000000, 0.000000000000000000 ) ) ;
#1948 = AXIS2_PLACEMENT_3D ( 'NONE', #4380, #3927, #904 ) ;
#1949 = CARTESIAN_POINT ( 'NONE',  ( 5.597792821862697110, 22.30855820724107375, 20.70227996288332051 ) ) ;
#1950 = AXIS2_PLACEMENT_3D ( 'NONE', #1737, #1711, #4877 ) ;
#1951 = AXIS2_PLACEMENT_3D ( 'NONE', #4476, #600, #5432 ) ;
#1952 = DIRECTION ( 'NONE',  ( 1.000000000000000000, 0.000000000000000000, 0.000000000000000000 ) ) ;
#1953 = DIRECTION ( 'NONE',  ( 0.7071067811865389130, -0.000000000000000000, -0.7071067811865561215 ) ) ;
#1954 = PLANE ( 'NONE',  #1797 ) ;
#1955 = AXIS2_PLACEMENT_3D ( 'NONE', #2828, #2420, #1143 ) ;
#1956 = ORIENTED_EDGE ( 'NONE', *, *, #1516, .F. ) ;
#1957 = VERTEX_POINT ( 'NONE', #4363 ) ;
#1958 = FACE_OUTER_BOUND ( 'NONE', #2887, .T. ) ;
#1959 = DIRECTION ( 'NONE',  ( 1.000000000000000000, 0.000000000000000000, 0.000000000000000000 ) ) ;
#1960 = FACE_OUTER_BOUND ( 'NONE', #4254, .T. ) ;
#1961 = VERTEX_POINT ( 'NONE', #4026 ) ;
#1962 = VERTEX_POINT ( 'NONE', #3467 ) ;
#1963 = EDGE_CURVE ( 'NONE', #4656, #4252, #105, .T. ) ;
#1964 = ADVANCED_FACE ( 'NONE', ( #140 ), #4828, .T. ) ;
#1965 = ORIENTED_EDGE ( 'NONE', *, *, #3254, .F. ) ;
#1966 = CARTESIAN_POINT ( 'NONE',  ( -6.604487272054069713, -13.89999999999999858, 0.2999999999999979905 ) ) ;
#1967 = PLANE ( 'NONE',  #1587 ) ;
#1968 = EDGE_CURVE ( 'NONE', #597, #1238, #1297, .T. ) ;
#1969 = VERTEX_POINT ( 'NONE', #3502 ) ;
#1970 = ORIENTED_EDGE ( 'NONE', *, *, #3599, .F. ) ;
#1971 = EDGE_CURVE ( 'NONE', #12, #30, #1394, .T. ) ;
#1972 = ORIENTED_EDGE ( 'NONE', *, *, #577, .F. ) ;
#1973 = LINE ( 'NONE', #5442, #2653 ) ;
#1974 = DIRECTION ( 'NONE',  ( -0.7071067811865389130, 0.000000000000000000, -0.7071067811865561215 ) ) ;
#1975 = ORIENTED_EDGE ( 'NONE', *, *, #5348, .F. ) ;
#1976 = FACE_OUTER_BOUND ( 'NONE', #4236, .T. ) ;
#1977 = DIRECTION ( 'NONE',  ( 0.4355609281042803760, -0.9001592514155136726, 0.000000000000000000 ) ) ;
#1978 = CARTESIAN_POINT ( 'NONE',  ( 11.50000000000000000, -4.250000000000000000, 26.25000000000000000 ) ) ;
#1979 = DIRECTION ( 'NONE',  ( 1.265177859526988718E-16, -1.000000000000000000, 0.000000000000000000 ) ) ;
#1980 = CARTESIAN_POINT ( 'NONE',  ( -10.44943371368184515, 3.192782326564419293, 8.168507613485088470 ) ) ;
#1981 = CARTESIAN_POINT ( 'NONE',  ( 0.000000000000000000, 0.000000000000000000, 0.000000000000000000 ) ) ;
#1982 = VERTEX_POINT ( 'NONE', #2247 ) ;
#1983 = EDGE_LOOP ( 'NONE', ( #825, #4145, #2224, #2523 ) ) ;
#1984 = DIRECTION ( 'NONE',  ( -1.156482317317871331E-15, 0.000000000000000000, 1.000000000000000000 ) ) ;
#1985 = DIRECTION ( 'NONE',  ( 4.081702296416015011E-16, -1.000000000000000000, 0.000000000000000000 ) ) ;
#1986 = DIRECTION ( 'NONE',  ( 0.000000000000000000, -1.000000000000000000, 0.000000000000000000 ) ) ;
#1987 = ORIENTED_EDGE ( 'NONE', *, *, #2314, .T. ) ;
#1988 = VERTEX_POINT ( 'NONE', #1311 ) ;
#1989 = ORIENTED_EDGE ( 'NONE', *, *, #1936, .T. ) ;
#1990 = CARTESIAN_POINT ( 'NONE',  ( -10.44943371368185758, 3.192782326564433060, 1.831492386514916859 ) ) ;
#1991 = CARTESIAN_POINT ( 'NONE',  ( 0.000000000000000000, 0.000000000000000000, 17.00000000000000000 ) ) ;
#1992 = EDGE_CURVE ( 'NONE', #3416, #2356, #1396, .T. ) ;
#1993 = ORIENTED_EDGE ( 'NONE', *, *, #165, .F. ) ;
#1994 = ORIENTED_EDGE ( 'NONE', *, *, #4724, .F. ) ;
#1995 = ORIENTED_EDGE ( 'NONE', *, *, #3141, .T. ) ;
#1996 = FACE_OUTER_BOUND ( 'NONE', #979, .T. ) ;
#1997 = CARTESIAN_POINT ( 'NONE',  ( 6.500000000000000000, 8.223656086925426173E-16, 21.00000000000000000 ) ) ;
#1998 = ADVANCED_FACE ( 'NONE', ( #2609 ), #3581, .F. ) ;
#1999 = ORIENTED_EDGE ( 'NONE', *, *, #152, .T. ) ;
#2000 = DIRECTION ( 'NONE',  ( -1.000000000000000000, 0.000000000000000000, 0.000000000000000000 ) ) ;
#2001 = EDGE_CURVE ( 'NONE', #569, #1214, #5241, .T. ) ;
#2002 = CARTESIAN_POINT ( 'NONE',  ( 0.000000000000000000, 0.000000000000000000, 0.000000000000000000 ) ) ;
#2003 = CARTESIAN_POINT ( 'NONE',  ( 8.250000000000000000, 4.250000000000000000, 5.000000000000000000 ) ) ;
#2004 = CARTESIAN_POINT ( 'NONE',  ( 3.500000000000000888, -20.20000000000000284, 15.49999999999998579 ) ) ;
#2005 = VECTOR ( 'NONE', #5171, 1000.000000000000000 ) ;
#2006 = EDGE_CURVE ( 'NONE', #4360, #5194, #946, .T. ) ;
#2007 = CARTESIAN_POINT ( 'NONE',  ( -6.843786046090372110, 2.744448893849948945, -12.40021683877694159 ) ) ;
#2008 = ORIENTED_EDGE ( 'NONE', *, *, #2241, .F. ) ;
#2009 = ORIENTED_EDGE ( 'NONE', *, *, #2167, .T. ) ;
#2010 = ORIENTED_EDGE ( 'NONE', *, *, #4243, .F. ) ;
#2011 = CARTESIAN_POINT ( 'NONE',  ( 0.000000000000000000, 0.000000000000000000, 25.00000000000000000 ) ) ;
#2012 = CARTESIAN_POINT ( 'NONE',  ( -11.70000000000000107, 17.30000000000000071, 0.000000000000000000 ) ) ;
#2013 = CARTESIAN_POINT ( 'NONE',  ( 6.604487272054069713, -13.39999999999999858, 0.2999999999999999889 ) ) ;
#2014 = EDGE_LOOP ( 'NONE', ( #341, #1364, #4428, #5324 ) ) ;
#2015 = VERTEX_POINT ( 'NONE', #1366 ) ;
#2016 = FACE_OUTER_BOUND ( 'NONE', #54, .T. ) ;
#2017 = FACE_OUTER_BOUND ( 'NONE', #3966, .T. ) ;
#2018 = AXIS2_PLACEMENT_3D ( 'NONE', #5332, #570, #3131 ) ;
#2019 = CLOSED_SHELL ( 'NONE', ( #3278, #4215, #4493, #4736, #1264, #4414, #4385, #1380, #1741, #5072, #3455, #3731, #197, #4606, #4804, #3632, #2245, #2717, #3080, #4006, #2965, #51, #5450, #3938, #3594, #536, #4563, #3838, #3735, #2862, #2768, #1694, #1345, #2758, #155, #407, #3999, #2169, #2725, #1309, #4320, #4902, #5359, #4288, #3897, #4152, #1789, #4258, #4349, #5445 ) ) ;
#2020 = EDGE_LOOP ( 'NONE', ( #330, #940, #4878, #1712 ) ) ;
#2021 = ORIENTED_EDGE ( 'NONE', *, *, #4396, .F. ) ;
#2022 = CARTESIAN_POINT ( 'NONE',  ( 20.50000000000000000, -5.500000000000000000, 8.142135623730929694 ) ) ;
#2023 = CARTESIAN_POINT ( 'NONE',  ( -13.50000000000000000, -5.500000000000000000, 0.000000000000000000 ) ) ;
#2024 = AXIS2_PLACEMENT_3D ( 'NONE', #5181, #1790, #3551 ) ;
#2025 = VECTOR ( 'NONE', #4972, 1000.000000000000000 ) ;
#2026 = VECTOR ( 'NONE', #1014, 1000.000000000000000 ) ;
#2027 = ORIENTED_EDGE ( 'NONE', *, *, #2034, .F. ) ;
#2028 = CYLINDRICAL_SURFACE ( 'NONE', #2853, 5.000000000000000000 ) ;
#2029 = DIRECTION ( 'NONE',  ( 0.000000000000000000, 0.000000000000000000, -1.000000000000000000 ) ) ;
#2030 = MECHANICAL_DESIGN_GEOMETRIC_PRESENTATION_REPRESENTATION (  '', ( #1216 ), #4466 ) ;
#2031 = AXIS2_PLACEMENT_3D ( 'NONE', #4578, #4914, #637 ) ;
#2032 = EDGE_CURVE ( 'NONE', #1728, #4631, #3969, .T. ) ;
#2033 = DIRECTION ( 'NONE',  ( 0.000000000000000000, 0.000000000000000000, -1.000000000000000000 ) ) ;
#2034 = EDGE_CURVE ( 'NONE', #3283, #263, #3038, .T. ) ;
#2035 = CIRCLE ( 'NONE', #5018, 19.10000000000000142 ) ;
#2036 = AXIS2_PLACEMENT_3D ( 'NONE', #2913, #3774, #5491 ) ;
#2037 = DIRECTION ( 'NONE',  ( 0.000000000000000000, 0.000000000000000000, -1.000000000000000000 ) ) ;
#2038 = ADVANCED_FACE ( 'NONE', ( #1762 ), #5277, .T. ) ;
#2039 = ORIENTED_EDGE ( 'NONE', *, *, #1647, .T. ) ;
#2040 = CIRCLE ( 'NONE', #2762, 1.499999999999999556 ) ;
#2041 = ORIENTED_EDGE ( 'NONE', *, *, #1202, .F. ) ;
#2042 = ADVANCED_FACE ( 'NONE', ( #4791 ), #3123, .F. ) ;
#2043 = CARTESIAN_POINT ( 'NONE',  ( 5.756370072066757437, -22.26877746406654879, 20.81691374218394230 ) ) ;
#2044 = DIRECTION ( 'NONE',  ( -1.000000000000000000, 0.000000000000000000, 0.000000000000000000 ) ) ;
#2045 = CARTESIAN_POINT ( 'NONE',  ( -22.49999999999999645, 0.000000000000000000, 25.00000000000000000 ) ) ;
#2046 = AXIS2_PLACEMENT_3D ( 'NONE', #4933, #651, #2385 ) ;
#2047 = CARTESIAN_POINT ( 'NONE',  ( -9.000000000000001776, -16.99999999999999645, 10.00000000000000000 ) ) ;
#2048 = EDGE_LOOP ( 'NONE', ( #2218, #3873, #1111, #2143, #4814, #3024 ) ) ;
#2049 = EDGE_LOOP ( 'NONE', ( #994, #923, #1092, #3518, #5606, #5097 ) ) ;
#2050 = FACE_OUTER_BOUND ( 'NONE', #4717, .T. ) ;
#2051 = CARTESIAN_POINT ( 'NONE',  ( 4.999999999999997335, 18.43393609623295148, 19.60160523074303640 ) ) ;
#2052 = ORIENTED_EDGE ( 'NONE', *, *, #2875, .T. ) ;
#2053 = ORIENTED_EDGE ( 'NONE', *, *, #324, .T. ) ;
#2054 = DIRECTION ( 'NONE',  ( 1.000000000000000000, 0.000000000000000000, 0.000000000000000000 ) ) ;
#2055 = DIRECTION ( 'NONE',  ( -0.7391304347826088694, 0.000000000000000000, 0.6735623210795504967 ) ) ;
#2056 = CARTESIAN_POINT ( 'NONE',  ( -7.321564347915050064, 1.449999999999999956, 30.00000000000000000 ) ) ;
#2057 = DIRECTION ( 'NONE',  ( -1.000000000000000000, 1.334402673828313339E-16, 0.000000000000000000 ) ) ;
#2058 = DIRECTION ( 'NONE',  ( 0.000000000000000000, 0.000000000000000000, -1.000000000000000000 ) ) ;
#2059 = DIRECTION ( 'NONE',  ( 0.000000000000000000, 0.000000000000000000, 1.000000000000000000 ) ) ;
#2060 = PLANE ( 'NONE',  #829 ) ;
#2061 = EDGE_CURVE ( 'NONE', #5068, #1719, #3937, .T. ) ;
#2062 = VERTEX_POINT ( 'NONE', #58 ) ;
#2063 = ORIENTED_EDGE ( 'NONE', *, *, #56, .F. ) ;
#2064 = PRESENTATION_STYLE_ASSIGNMENT (( #1698 ) ) ;
#2065 = ADVANCED_FACE ( 'NONE', ( #3631 ), #1846, .T. ) ;
#2066 = DIRECTION ( 'NONE',  ( -0.000000000000000000, -0.000000000000000000, -1.000000000000000000 ) ) ;
#2067 = CARTESIAN_POINT ( 'NONE',  ( 13.50000000000000000, -16.99999999999999645, 0.000000000000000000 ) ) ;
#2068 = CARTESIAN_POINT ( 'NONE',  ( -11.49999999999999467, 0.000000000000000000, 10.00000000000000000 ) ) ;
#2069 = ORIENTED_EDGE ( 'NONE', *, *, #1925, .F. ) ;
#2070 = EDGE_CURVE ( 'NONE', #1318, #1765, #2304, .T. ) ;
#2071 = EDGE_LOOP ( 'NONE', ( #2194, #4965, #3833, #5135 ) ) ;
#2072 = ORIENTED_EDGE ( 'NONE', *, *, #1237, .F. ) ;
#2073 = LINE ( 'NONE', #1643, #3112 ) ;
#2074 = CARTESIAN_POINT ( 'NONE',  ( 0.000000000000000000, 1.149999999999999911, 30.00000000000000000 ) ) ;
#2075 = EDGE_CURVE ( 'NONE', #4939, #4905, #2417, .T. ) ;
#2076 = VERTEX_POINT ( 'NONE', #4984 ) ;
#2077 = ORIENTED_EDGE ( 'NONE', *, *, #4146, .T. ) ;
#2078 = CARTESIAN_POINT ( 'NONE',  ( -9.799999999999998934, 4.250000000000000000, 25.23007220310709897 ) ) ;
#2079 = CARTESIAN_POINT ( 'NONE',  ( -13.50000000000000000, 5.500000000000000000, 0.9999999999999701350 ) ) ;
#2080 = ORIENTED_EDGE ( 'NONE', *, *, #1756, .T. ) ;
#2081 = FACE_OUTER_BOUND ( 'NONE', #706, .T. ) ;
#2082 = DIRECTION ( 'NONE',  ( -1.000000000000000000, 0.000000000000000000, 0.000000000000000000 ) ) ;
#2083 = CARTESIAN_POINT ( 'NONE',  ( -7.500000000000000000, -25.50000000000000000, 6.000000000000000000 ) ) ;
#2084 = DIRECTION ( 'NONE',  ( 1.000000000000000000, 0.000000000000000000, 0.000000000000000000 ) ) ;
#2085 = ORIENTED_EDGE ( 'NONE', *, *, #188, .F. ) ;
#2086 = DIRECTION ( 'NONE',  ( -1.000000000000000000, 0.000000000000000000, 0.000000000000000000 ) ) ;
#2087 = AXIS2_PLACEMENT_3D ( 'NONE', #99, #3114, #1752 ) ;
#2088 = DIRECTION ( 'NONE',  ( 0.000000000000000000, 1.000000000000000000, 0.000000000000000000 ) ) ;
#2089 = CARTESIAN_POINT ( 'NONE',  ( -17.00000000000000000, -4.250000000000000000, 5.000000000000000000 ) ) ;
#2090 = LINE ( 'NONE', #1302, #1682 ) ;
#2091 = CARTESIAN_POINT ( 'NONE',  ( 11.50000000000000000, -2.250000000000000000, 26.25000000000000000 ) ) ;
#2092 = ORIENTED_EDGE ( 'NONE', *, *, #4008, .T. ) ;
#2093 = ADVANCED_FACE ( 'NONE', ( #1958 ), #708, .T. ) ;
#2094 = ORIENTED_EDGE ( 'NONE', *, *, #1613, .F. ) ;
#2095 = ORIENTED_EDGE ( 'NONE', *, *, #2103, .T. ) ;
#2096 = EDGE_CURVE ( 'NONE', #4566, #297, #1509, .T. ) ;
#2097 = CARTESIAN_POINT ( 'NONE',  ( -5.859999999999999432, 17.30000000000000071, 6.000000000000000000 ) ) ;
#2098 = EDGE_CURVE ( 'NONE', #895, #4947, #223, .T. ) ;
#2099 = CARTESIAN_POINT ( 'NONE',  ( 6.500000000000000000, 17.95995545651492264, 21.00000000000000000 ) ) ;
#2100 = ORIENTED_EDGE ( 'NONE', *, *, #2686, .T. ) ;
#2101 = ORIENTED_EDGE ( 'NONE', *, *, #2514, .T. ) ;
#2102 = DIRECTION ( 'NONE',  ( -1.000000000000000000, -8.673617379884035472E-17, 0.000000000000000000 ) ) ;
#2103 = EDGE_CURVE ( 'NONE', #5194, #5582, #3204, .T. ) ;
#2104 = LINE ( 'NONE', #3011, #5379 ) ;
#2105 = AXIS2_PLACEMENT_3D ( 'NONE', #240, #3335, #346 ) ;
#2106 = DIRECTION ( 'NONE',  ( 0.7071067811865474617, -0.7071067811865474617, -0.000000000000000000 ) ) ;
#2107 = AXIS2_PLACEMENT_3D ( 'NONE', #376, #4328, #2119 ) ;
#2108 = ORIENTED_EDGE ( 'NONE', *, *, #3176, .F. ) ;
#2109 = AXIS2_PLACEMENT_3D ( 'NONE', #3003, #3831, #805 ) ;
#2110 = AXIS2_PLACEMENT_3D ( 'NONE', #3784, #430, #2551 ) ;
#2111 = AXIS2_PLACEMENT_3D ( 'NONE', #5400, #2033, #1099 ) ;
#2112 = SPHERICAL_SURFACE ( 'NONE', #2834, 1.500000000000000000 ) ;
#2113 = CARTESIAN_POINT ( 'NONE',  ( -6.478435652084960417, 3.950000000000000178, 30.00000000000000000 ) ) ;
#2114 = CONTEXT_DEPENDENT_SHAPE_REPRESENTATION ( #2260, #564 ) ;
#2115 = VECTOR ( 'NONE', #515, 1000.000000000000000 ) ;
#2116 = AXIS2_PLACEMENT_3D ( 'NONE', #3547, #4393, #2292 ) ;
#2117 = CIRCLE ( 'NONE', #5096, 22.49999999999999645 ) ;
#2118 = EDGE_LOOP ( 'NONE', ( #1572, #2932, #36, #55 ) ) ;
#2119 = DIRECTION ( 'NONE',  ( 1.000000000000000000, 0.000000000000000000, 0.000000000000000000 ) ) ;
#2120 = CIRCLE ( 'NONE', #674, 1.499999999999999556 ) ;
#2121 = AXIS2_PLACEMENT_3D ( 'NONE', #2002, #3311, #2483 ) ;
#2122 = CARTESIAN_POINT ( 'NONE',  ( 0.000000000000000000, 0.000000000000000000, 25.00000000000000000 ) ) ;
#2123 = DIRECTION ( 'NONE',  ( 0.000000000000000000, 0.000000000000000000, -1.000000000000000000 ) ) ;
#2124 = FACE_OUTER_BOUND ( 'NONE', #3772, .T. ) ;
#2125 = CARTESIAN_POINT ( 'NONE',  ( 11.70000000000000107, -18.50000000000000000, 0.000000000000000000 ) ) ;
#2126 = AXIS2_PLACEMENT_3D ( 'NONE', #1830, #5596, #986 ) ;
#2127 = AXIS2_PLACEMENT_3D ( 'NONE', #490, #1372, #1403 ) ;
#2128 = ORIENTED_EDGE ( 'NONE', *, *, #2668, .F. ) ;
#2129 = EDGE_LOOP ( 'NONE', ( #2094, #1588, #2422, #5501 ) ) ;
#2130 = DIRECTION ( 'NONE',  ( -7.885106708985490266E-17, -1.000000000000000000, 0.000000000000000000 ) ) ;
#2131 = AXIS2_PLACEMENT_3D ( 'NONE', #5302, #1339, #1427 ) ;
#2132 = CARTESIAN_POINT ( 'NONE',  ( 4.999999999999996447, 18.43393609623295148, 19.50000000000000000 ) ) ;
#2133 = EDGE_CURVE ( 'NONE', #2468, #5149, #3693, .T. ) ;
#2134 = CIRCLE ( 'NONE', #1772, 15.00000000000000000 ) ;
#2135 = EDGE_CURVE ( 'NONE', #4309, #522, #2439, .T. ) ;
#2136 = ORIENTED_EDGE ( 'NONE', *, *, #1444, .T. ) ;
#2137 = VERTEX_POINT ( 'NONE', #4164 ) ;
#2138 = DIRECTION ( 'NONE',  ( -1.000000000000000000, 0.000000000000000000, 0.000000000000000000 ) ) ;
#2139 = CARTESIAN_POINT ( 'NONE',  ( -6.604487272054069713, -13.89999999999999858, -0.2000000000000025091 ) ) ;
#2140 = ADVANCED_FACE ( 'NONE', ( #1141 ), #2745, .F. ) ;
#2141 = DIRECTION ( 'NONE',  ( 0.000000000000000000, -1.000000000000000000, 0.000000000000000000 ) ) ;
#2142 = EDGE_CURVE ( 'NONE', #2502, #4906, #3751, .T. ) ;
#2143 = ORIENTED_EDGE ( 'NONE', *, *, #115, .F. ) ;
#2144 = DIRECTION ( 'NONE',  ( -0.000000000000000000, -0.000000000000000000, 1.000000000000000000 ) ) ;
#2145 = DIRECTION ( 'NONE',  ( 1.000000000000000000, 0.000000000000000000, 0.000000000000000000 ) ) ;
#2146 = CARTESIAN_POINT ( 'NONE',  ( -3.499999999999999112, -21.20000000000000284, 25.00000000000000000 ) ) ;
#2147 = VERTEX_POINT ( 'NONE', #2383 ) ;
#2148 = CARTESIAN_POINT ( 'NONE',  ( -6.604487272054069713, -13.39999999999999858, 0.2999999999999999889 ) ) ;
#2149 = LINE ( 'NONE', #3880, #2748 ) ;
#2150 = PLANE ( 'NONE',  #4846 ) ;
#2151 = DIRECTION ( 'NONE',  ( 0.000000000000000000, -1.000000000000000000, 0.000000000000000000 ) ) ;
#2152 = CARTESIAN_POINT ( 'NONE',  ( -12.00000000000000000, -4.250000000000000000, 28.00000000000000000 ) ) ;
#2153 = CIRCLE ( 'NONE', #4057, 15.50000000000000000 ) ;
#2154 = ORIENTED_EDGE ( 'NONE', *, *, #4487, .T. ) ;
#2155 = ORIENTED_EDGE ( 'NONE', *, *, #2999, .T. ) ;
#2156 = DIRECTION ( 'NONE',  ( 0.000000000000000000, -1.000000000000000000, 0.000000000000000000 ) ) ;
#2157 = LINE ( 'NONE', #778, #5094 ) ;
#2158 = CARTESIAN_POINT ( 'NONE',  ( 5.208235715515981745, -18.37628098816176703, 20.26888211406387441 ) ) ;
#2159 = ORIENTED_EDGE ( 'NONE', *, *, #860, .F. ) ;
#2160 = VERTEX_POINT ( 'NONE', #4055 ) ;
#2161 = CARTESIAN_POINT ( 'NONE',  ( 9.000000000000001776, 16.99999999999999645, 9.000000000000000000 ) ) ;
#2162 = DIRECTION ( 'NONE',  ( -1.000000000000000000, 0.000000000000000000, 0.000000000000000000 ) ) ;
#2163 = EDGE_CURVE ( 'NONE', #1982, #4153, #167, .T. ) ;
#2164 = ORIENTED_EDGE ( 'NONE', *, *, #3172, .F. ) ;
#2165 = DIRECTION ( 'NONE',  ( 1.000000000000000000, 0.000000000000000000, -0.000000000000000000 ) ) ;
#2166 = ORIENTED_EDGE ( 'NONE', *, *, #687, .F. ) ;
#2167 = EDGE_CURVE ( 'NONE', #280, #5298, #3717, .T. ) ;
#2168 = CARTESIAN_POINT ( 'NONE',  ( -8.250000000000000000, -2.250000000000000000, 5.000000000000000000 ) ) ;
#2169 = ADVANCED_FACE ( 'NONE', ( #3239 ), #5406, .F. ) ;
#2170 = EDGE_CURVE ( 'NONE', #2302, #1623, #2777, .T. ) ;
#2171 = ORIENTED_EDGE ( 'NONE', *, *, #1006, .T. ) ;
#2172 = DIRECTION ( 'NONE',  ( -0.5734623443633289908, 0.000000000000000000, 0.8192319205190400355 ) ) ;
#2173 = CARTESIAN_POINT ( 'NONE',  ( -12.00000000000000000, 16.99999999999999645, 0.3961689313160864367 ) ) ;
#2174 = EDGE_LOOP ( 'NONE', ( #4555, #4685, #5037, #4512, #3779, #3643, #4403, #2945, #2894, #2740 ) ) ;
#2175 = DIRECTION ( 'NONE',  ( 0.000000000000000000, -1.000000000000000000, 0.000000000000000000 ) ) ;
#2176 = DIRECTION ( 'NONE',  ( 1.000000000000000000, -1.000802005371235004E-16, 0.000000000000000000 ) ) ;
#2177 = ADVANCED_FACE ( 'NONE', ( #4530 ), #3483, .T. ) ;
#2178 = DIRECTION ( 'NONE',  ( -1.000000000000000000, 0.000000000000000000, 0.000000000000000000 ) ) ;
#2179 = CARTESIAN_POINT ( 'NONE',  ( -13.50000000000000000, 16.99999999999999645, 0.9999999999999701350 ) ) ;
#2180 = CYLINDRICAL_SURFACE ( 'NONE', #3212, 1.499999999999999556 ) ;
#2181 = ORIENTED_EDGE ( 'NONE', *, *, #4456, .T. ) ;
#2182 = AXIS2_PLACEMENT_3D ( 'NONE', #1661, #1211, #4220 ) ;
#2183 = VERTEX_POINT ( 'NONE', #3286 ) ;
#2184 = CARTESIAN_POINT ( 'NONE',  ( 5.859999999999999432, -13.89999999999999858, 3.000000000000000000 ) ) ;
#2185 = CARTESIAN_POINT ( 'NONE',  ( 7.852348993288590151, -5.500000000000000000, 5.496644295302020033 ) ) ;
#2186 = AXIS2_PLACEMENT_3D ( 'NONE', #2211, #2662, #52 ) ;
#2187 = LINE ( 'NONE', #3504, #5385 ) ;
#2188 = ORIENTED_EDGE ( 'NONE', *, *, #1686, .T. ) ;
#2189 = ORIENTED_EDGE ( 'NONE', *, *, #2648, .T. ) ;
#2190 = CARTESIAN_POINT ( 'NONE',  ( 11.95000000000000107, 0.7500000000000000000, 33.00000000000000000 ) ) ;
#2191 = DIRECTION ( 'NONE',  ( -7.885106708985490266E-17, -1.000000000000000000, 0.000000000000000000 ) ) ;
#2192 = ORIENTED_EDGE ( 'NONE', *, *, #3834, .F. ) ;
#2193 = LINE ( 'NONE', #169, #4573 ) ;
#2194 = ORIENTED_EDGE ( 'NONE', *, *, #2133, .F. ) ;
#2195 = DIRECTION ( 'NONE',  ( 0.000000000000000000, -1.000000000000000000, 0.000000000000000000 ) ) ;
#2196 = AXIS2_PLACEMENT_3D ( 'NONE', #2770, #4809, #4464 ) ;
#2197 = CARTESIAN_POINT ( 'NONE',  ( -5.360000000000012754, -13.89999999999999858, 2.885947578294133287 ) ) ;
#2198 = DIRECTION ( 'NONE',  ( -0.000000000000000000, -0.000000000000000000, -1.000000000000000000 ) ) ;
#2199 = VECTOR ( 'NONE', #3997, 1000.000000000000000 ) ;
#2200 = CIRCLE ( 'NONE', #5088, 23.00000000000000000 ) ;
#2201 = EDGE_CURVE ( 'NONE', #1969, #826, #5014, .T. ) ;
#2202 = AXIS2_PLACEMENT_3D ( 'NONE', #3816, #4636, #2059 ) ;
#2203 = EDGE_CURVE ( 'NONE', #2362, #5167, #4834, .T. ) ;
#2204 = ORIENTED_EDGE ( 'NONE', *, *, #1861, .T. ) ;
#2205 = FACE_OUTER_BOUND ( 'NONE', #4613, .T. ) ;
#2206 = CARTESIAN_POINT ( 'NONE',  ( 0.000000000000000000, 0.000000000000000000, 15.00000000000000178 ) ) ;
#2207 = VECTOR ( 'NONE', #3945, 1000.000000000000000 ) ;
#2208 = VECTOR ( 'NONE', #3603, 1000.000000000000000 ) ;
#2209 = PLANE ( 'NONE',  #1727 ) ;
#2210 = VECTOR ( 'NONE', #2814, 1000.000000000000000 ) ;
#2211 = CARTESIAN_POINT ( 'NONE',  ( 11.50000000000000000, -2.250000000000000000, 5.000000000000000000 ) ) ;
#2212 = EDGE_CURVE ( 'NONE', #5108, #4631, #2888, .T. ) ;
#2213 = CARTESIAN_POINT ( 'NONE',  ( 7.055028863459309463, 17.30000000000000071, 0.5168231408637720126 ) ) ;
#2214 = EDGE_CURVE ( 'NONE', #3690, #4905, #3320, .T. ) ;
#2215 = ORIENTED_EDGE ( 'NONE', *, *, #3868, .T. ) ;
#2216 = AXIS2_PLACEMENT_3D ( 'NONE', #3369, #3433, #4225 ) ;
#2217 = AXIS2_PLACEMENT_3D ( 'NONE', #3429, #1266, #2990 ) ;
#2218 = ORIENTED_EDGE ( 'NONE', *, *, #4182, .T. ) ;
#2219 = CARTESIAN_POINT ( 'NONE',  ( -11.50000000000000000, -2.250000000000000000, 5.000000000000000000 ) ) ;
#2220 = DIRECTION ( 'NONE',  ( 1.000000000000000000, 0.000000000000000000, 0.000000000000000000 ) ) ;
#2221 = DIRECTION ( 'NONE',  ( 0.000000000000000000, -1.000000000000000000, 0.000000000000000000 ) ) ;
#2222 = CIRCLE ( 'NONE', #2939, 2.499999999999995115 ) ;
#2223 = CIRCLE ( 'NONE', #4658, 14.50000000000001066 ) ;
#2224 = ORIENTED_EDGE ( 'NONE', *, *, #2995, .F. ) ;
#2225 = VECTOR ( 'NONE', #3695, 1000.000000000000000 ) ;
#2226 = EDGE_LOOP ( 'NONE', ( #3061, #4302, #4741, #5207 ) ) ;
#2227 = VECTOR ( 'NONE', #4056, 1000.000000000000000 ) ;
#2228 = LINE ( 'NONE', #2190, #3919 ) ;
#2229 = PLANE ( 'NONE',  #4124 ) ;
#2230 = EDGE_LOOP ( 'NONE', ( #3464, #3339, #5305, #707 ) ) ;
#2231 = ORIENTED_EDGE ( 'NONE', *, *, #3930, .F. ) ;
#2232 = CARTESIAN_POINT ( 'NONE',  ( 0.000000000000000000, -13.89999999999999858, 0.000000000000000000 ) ) ;
#2233 = DIRECTION ( 'NONE',  ( 0.7071067811865549002, 0.000000000000000000, 0.7071067811865401342 ) ) ;
#2234 = PRODUCT_DEFINITION_CONTEXT ( 'detailed design', #482, 'design' ) ;
#2235 = DIRECTION ( 'NONE',  ( 0.000000000000000000, 0.000000000000000000, 1.000000000000000000 ) ) ;
#2236 = FACE_OUTER_BOUND ( 'NONE', #3353, .T. ) ;
#2237 = ORIENTED_EDGE ( 'NONE', *, *, #1894, .F. ) ;
#2238 = CARTESIAN_POINT ( 'NONE',  ( -1.592040838891560328E-16, -8.899999999999998579, -1.000000000000000000 ) ) ;
#2239 = CARTESIAN_POINT ( 'NONE',  ( -3.166168487925627772, 18.49768630934685731, 15.16616848792562244 ) ) ;
#2240 = LINE ( 'NONE', #2264, #1282 ) ;
#2241 = EDGE_CURVE ( 'NONE', #1529, #2438, #3847, .T. ) ;
#2242 = CARTESIAN_POINT ( 'NONE',  ( 6.604487272054069713, -13.89999999999999858, 0.3000000000000005440 ) ) ;
#2243 = ORIENTED_EDGE ( 'NONE', *, *, #645, .T. ) ;
#2244 = ORIENTED_EDGE ( 'NONE', *, *, #3771, .F. ) ;
#2245 = ADVANCED_FACE ( 'NONE', ( #5516 ), #272, .T. ) ;
#2246 = LINE ( 'NONE', #5179, #2485 ) ;
#2247 = CARTESIAN_POINT ( 'NONE',  ( -7.004487272054069180, 18.50000000000000000, 0.000000000000000000 ) ) ;
#2248 = FACE_OUTER_BOUND ( 'NONE', #3949, .T. ) ;
#2249 = EDGE_CURVE ( 'NONE', #3990, #624, #126, .T. ) ;
#2250 = ORIENTED_EDGE ( 'NONE', *, *, #617, .T. ) ;
#2251 = ORIENTED_EDGE ( 'NONE', *, *, #2379, .F. ) ;
#2252 = CARTESIAN_POINT ( 'NONE',  ( 3.500000000000000888, -20.20000000000000284, 25.00000000000000000 ) ) ;
#2253 = CARTESIAN_POINT ( 'NONE',  ( 0.000000000000000000, -5.500000000000000000, 0.000000000000000000 ) ) ;
#2254 = EDGE_CURVE ( 'NONE', #2076, #87, #2972, .T. ) ;
#2255 = ORIENTED_EDGE ( 'NONE', *, *, #4703, .F. ) ;
#2256 = DIRECTION ( 'NONE',  ( 0.000000000000000000, 0.000000000000000000, -1.000000000000000000 ) ) ;
#2257 = CARTESIAN_POINT ( 'NONE',  ( 5.859999999999999432, -13.89999999999999858, 6.000000000000000000 ) ) ;
#2258 = ORIENTED_EDGE ( 'NONE', *, *, #2320, .T. ) ;
#2259 = CARTESIAN_POINT ( 'NONE',  ( 11.70000000000000107, 5.500000000000000000, 8.673617379884030542E-16 ) ) ;
#2260 =( REPRESENTATION_RELATIONSHIP ('NONE','NONE', #4630, #2555 ) REPRESENTATION_RELATIONSHIP_WITH_TRANSFORMATION ( #729 )SHAPE_REPRESENTATION_RELATIONSHIP( ) );
#2261 = DIRECTION ( 'NONE',  ( -1.849736814544524867E-16, -0.000000000000000000, 1.000000000000000000 ) ) ;
#2262 = CARTESIAN_POINT ( 'NONE',  ( 12.00000000000000000, -18.50000000000000000, 0.3961689313160968728 ) ) ;
#2263 = CARTESIAN_POINT ( 'NONE',  ( 6.478435652084950647, 3.950000000000000178, 30.00000000000000000 ) ) ;
#2264 = CARTESIAN_POINT ( 'NONE',  ( 17.00000000000000000, 0.7500000000000000000, 33.00000000000000000 ) ) ;
#2265 = DIRECTION ( 'NONE',  ( 0.000000000000000000, 0.000000000000000000, -1.000000000000000000 ) ) ;
#2266 = CARTESIAN_POINT ( 'NONE',  ( 12.00000000000000000, -4.250000000000000000, 33.00000000000000000 ) ) ;
#2267 = ORIENTED_EDGE ( 'NONE', *, *, #3036, .F. ) ;
#2268 = ORIENTED_EDGE ( 'NONE', *, *, #2548, .F. ) ;
#2269 = CARTESIAN_POINT ( 'NONE',  ( 14.75000000000000000, 0.7500000000000000000, 5.000000000000000000 ) ) ;
#2270 = DIRECTION ( 'NONE',  ( 0.000000000000000000, 0.000000000000000000, 1.000000000000000000 ) ) ;
#2271 = DIRECTION ( 'NONE',  ( 0.000000000000000000, 1.000000000000000000, 0.000000000000000000 ) ) ;
#2272 = ADVANCED_FACE ( 'NONE', ( #4247 ), #2496, .F. ) ;
#2273 = ORIENTED_EDGE ( 'NONE', *, *, #614, .F. ) ;
#2274 = EDGE_CURVE ( 'NONE', #2442, #435, #1080, .T. ) ;
#2275 = EDGE_CURVE ( 'NONE', #4252, #5530, #819, .T. ) ;
#2276 = ORIENTED_EDGE ( 'NONE', *, *, #3103, .T. ) ;
#2277 = CARTESIAN_POINT ( 'NONE',  ( 10.50000000000000000, 16.99999999999999645, 9.000000000000000000 ) ) ;
#2278 = DIRECTION ( 'NONE',  ( -0.000000000000000000, -1.000000000000000000, -0.000000000000000000 ) ) ;
#2279 = VECTOR ( 'NONE', #734, 1000.000000000000114 ) ;
#2280 = ORIENTED_EDGE ( 'NONE', *, *, #3968, .F. ) ;
#2281 = EDGE_CURVE ( 'NONE', #1609, #3865, #489, .T. ) ;
#2282 = MANIFOLD_SOLID_BREP ( 'µ¹½Ç6', #5269 ) ;
#2283 = CARTESIAN_POINT ( 'NONE',  ( 3.500000000000000888, -20.20000000000000284, 24.00000000000000711 ) ) ;
#2284 = CARTESIAN_POINT ( 'NONE',  ( 13.49999999999999645, 15.55988431833605290, 25.00000000000000000 ) ) ;
#2285 = VECTOR ( 'NONE', #1009, 1000.000000000000000 ) ;
#2286 = DIRECTION ( 'NONE',  ( -7.885106708985490266E-17, -1.000000000000000000, 0.000000000000000000 ) ) ;
#2287 = CARTESIAN_POINT ( 'NONE',  ( 0.000000000000000000, 0.000000000000000000, 24.49999999999999289 ) ) ;
#2288 = FACE_BOUND ( 'NONE', #2912, .T. ) ;
#2289 = PLANE ( 'NONE',  #2577 ) ;
#2290 = DIRECTION ( 'NONE',  ( -1.000000000000000000, 0.000000000000000000, 0.000000000000000000 ) ) ;
#2291 = FACE_OUTER_BOUND ( 'NONE', #1856, .T. ) ;
#2292 = DIRECTION ( 'NONE',  ( 0.000000000000000000, 0.000000000000000000, -1.000000000000000000 ) ) ;
#2293 = VECTOR ( 'NONE', #5203, 1000.000000000000114 ) ;
#2294 = ORIENTED_EDGE ( 'NONE', *, *, #1860, .F. ) ;
#2295 = ORIENTED_EDGE ( 'NONE', *, *, #3146, .F. ) ;
#2296 = CIRCLE ( 'NONE', #942, 15.00000000000000000 ) ;
#2297 = VECTOR ( 'NONE', #1541, 1000.000000000000000 ) ;
#2298 = CARTESIAN_POINT ( 'NONE',  ( 12.00000000000000000, 18.50000000000000000, 0.3961689313160968728 ) ) ;
#2299 = VECTOR ( 'NONE', #3896, 1000.000000000000227 ) ;
#2300 = FACE_OUTER_BOUND ( 'NONE', #5436, .T. ) ;
#2301 = CARTESIAN_POINT ( 'NONE',  ( -3.499999999999999112, -20.20000000000000284, 15.49999999999998579 ) ) ;
#2302 = VERTEX_POINT ( 'NONE', #4389 ) ;
#2303 = CARTESIAN_POINT ( 'NONE',  ( 11.49999999999999645, 16.99999999999999645, 10.00000000000000000 ) ) ;
#2304 = CIRCLE ( 'NONE', #1750, 1.500000000000000000 ) ;
#2305 = PRODUCT_DEFINITION_FORMATION_WITH_SPECIFIED_SOURCE ( 'ä»', '', #4455, .NOT_KNOWN. ) ;
#2306 = CONICAL_SURFACE ( 'NONE', #4829, 19.10000000000000142, 0.7853981633974447263 ) ;
#2307 = ORIENTED_EDGE ( 'NONE', *, *, #3066, .T. ) ;
#2308 = ORIENTED_EDGE ( 'NONE', *, *, #5394, .T. ) ;
#2309 = AXIS2_PLACEMENT_3D ( 'NONE', #4998, #1095, #2815 ) ;
#2310 = PLANE ( 'NONE',  #1207 ) ;
#2311 = VECTOR ( 'NONE', #2519, 1000.000000000000000 ) ;
#2312 = DIRECTION ( 'NONE',  ( 1.000000000000000000, 0.000000000000000000, 0.000000000000000000 ) ) ;
#2313 = EDGE_CURVE ( 'NONE', #2183, #1085, #3647, .T. ) ;
#2314 = EDGE_CURVE ( 'NONE', #3884, #1007, #3395, .T. ) ;
#2315 = VECTOR ( 'NONE', #305, 1000.000000000000114 ) ;
#2316 = EDGE_LOOP ( 'NONE', ( #3443, #4169, #3732, #3725, #691 ) ) ;
#2317 = CIRCLE ( 'NONE', #3762, 1.500000000000000000 ) ;
#2318 = CARTESIAN_POINT ( 'NONE',  ( 11.50000000000000000, 12.75000000000000000, 28.00000000000000000 ) ) ;
#2319 = DIRECTION ( 'NONE',  ( -0.000000000000000000, -0.000000000000000000, 1.000000000000000000 ) ) ;
#2320 = EDGE_CURVE ( 'NONE', #3722, #1030, #3906, .T. ) ;
#2321 = CONICAL_SURFACE ( 'NONE', #1955, 18.60000000000000497, 0.7853981633974587151 ) ;
#2322 = VECTOR ( 'NONE', #3414, 1000.000000000000000 ) ;
#2323 = DIRECTION ( 'NONE',  ( 1.000000000000000000, 0.000000000000000000, 0.000000000000000000 ) ) ;
#2324 = EDGE_CURVE ( 'NONE', #4443, #2473, #14, .T. ) ;
#2325 = DIRECTION ( 'NONE',  ( 0.000000000000000000, 0.000000000000000000, -1.000000000000000000 ) ) ;
#2326 = DIRECTION ( 'NONE',  ( 0.000000000000000000, -1.000000000000000000, 0.000000000000000000 ) ) ;
#2327 = DIRECTION ( 'NONE',  ( 0.000000000000000000, 0.000000000000000000, -1.000000000000000000 ) ) ;
#2328 = CARTESIAN_POINT ( 'NONE',  ( 14.49999999999999289, 16.73320053068151125, 25.00000000000000000 ) ) ;
#2329 = FACE_OUTER_BOUND ( 'NONE', #2129, .T. ) ;
#2330 = VERTEX_POINT ( 'NONE', #5233 ) ;
#2331 = EDGE_LOOP ( 'NONE', ( #4234, #2602, #3438, #1507 ) ) ;
#2332 = CARTESIAN_POINT ( 'NONE',  ( -9.799999999999998934, 4.250000000000000000, 33.00000000000000000 ) ) ;
#2333 = CARTESIAN_POINT ( 'NONE',  ( 0.000000000000000000, 0.000000000000000000, 0.000000000000000000 ) ) ;
#2334 = DIRECTION ( 'NONE',  ( 1.000000000000000000, 0.000000000000000000, 1.849736814544524620E-16 ) ) ;
#2335 = CARTESIAN_POINT ( 'NONE',  ( -5.859999999999999432, -13.40000000000001279, 3.000000000000000000 ) ) ;
#2336 = VERTEX_POINT ( 'NONE', #883 ) ;
#2337 = EDGE_LOOP ( 'NONE', ( #3819, #1684, #1993, #3042 ) ) ;
#2338 = LINE ( 'NONE', #2754, #3107 ) ;
#2339 = LINE ( 'NONE', #3158, #5473 ) ;
#2340 = ORIENTED_EDGE ( 'NONE', *, *, #2380, .T. ) ;
#2341 = ORIENTED_EDGE ( 'NONE', *, *, #2486, .T. ) ;
#2342 = ORIENTED_EDGE ( 'NONE', *, *, #1196, .F. ) ;
#2343 = CARTESIAN_POINT ( 'NONE',  ( 3.166168487925631325, 18.49768630934686087, 15.16616848792562422 ) ) ;
#2344 = CARTESIAN_POINT ( 'NONE',  ( -12.00000000000000000, 0.7500000000000000000, 0.000000000000000000 ) ) ;
#2345 = EDGE_CURVE ( 'NONE', #3237, #3487, #468, .T. ) ;
#2346 = CARTESIAN_POINT ( 'NONE',  ( -6.604487272054069713, 17.30000000000000071, 0.2999999999999999889 ) ) ;
#2347 = ADVANCED_FACE ( 'NONE', ( #4305, #1748 ), #4330, .T. ) ;
#2348 = CARTESIAN_POINT ( 'NONE',  ( -3.499999999999999112, 21.19999999999998863, 25.00000000000000000 ) ) ;
#2349 = ADVANCED_FACE ( 'NONE', ( #4784 ), #1131, .F. ) ;
#2350 = CARTESIAN_POINT ( 'NONE',  ( 6.604487272054069713, -13.39999999999999858, 0.2999999999999999889 ) ) ;
#2351 = EDGE_CURVE ( 'NONE', #596, #3391, #4750, .T. ) ;
#2352 = CARTESIAN_POINT ( 'NONE',  ( -9.000000000000001776, -16.99999999999999645, 9.000000000000000000 ) ) ;
#2353 = LINE ( 'NONE', #4499, #4086 ) ;
#2354 = CARTESIAN_POINT ( 'NONE',  ( 14.49999999999999289, -15.55988431833603691, 25.00000000000000000 ) ) ;
#2355 = ORIENTED_EDGE ( 'NONE', *, *, #853, .T. ) ;
#2356 = VERTEX_POINT ( 'NONE', #5258 ) ;
#2357 = EDGE_CURVE ( 'NONE', #39, #2531, #3026, .T. ) ;
#2358 = CARTESIAN_POINT ( 'NONE',  ( -3.071830290527178200E-16, -8.899999999999998579, -0.2000000000000010658 ) ) ;
#2359 = DIRECTION ( 'NONE',  ( -0.5234181058748001991, -0.8520759863078153362, 0.000000000000000000 ) ) ;
#2360 = DIRECTION ( 'NONE',  ( -0.000000000000000000, 1.000000000000000000, -0.000000000000000000 ) ) ;
#2361 = DIRECTION ( 'NONE',  ( -0.000000000000000000, 1.000000000000000000, -0.000000000000000000 ) ) ;
#2362 = VERTEX_POINT ( 'NONE', #2685 ) ;
#2363 = ORIENTED_EDGE ( 'NONE', *, *, #752, .F. ) ;
#2364 = CARTESIAN_POINT ( 'NONE',  ( 13.50000000000000000, -16.99999999999999645, 0.3961689313160968728 ) ) ;
#2365 = CARTESIAN_POINT ( 'NONE',  ( 13.50000000000000000, 5.500000000000000000, 0.3961689313160968728 ) ) ;
#2366 = B_SPLINE_CURVE_WITH_KNOTS ( 'NONE', 3,
 ( #812, #3422, #4663, #2963 ),
 .UNSPECIFIED., .F., .F.,
 ( 4, 4 ),
 ( 0.000000000000000000, 0.0007160240478362493938 ),
 .UNSPECIFIED. ) ;
#2367 = ORIENTED_EDGE ( 'NONE', *, *, #4495, .T. ) ;
#2368 = EDGE_LOOP ( 'NONE', ( #1350, #2593, #4509, #5507 ) ) ;
#2369 = ORIENTED_EDGE ( 'NONE', *, *, #4945, .T. ) ;
#2370 = VECTOR ( 'NONE', #1384, 1000.000000000000000 ) ;
#2371 = CARTESIAN_POINT ( 'NONE',  ( 12.00000000000000000, 18.50000000000000000, 0.000000000000000000 ) ) ;
#2372 = CARTESIAN_POINT ( 'NONE',  ( 13.49999999999999645, -16.73320053068151125, 21.00000000000000000 ) ) ;
#2373 = CARTESIAN_POINT ( 'NONE',  ( 3.500000000000000888, -20.20000000000000284, 15.49999999999998579 ) ) ;
#2374 = CARTESIAN_POINT ( 'NONE',  ( -20.50000000000000000, 16.99999999999999645, 8.142135623730919036 ) ) ;
#2375 = CARTESIAN_POINT ( 'NONE',  ( 0.000000000000000000, 0.000000000000000000, 16.49999999999999289 ) ) ;
#2376 = CARTESIAN_POINT ( 'NONE',  ( -12.00000000000000000, -4.250000000000000000, 5.000000000000000000 ) ) ;
#2377 = CARTESIAN_POINT ( 'NONE',  ( -23.00000000000000000, 0.000000000000000000, 25.00000000000000000 ) ) ;
#2378 = DIRECTION ( 'NONE',  ( 0.000000000000000000, 0.000000000000000000, -1.000000000000000000 ) ) ;
#2379 = EDGE_CURVE ( 'NONE', #4503, #3783, #98, .T. ) ;
#2380 = EDGE_CURVE ( 'NONE', #2362, #2805, #4842, .T. ) ;
#2381 = ORIENTED_EDGE ( 'NONE', *, *, #1992, .F. ) ;
#2382 = VERTEX_POINT ( 'NONE', #1722 ) ;
#2383 = CARTESIAN_POINT ( 'NONE',  ( -6.478435652084960417, 4.250000000000000000, 0.000000000000000000 ) ) ;
#2384 = CIRCLE ( 'NONE', #108, 3.249999999999999556 ) ;
#2385 = DIRECTION ( 'NONE',  ( 1.000000000000000000, 0.000000000000000000, 0.000000000000000000 ) ) ;
#2386 = CIRCLE ( 'NONE', #5541, 1.749999999999999778 ) ;
#2387 = DIRECTION ( 'NONE',  ( 0.000000000000000000, 0.000000000000000000, -1.000000000000000000 ) ) ;
#2388 = ORIENTED_EDGE ( 'NONE', *, *, #2135, .T. ) ;
#2389 = EDGE_CURVE ( 'NONE', #4684, #5356, #1296, .T. ) ;
#2390 = ORIENTED_EDGE ( 'NONE', *, *, #1299, .T. ) ;
#2391 = AXIS2_PLACEMENT_3D ( 'NONE', #2879, #746, #3756 ) ;
#2392 = VECTOR ( 'NONE', #3101, 1000.000000000000227 ) ;
#2393 = ORIENTED_EDGE ( 'NONE', *, *, #1896, .T. ) ;
#2394 = CARTESIAN_POINT ( 'NONE',  ( 17.00000000000000000, 6.938893903907229955E-15, 5.000000000000000000 ) ) ;
#2395 = ORIENTED_EDGE ( 'NONE', *, *, #934, .T. ) ;
#2396 = CARTESIAN_POINT ( 'NONE',  ( -12.00000000000000000, 16.99999999999999645, 0.000000000000000000 ) ) ;
#2397 = CIRCLE ( 'NONE', #3571, 23.00000000000000000 ) ;
#2398 = AXIS2_PLACEMENT_3D ( 'NONE', #823, #3776, #1701 ) ;
#2399 = CIRCLE ( 'NONE', #1490, 1.749999999999999778 ) ;
#2400 = ORIENTED_EDGE ( 'NONE', *, *, #2866, .F. ) ;
#2401 = ORIENTED_EDGE ( 'NONE', *, *, #433, .F. ) ;
#2402 = AXIS2_PLACEMENT_3D ( 'NONE', #2263, #4412, #3984 ) ;
#2403 = LINE ( 'NONE', #722, #1120 ) ;
#2404 = CARTESIAN_POINT ( 'NONE',  ( -3.499999999999999112, 20.19999999999999574, 24.00000000000001421 ) ) ;
#2405 = ORIENTED_EDGE ( 'NONE', *, *, #1826, .T. ) ;
#2406 = DIRECTION ( 'NONE',  ( 0.4633952206805030394, 0.5341019279598832048, 0.7071067811865500152 ) ) ;
#2407 = VECTOR ( 'NONE', #4621, 999.9999999999998863 ) ;
#2408 = CARTESIAN_POINT ( 'NONE',  ( 6.440804985062399979E-17, 0.7500000000000000000, 0.000000000000000000 ) ) ;
#2409 = VECTOR ( 'NONE', #1109, 1000.000000000000000 ) ;
#2410 = DIRECTION ( 'NONE',  ( 1.000000000000000000, -2.312964634635743450E-15, 0.000000000000000000 ) ) ;
#2411 = AXIS2_PLACEMENT_3D ( 'NONE', #5218, #2637, #2221 ) ;
#2412 = LINE ( 'NONE', #1016, #2633 ) ;
#2413 = CARTESIAN_POINT ( 'NONE',  ( -11.95000000000000107, 0.7500000000000000000, 8.218695387886219450 ) ) ;
#2414 = VERTEX_POINT ( 'NONE', #968 ) ;
#2415 = ORIENTED_EDGE ( 'NONE', *, *, #3141, .F. ) ;
#2416 = PRODUCT_DEFINITION ( 'æœ', '', #2564, #1777 ) ;
#2417 = LINE ( 'NONE', #4505, #26 ) ;
#2418 = EDGE_CURVE ( 'NONE', #4275, #3249, #1494, .T. ) ;
#2419 = CARTESIAN_POINT ( 'NONE',  ( -17.00000000000000000, 0.7500000000000000000, 5.000000000000000000 ) ) ;
#2420 = DIRECTION ( 'NONE',  ( 0.000000000000000000, 0.000000000000000000, 1.000000000000000000 ) ) ;
#2421 = EDGE_CURVE ( 'NONE', #5458, #3203, #4864, .T. ) ;
#2422 = ORIENTED_EDGE ( 'NONE', *, *, #894, .T. ) ;
#2423 = ORIENTED_EDGE ( 'NONE', *, *, #2454, .T. ) ;
#2424 = CARTESIAN_POINT ( 'NONE',  ( -9.799999999999998934, 4.250000000000000000, 2.230072203107100304 ) ) ;
#2425 = EDGE_CURVE ( 'NONE', #4502, #4188, #2149, .T. ) ;
#2426 = DIRECTION ( 'NONE',  ( 3.336086342942520728E-17, -1.000000000000000000, 0.000000000000000000 ) ) ;
#2427 = ORIENTED_EDGE ( 'NONE', *, *, #4945, .F. ) ;
#2428 = ORIENTED_EDGE ( 'NONE', *, *, #1689, .T. ) ;
#2429 = DIRECTION ( 'NONE',  ( 0.000000000000000000, 0.000000000000000000, 1.000000000000000000 ) ) ;
#2430 = DIRECTION ( 'NONE',  ( 0.000000000000000000, 0.000000000000000000, -1.000000000000000000 ) ) ;
#2431 = EDGE_CURVE ( 'NONE', #5329, #522, #4355, .T. ) ;
#2432 = DIRECTION ( 'NONE',  ( 0.000000000000000000, 0.000000000000000000, -1.000000000000000000 ) ) ;
#2433 = LINE ( 'NONE', #3394, #1482 ) ;
#2434 = DIRECTION ( 'NONE',  ( -0.000000000000000000, 1.000000000000000000, -0.000000000000000000 ) ) ;
#2435 = CARTESIAN_POINT ( 'NONE',  ( 3.500000000000000888, -18.77658115845374454, 15.49999999999998757 ) ) ;
#2436 = LINE ( 'NONE', #2354, #789 ) ;
#2437 = ORIENTED_EDGE ( 'NONE', *, *, #353, .F. ) ;
#2438 = VERTEX_POINT ( 'NONE', #4757 ) ;
#2439 = LINE ( 'NONE', #1923, #579 ) ;
#2440 = CARTESIAN_POINT ( 'NONE',  ( -12.00000000000000000, -16.99999999999999645, 0.000000000000000000 ) ) ;
#2441 = LINE ( 'NONE', #688, #5200 ) ;
#2442 = VERTEX_POINT ( 'NONE', #4014 ) ;
#2443 = ORIENTED_EDGE ( 'NONE', *, *, #3185, .T. ) ;
#2444 = CARTESIAN_POINT ( 'NONE',  ( -17.00000000000000000, 0.7500000000000000000, 28.00000000000000000 ) ) ;
#2445 = DIRECTION ( 'NONE',  ( -1.000000000000000000, 0.000000000000000000, 0.000000000000000000 ) ) ;
#2446 = EDGE_CURVE ( 'NONE', #3802, #1343, #2570, .T. ) ;
#2447 = EDGE_CURVE ( 'NONE', #2382, #2536, #132, .T. ) ;
#2448 = ORIENTED_EDGE ( 'NONE', *, *, #901, .F. ) ;
#2449 = EDGE_LOOP ( 'NONE', ( #3604, #5039, #103, #358 ) ) ;
#2450 = CARTESIAN_POINT ( 'NONE',  ( 12.84466019417475735, 14.80455012812556959, 25.00000000000000000 ) ) ;
#2451 = DIRECTION ( 'NONE',  ( 0.000000000000000000, -1.000000000000000000, 0.000000000000000000 ) ) ;
#2452 = EDGE_CURVE ( 'NONE', #1037, #697, #2120, .T. ) ;
#2453 = CARTESIAN_POINT ( 'NONE',  ( 13.49999999999999645, 16.73320053068151125, 24.49999999999999289 ) ) ;
#2454 = EDGE_CURVE ( 'NONE', #4710, #1037, #4629, .T. ) ;
#2455 = DIRECTION ( 'NONE',  ( -1.265177859526988718E-16, 1.000000000000000000, 0.000000000000000000 ) ) ;
#2456 = VECTOR ( 'NONE', #909, 1000.000000000000000 ) ;
#2457 = DIRECTION ( 'NONE',  ( 0.000000000000000000, 0.000000000000000000, 1.000000000000000000 ) ) ;
#2458 = AXIS2_PLACEMENT_3D ( 'NONE', #2688, #3145, #2378 ) ;
#2459 = PRODUCT_CONTEXT ( 'NONE', #2538, 'mechanical' ) ;
#2460 = ORIENTED_EDGE ( 'NONE', *, *, #5000, .F. ) ;
#2461 = ORIENTED_EDGE ( 'NONE', *, *, #1244, .T. ) ;
#2462 = DIRECTION ( 'NONE',  ( 1.000000000000000000, 0.000000000000000000, 0.000000000000000000 ) ) ;
#2463 = AXIS2_PLACEMENT_3D ( 'NONE', #5402, #4981, #1103 ) ;
#2464 = DIRECTION ( 'NONE',  ( 0.000000000000000000, 0.000000000000000000, -1.000000000000000000 ) ) ;
#2465 = CARTESIAN_POINT ( 'NONE',  ( 10.50000000000000000, -16.99999999999999645, 10.00000000000000000 ) ) ;
#2466 = DIRECTION ( 'NONE',  ( 0.000000000000000000, -1.000000000000000000, 0.000000000000000000 ) ) ;
#2467 = ORIENTED_EDGE ( 'NONE', *, *, #3342, .F. ) ;
#2468 = VERTEX_POINT ( 'NONE', #2056 ) ;
#2469 = CARTESIAN_POINT ( 'NONE',  ( 0.000000000000000000, 0.000000000000000000, 21.00000000000000000 ) ) ;
#2470 = DIRECTION ( 'NONE',  ( 1.000000000000000000, 0.000000000000000000, 0.000000000000000000 ) ) ;
#2471 = AXIS2_PLACEMENT_3D ( 'NONE', #1206, #2936, #287 ) ;
#2472 = CONICAL_SURFACE ( 'NONE', #1483, 0.9999999999999956701, 0.7853981633974456145 ) ;
#2473 = VERTEX_POINT ( 'NONE', #641 ) ;
#2474 = EDGE_LOOP ( 'NONE', ( #3543, #4761, #2415, #5522 ) ) ;
#2475 = FACE_OUTER_BOUND ( 'NONE', #3666, .T. ) ;
#2476 = CARTESIAN_POINT ( 'NONE',  ( 0.000000000000000000, 0.000000000000000000, 15.00000000000000178 ) ) ;
#2477 = AXIS2_PLACEMENT_3D ( 'NONE', #448, #3992, #5301 ) ;
#2478 = LINE ( 'NONE', #1075, #1315 ) ;
#2479 = EDGE_CURVE ( 'NONE', #3487, #1969, #2937, .T. ) ;
#2480 = VECTOR ( 'NONE', #2319, 1000.000000000000000 ) ;
#2481 = ADVANCED_FACE ( 'NONE', ( #1051 ), #3600, .F. ) ;
#2482 = CARTESIAN_POINT ( 'NONE',  ( 20.50000000000000000, -16.99999999999999645, 8.142135623730929694 ) ) ;
#2483 = DIRECTION ( 'NONE',  ( 1.000000000000000000, 0.000000000000000000, 0.000000000000000000 ) ) ;
#2484 = VECTOR ( 'NONE', #3496, 1000.000000000000000 ) ;
#2485 = VECTOR ( 'NONE', #3785, 1000.000000000000000 ) ;
#2486 = EDGE_CURVE ( 'NONE', #4684, #1214, #2478, .T. ) ;
#2487 = CARTESIAN_POINT ( 'NONE',  ( 11.70000000000000107, -5.500000000000000000, 0.000000000000000000 ) ) ;
#2488 = AXIS2_PLACEMENT_3D ( 'NONE', #3230, #4543, #2791 ) ;
#2489 = EDGE_CURVE ( 'NONE', #1388, #1030, #2845, .T. ) ;
#2490 = AXIS2_PLACEMENT_3D ( 'NONE', #4319, #4774, #2984 ) ;
#2491 = CARTESIAN_POINT ( 'NONE',  ( 22.50000000000000355, 0.000000000000000000, 10.00000000000000000 ) ) ;
#2492 = ORIENTED_EDGE ( 'NONE', *, *, #973, .F. ) ;
#2493 = VECTOR ( 'NONE', #806, 1000.000000000000000 ) ;
#2494 = ORIENTED_EDGE ( 'NONE', *, *, #647, .F. ) ;
#2495 = ORIENTED_EDGE ( 'NONE', *, *, #820, .F. ) ;
#2496 = PLANE ( 'NONE',  #2216 ) ;
#2497 = DIRECTION ( 'NONE',  ( -0.000000000000000000, 1.000000000000000000, 0.000000000000000000 ) ) ;
#2498 = DIRECTION ( 'NONE',  ( 1.000000000000000000, 8.587739980083199972E-17, 0.000000000000000000 ) ) ;
#2499 = AXIS2_PLACEMENT_3D ( 'NONE', #771, #304, #5602 ) ;
#2500 = DIRECTION ( 'NONE',  ( -0.000000000000000000, -0.000000000000000000, -1.000000000000000000 ) ) ;
#2501 = EDGE_LOOP ( 'NONE', ( #2188, #2620, #3411, #1400, #5497, #3274, #5334, #2128, #2613, #5405, #5153, #3354, #365, #1530, #3415, #5213, #4989, #4038 ) ) ;
#2502 = VERTEX_POINT ( 'NONE', #319 ) ;
#2503 = CARTESIAN_POINT ( 'NONE',  ( -13.50000000000000000, 5.500000000000000000, 0.3961689313160864367 ) ) ;
#2504 = CARTESIAN_POINT ( 'NONE',  ( 5.197849349760192972, 18.37930793678566843, 20.27097588572703657 ) ) ;
#2505 = ORIENTED_EDGE ( 'NONE', *, *, #2006, .T. ) ;
#2506 = EDGE_LOOP ( 'NONE', ( #2171, #1758 ) ) ;
#2507 = B_SPLINE_CURVE_WITH_KNOTS ( 'NONE', 3,
 ( #1158, #1129, #4101, #1526 ),
 .UNSPECIFIED., .F., .F.,
 ( 4, 4 ),
 ( 0.000000000000000000, 0.0008224920524220653579 ),
 .UNSPECIFIED. ) ;
#2508 = DIRECTION ( 'NONE',  ( -0.000000000000000000, -0.000000000000000000, -1.000000000000000000 ) ) ;
#2509 = PLANE ( 'NONE',  #5025 ) ;
#2510 = CYLINDRICAL_SURFACE ( 'NONE', #497, 0.5000000000000000000 ) ;
#2511 = CARTESIAN_POINT ( 'NONE',  ( 0.000000000000000000, 0.000000000000000000, 25.00000000000000000 ) ) ;
#2512 = FACE_OUTER_BOUND ( 'NONE', #3612, .T. ) ;
#2513 = CARTESIAN_POINT ( 'NONE',  ( 11.50000000000000000, -2.250000000000000000, 5.000000000000000000 ) ) ;
#2514 = EDGE_CURVE ( 'NONE', #1726, #1599, #393, .T. ) ;
#2515 = EDGE_CURVE ( 'NONE', #700, #3187, #5506, .T. ) ;
#2516 = EDGE_CURVE ( 'NONE', #2698, #1104, #4434, .T. ) ;
#2517 = ORIENTED_EDGE ( 'NONE', *, *, #2866, .T. ) ;
#2518 = CARTESIAN_POINT ( 'NONE',  ( 6.478435652084950647, 3.950000000000000178, 30.00000000000000000 ) ) ;
#2519 = DIRECTION ( 'NONE',  ( 0.000000000000000000, -1.000000000000000000, 0.000000000000000000 ) ) ;
#2520 = FACE_OUTER_BOUND ( 'NONE', #4767, .T. ) ;
#2521 = LINE ( 'NONE', #382, #3134 ) ;
#2522 = DIRECTION ( 'NONE',  ( -1.000000000000000000, 0.000000000000000000, 0.000000000000000000 ) ) ;
#2523 = ORIENTED_EDGE ( 'NONE', *, *, #4840, .F. ) ;
#2524 = VERTEX_POINT ( 'NONE', #2771 ) ;
#2525 = DIRECTION ( 'NONE',  ( 0.000000000000000000, -1.000000000000000000, 0.000000000000000000 ) ) ;
#2526 = DIRECTION ( 'NONE',  ( 0.000000000000000000, 0.000000000000000000, 1.000000000000000000 ) ) ;
#2527 = ORIENTED_EDGE ( 'NONE', *, *, #2934, .F. ) ;
#2528 = ORIENTED_EDGE ( 'NONE', *, *, #645, .F. ) ;
#2529 = DIRECTION ( 'NONE',  ( -0.000000000000000000, -0.000000000000000000, -1.000000000000000000 ) ) ;
#2530 = CARTESIAN_POINT ( 'NONE',  ( -3.499999999999999112, -19.11554182895250165, 24.83329678841398902 ) ) ;
#2531 = VERTEX_POINT ( 'NONE', #619 ) ;
#2532 = DIRECTION ( 'NONE',  ( 1.000000000000000000, 0.000000000000000000, 0.000000000000000000 ) ) ;
#2533 = CARTESIAN_POINT ( 'NONE',  ( 13.10869565217391219, 17.00000000000000000, 1.406512412935422285 ) ) ;
#2534 = DIRECTION ( 'NONE',  ( 0.000000000000000000, 1.000000000000000000, 0.000000000000000000 ) ) ;
#2535 = FACE_OUTER_BOUND ( 'NONE', #1786, .T. ) ;
#2536 = VERTEX_POINT ( 'NONE', #554 ) ;
#2537 = DIRECTION ( 'NONE',  ( 1.000000000000000000, 0.000000000000000000, 0.000000000000000000 ) ) ;
#2538 = APPLICATION_CONTEXT ( 'automotive_design' ) ;
#2539 = VECTOR ( 'NONE', #506, 1000.000000000000000 ) ;
#2540 = DIRECTION ( 'NONE',  ( 1.000000000000000000, 0.000000000000000000, 0.000000000000000000 ) ) ;
#2541 = DIRECTION ( 'NONE',  ( -0.000000000000000000, 1.000000000000000000, 0.000000000000000000 ) ) ;
#2542 = EDGE_CURVE ( 'NONE', #1117, #3512, #3755, .T. ) ;
#2543 = SPHERICAL_SURFACE ( 'NONE', #5278, 1.500000000000000000 ) ;
#2544 = ORIENTED_EDGE ( 'NONE', *, *, #5391, .T. ) ;
#2545 = ORIENTED_EDGE ( 'NONE', *, *, #4278, .T. ) ;
#2546 = FACE_OUTER_BOUND ( 'NONE', #5142, .T. ) ;
#2547 = PLANE ( 'NONE',  #311 ) ;
#2548 = EDGE_CURVE ( 'NONE', #4853, #4022, #3758, .T. ) ;
#2549 = ORIENTED_EDGE ( 'NONE', *, *, #2588, .F. ) ;
#2550 = ORIENTED_EDGE ( 'NONE', *, *, #1686, .F. ) ;
#2551 = DIRECTION ( 'NONE',  ( 1.000000000000000000, 0.000000000000000000, 0.000000000000000000 ) ) ;
#2552 = CARTESIAN_POINT ( 'NONE',  ( 0.000000000000000000, 0.000000000000000000, 16.50000000000001066 ) ) ;
#2553 = CONICAL_SURFACE ( 'NONE', #5559, 2.499999999999993339, 0.7853981633974446153 ) ;
#2554 = CARTESIAN_POINT ( 'NONE',  ( -9.000000000000001776, -18.50000000000000000, 8.142135623730919036 ) ) ;
#2555 = SHAPE_REPRESENTATION ( 'wuji glove\X2\63d295004ef6\X0\-v2', ( #4649 ), #1306 ) ;
#2556 = CIRCLE ( 'NONE', #2107, 1.499999999999999556 ) ;
#2557 = VERTEX_POINT ( 'NONE', #5055 ) ;
#2558 = AXIS2_PLACEMENT_3D ( 'NONE', #788, #755, #1157 ) ;
#2559 = AXIS2_PLACEMENT_3D ( 'NONE', #2161, #3010, #784 ) ;
#2560 = AXIS2_PLACEMENT_3D ( 'NONE', #5537, #759, #5199 ) ;
#2561 = DIRECTION ( 'NONE',  ( 0.000000000000000000, 1.000000000000000000, 0.000000000000000000 ) ) ;
#2562 = CARTESIAN_POINT ( 'NONE',  ( -5.859999999999999432, -13.89999999999999858, 3.000000000000000000 ) ) ;
#2563 = VECTOR ( 'NONE', #3527, 1000.000000000000000 ) ;
#2564 = PRODUCT_DEFINITION_FORMATION_WITH_SPECIFIED_SOURCE ( 'ä»', '', #523, .NOT_KNOWN. ) ;
#2565 = CIRCLE ( 'NONE', #119, 1.749999999999999778 ) ;
#2566 = CARTESIAN_POINT ( 'NONE',  ( -13.10869565217391219, 5.500000000000000000, 1.406512412935411849 ) ) ;
#2567 = ORIENTED_EDGE ( 'NONE', *, *, #3285, .T. ) ;
#2568 = AXIS2_PLACEMENT_3D ( 'NONE', #2346, #5338, #4975 ) ;
#2569 = DIRECTION ( 'NONE',  ( -4.081702296416015011E-16, 1.000000000000000000, 0.000000000000000000 ) ) ;
#2570 = CIRCLE ( 'NONE', #586, 22.50000000000000355 ) ;
#2571 = AXIS2_PLACEMENT_3D ( 'NONE', #180, #1048, #5287 ) ;
#2572 = CARTESIAN_POINT ( 'NONE',  ( 6.306859966606653600, -22.11931414733445678, 21.00000000000000355 ) ) ;
#2573 = CARTESIAN_POINT ( 'NONE',  ( 0.000000000000000000, 0.000000000000000000, 17.00000000000000000 ) ) ;
#2574 = DIRECTION ( 'NONE',  ( -1.734723475976807094E-15, 0.000000000000000000, 1.000000000000000000 ) ) ;
#2575 = LINE ( 'NONE', #4702, #33 ) ;
#2576 = VECTOR ( 'NONE', #4904, 1000.000000000000000 ) ;
#2577 = AXIS2_PLACEMENT_3D ( 'NONE', #2734, #591, #4048 ) ;
#2578 = ORIENTED_EDGE ( 'NONE', *, *, #4798, .F. ) ;
#2579 = EDGE_CURVE ( 'NONE', #3512, #1117, #2223, .T. ) ;
#2580 = ORIENTED_EDGE ( 'NONE', *, *, #2934, .T. ) ;
#2581 = CARTESIAN_POINT ( 'NONE',  ( 11.95000000000000107, 0.7500000000000000000, 33.00000000000000000 ) ) ;
#2582 = VECTOR ( 'NONE', #2710, 1000.000000000000114 ) ;
#2583 = DIRECTION ( 'NONE',  ( 0.000000000000000000, 0.000000000000000000, -1.000000000000000000 ) ) ;
#2584 = AXIS2_PLACEMENT_3D ( 'NONE', #5351, #1557, #3742 ) ;
#2585 = DIRECTION ( 'NONE',  ( 0.000000000000000000, 0.000000000000000000, 1.000000000000000000 ) ) ;
#2586 = ADVANCED_FACE ( 'NONE', ( #3195 ), #2289, .F. ) ;
#2587 = ORIENTED_EDGE ( 'NONE', *, *, #395, .T. ) ;
#2588 = EDGE_CURVE ( 'NONE', #3802, #4662, #160, .T. ) ;
#2589 = ADVANCED_FACE ( 'NONE', ( #1916 ), #5373, .T. ) ;
#2590 = ORIENTED_EDGE ( 'NONE', *, *, #4076, .F. ) ;
#2591 = CARTESIAN_POINT ( 'NONE',  ( 5.859999999999999432, 17.30000000000000071, 6.000000000000000000 ) ) ;
#2592 = CARTESIAN_POINT ( 'NONE',  ( -13.50000000000000000, 5.500000000000000000, 0.9999999999999701350 ) ) ;
#2593 = ORIENTED_EDGE ( 'NONE', *, *, #125, .F. ) ;
#2594 = DIRECTION ( 'NONE',  ( 0.7071067811865475727, 0.7071067811865475727, -0.000000000000000000 ) ) ;
#2595 = ORIENTED_EDGE ( 'NONE', *, *, #4522, .F. ) ;
#2596 = ADVANCED_FACE ( 'NONE', ( #453 ), #5533, .F. ) ;
#2597 = CARTESIAN_POINT ( 'NONE',  ( 0.000000000000000000, -18.50000000000000000, 10.00000000000000000 ) ) ;
#2598 = ORIENTED_EDGE ( 'NONE', *, *, #2515, .T. ) ;
#2599 = FACE_OUTER_BOUND ( 'NONE', #1411, .T. ) ;
#2600 = CARTESIAN_POINT ( 'NONE',  ( -8.250000000000000000, 12.75000000000000000, 28.00000000000000000 ) ) ;
#2601 = ORIENTED_EDGE ( 'NONE', *, *, #4116, .F. ) ;
#2602 = ORIENTED_EDGE ( 'NONE', *, *, #927, .T. ) ;
#2603 = DIRECTION ( 'NONE',  ( -0.000000000000000000, -0.000000000000000000, -1.000000000000000000 ) ) ;
#2604 = CARTESIAN_POINT ( 'NONE',  ( 0.000000000000000000, 1.149999999999999911, 30.00000000000000000 ) ) ;
#2605 = DIRECTION ( 'NONE',  ( 1.000000000000000000, -2.551063935260009690E-17, 0.000000000000000000 ) ) ;
#2606 = ORIENTED_EDGE ( 'NONE', *, *, #2380, .F. ) ;
#2607 = EDGE_LOOP ( 'NONE', ( #4740, #4982, #2072, #1566 ) ) ;
#2608 = LINE ( 'NONE', #5505, #3022 ) ;
#2609 = FACE_OUTER_BOUND ( 'NONE', #696, .T. ) ;
#2610 = DIRECTION ( 'NONE',  ( -1.000000000000000000, 0.000000000000000000, 0.000000000000000000 ) ) ;
#2611 = ORIENTED_EDGE ( 'NONE', *, *, #5144, .T. ) ;
#2612 = UNCERTAINTY_MEASURE_WITH_UNIT (LENGTH_MEASURE( 1.000000000000000082E-05 ), #5452, 'distance_accuracy_value', 'NONE');
#2613 = ORIENTED_EDGE ( 'NONE', *, *, #538, .T. ) ;
#2614 = CARTESIAN_POINT ( 'NONE',  ( -10.50000000000000000, 0.000000000000000000, 9.000000000000000000 ) ) ;
#2615 = CARTESIAN_POINT ( 'NONE',  ( 12.00000000000000000, -5.500000000000000000, 0.3961689313160968728 ) ) ;
#2616 = ORIENTED_EDGE ( 'NONE', *, *, #4243, .T. ) ;
#2617 = CYLINDRICAL_SURFACE ( 'NONE', #5111, 1.750000000000001554 ) ;
#2618 = EDGE_CURVE ( 'NONE', #2713, #87, #431, .T. ) ;
#2619 = B_SPLINE_CURVE_WITH_KNOTS ( 'NONE', 3,
 ( #4069, #1523, #3162, #615 ),
 .UNSPECIFIED., .F., .F.,
 ( 4, 4 ),
 ( 0.000000000000000000, 0.0008224920524220634063 ),
 .UNSPECIFIED. ) ;
#2620 = ORIENTED_EDGE ( 'NONE', *, *, #4087, .T. ) ;
#2621 = FACE_OUTER_BOUND ( 'NONE', #473, .T. ) ;
#2622 = EDGE_CURVE ( 'NONE', #1848, #5335, #1321, .T. ) ;
#2623 = CARTESIAN_POINT ( 'NONE',  ( 10.50000000000000000, -16.99999999999999645, 9.000000000000000000 ) ) ;
#2624 = EDGE_CURVE ( 'NONE', #1055, #547, #1200, .T. ) ;
#2625 = DIRECTION ( 'NONE',  ( 1.000000000000000000, 0.000000000000000000, 0.000000000000000000 ) ) ;
#2626 = ORIENTED_EDGE ( 'NONE', *, *, #5459, .T. ) ;
#2627 = CARTESIAN_POINT ( 'NONE',  ( 17.00000000000000000, 6.938893903907229955E-15, 30.00000000000000000 ) ) ;
#2628 = DIRECTION ( 'NONE',  ( 0.5734623443633289908, 0.000000000000000000, -0.8192319205190400355 ) ) ;
#2629 = LINE ( 'NONE', #1783, #5162 ) ;
#2630 = DIRECTION ( 'NONE',  ( 0.000000000000000000, 0.000000000000000000, 1.000000000000000000 ) ) ;
#2631 = DIRECTION ( 'NONE',  ( -0.5734623443633282136, 0.000000000000000000, -0.8192319205190404796 ) ) ;
#2632 = ORIENTED_EDGE ( 'NONE', *, *, #1749, .F. ) ;
#2633 = VECTOR ( 'NONE', #5424, 1000.000000000000000 ) ;
#2634 = ORIENTED_EDGE ( 'NONE', *, *, #4623, .F. ) ;
#2635 = FACE_OUTER_BOUND ( 'NONE', #7, .T. ) ;
#2636 = PLANE ( 'NONE',  #1937 ) ;
#2637 = DIRECTION ( 'NONE',  ( 0.8192319205190400355, 0.000000000000000000, 0.5734623443633289908 ) ) ;
#2638 = ORIENTED_EDGE ( 'NONE', *, *, #2320, .F. ) ;
#2639 = B_SPLINE_CURVE_WITH_KNOTS ( 'NONE', 3,
 ( #2132, #2051, #1679, #4232, #2921, #2504, #5152, #780, #5584, #340, #4257, #2099 ),
 .UNSPECIFIED., .F., .F.,
 ( 4, 2, 2, 2, 2, 4 ),
 ( 0.000000000000000000, 0.0003004398395278672020, 0.0006008796790557344039, 0.001201759358111469892, 0.001802639037167205272, 0.002403518716222940652 ),
 .UNSPECIFIED. ) ;
#2640 = EDGE_LOOP ( 'NONE', ( #464, #4799, #4640 ) ) ;
#2641 = ORIENTED_EDGE ( 'NONE', *, *, #3225, .F. ) ;
#2642 = CARTESIAN_POINT ( 'NONE',  ( 3.500000000000000888, 20.19999999999999574, 15.49999999999998579 ) ) ;
#2643 = CARTESIAN_POINT ( 'NONE',  ( -6.528035413153459920, 3.158726812816190055, 30.00000000000000000 ) ) ;
#2644 = ORIENTED_EDGE ( 'NONE', *, *, #761, .F. ) ;
#2645 = VERTEX_POINT ( 'NONE', #898 ) ;
#2646 = CARTESIAN_POINT ( 'NONE',  ( 11.50000000000000000, -4.250000000000000000, 29.75000000000000000 ) ) ;
#2647 = CARTESIAN_POINT ( 'NONE',  ( 1.268857754044952380, -8.899999999999998579, -0.2000000000000008438 ) ) ;
#2648 = EDGE_CURVE ( 'NONE', #895, #1765, #1286, .T. ) ;
#2649 = CARTESIAN_POINT ( 'NONE',  ( 11.49999999999999467, 0.000000000000000000, 10.00000000000000000 ) ) ;
#2650 = EDGE_CURVE ( 'NONE', #1238, #597, #3851, .T. ) ;
#2651 = CARTESIAN_POINT ( 'NONE',  ( 3.500000000000000888, -20.20000000000000284, -26.00195117308443216 ) ) ;
#2652 = CIRCLE ( 'NONE', #289, 0.2999999999999999334 ) ;
#2653 = VECTOR ( 'NONE', #1601, 1000.000000000000000 ) ;
#2654 =( GEOMETRIC_REPRESENTATION_CONTEXT ( 3 ) GLOBAL_UNCERTAINTY_ASSIGNED_CONTEXT ( ( #5155 ) ) GLOBAL_UNIT_ASSIGNED_CONTEXT ( ( #4547, #3766, #2909 ) ) REPRESENTATION_CONTEXT ( 'NONE', 'WORKASPACE' ) );
#2655 = ORIENTED_EDGE ( 'NONE', *, *, #4322, .T. ) ;
#2656 = CARTESIAN_POINT ( 'NONE',  ( 14.99999999999999822, -15.55988431833605112, -39.06504476178464813 ) ) ;
#2657 = EDGE_CURVE ( 'NONE', #5225, #3523, #3869, .T. ) ;
#2658 = CARTESIAN_POINT ( 'NONE',  ( -3.332847496575207291, 18.63770715197611949, 15.33284749657519797 ) ) ;
#2659 = AXIS2_PLACEMENT_3D ( 'NONE', #5047, #1619, #5583 ) ;
#2660 = DIRECTION ( 'NONE',  ( 1.334402673828311860E-16, 1.000000000000000000, 0.000000000000000000 ) ) ;
#2661 = FACE_OUTER_BOUND ( 'NONE', #4285, .T. ) ;
#2662 = DIRECTION ( 'NONE',  ( 0.000000000000000000, -1.000000000000000000, 0.000000000000000000 ) ) ;
#2663 = DIRECTION ( 'NONE',  ( -1.000000000000000000, 0.000000000000000000, 0.000000000000000000 ) ) ;
#2664 = EDGE_LOOP ( 'NONE', ( #3149, #2876, #144, #1512, #4618, #3808, #4229, #3082, #776 ) ) ;
#2665 = VECTOR ( 'NONE', #5463, 1000.000000000000000 ) ;
#2666 = AXIS2_PLACEMENT_3D ( 'NONE', #2173, #4383, #10 ) ;
#2667 = EDGE_LOOP ( 'NONE', ( #5498, #1987, #3238, #4205, #164, #5355 ) ) ;
#2668 = EDGE_CURVE ( 'NONE', #5306, #3783, #2104, .T. ) ;
#2669 = DIRECTION ( 'NONE',  ( -1.000000000000000000, 0.000000000000000000, 0.000000000000000000 ) ) ;
#2670 = CARTESIAN_POINT ( 'NONE',  ( -9.000000000000001776, 16.99999999999999645, 10.00000000000000000 ) ) ;
#2671 = DIRECTION ( 'NONE',  ( 0.000000000000000000, 1.000000000000000000, 0.000000000000000000 ) ) ;
#2672 = ORIENTED_EDGE ( 'NONE', *, *, #4724, .T. ) ;
#2673 = AXIS2_PLACEMENT_3D ( 'NONE', #3845, #751, #3334 ) ;
#2674 = VERTEX_POINT ( 'NONE', #5566 ) ;
#2675 = CIRCLE ( 'NONE', #5205, 1.499999999999999556 ) ;
#2676 = LINE ( 'NONE', #4404, #3379 ) ;
#2677 = CARTESIAN_POINT ( 'NONE',  ( 0.000000000000000000, 18.50000000000000000, 0.000000000000000000 ) ) ;
#2678 = AXIS2_PLACEMENT_3D ( 'NONE', #1671, #2151, #2915 ) ;
#2679 = ORIENTED_EDGE ( 'NONE', *, *, #3904, .T. ) ;
#2680 = DIRECTION ( 'NONE',  ( 0.000000000000000000, -1.000000000000000000, 0.000000000000000000 ) ) ;
#2681 = PLANE ( 'NONE',  #1300 ) ;
#2682 = LINE ( 'NONE', #4409, #3398 ) ;
#2683 = LINE ( 'NONE', #4410, #394 ) ;
#2684 = DIRECTION ( 'NONE',  ( 0.000000000000000000, 0.000000000000000000, 1.000000000000000000 ) ) ;
#2685 = CARTESIAN_POINT ( 'NONE',  ( 3.500000000000000888, 19.28496823953828354, 25.00000000000000000 ) ) ;
#2686 = EDGE_CURVE ( 'NONE', #4309, #4365, #5545, .T. ) ;
#2687 = DIRECTION ( 'NONE',  ( 0.000000000000000000, 1.000000000000000000, 0.000000000000000000 ) ) ;
#2688 = CARTESIAN_POINT ( 'NONE',  ( 9.010594162098090720, 5.535079271003109369, 33.00000000000000000 ) ) ;
#2689 = LINE ( 'NONE', #1386, #2839 ) ;
#2690 = ADVANCED_FACE ( 'NONE', ( #3843 ), #4342, .T. ) ;
#2691 = ADVANCED_FACE ( 'NONE', ( #834 ), #4262, .T. ) ;
#2692 = ORIENTED_EDGE ( 'NONE', *, *, #4768, .F. ) ;
#2693 = VERTEX_POINT ( 'NONE', #1687 ) ;
#2694 = DIRECTION ( 'NONE',  ( 1.000000000000000000, 0.000000000000000000, 0.000000000000000000 ) ) ;
#2695 = DIRECTION ( 'NONE',  ( -0.000000000000000000, 1.000000000000000000, 0.000000000000000000 ) ) ;
#2696 = CARTESIAN_POINT ( 'NONE',  ( -9.010594162098090720, 5.535079271003109369, 33.00000000000000000 ) ) ;
#2697 = ADVANCED_FACE ( 'NONE', ( #3445 ), #3048, .T. ) ;
#2698 = VERTEX_POINT ( 'NONE', #4712 ) ;
#2699 = ORIENTED_EDGE ( 'NONE', *, *, #4669, .T. ) ;
#2700 = CARTESIAN_POINT ( 'NONE',  ( 12.84466019417475557, -14.80455012812556959, 25.00000000000000000 ) ) ;
#2701 = DIRECTION ( 'NONE',  ( -0.8192319205190404796, 0.000000000000000000, 0.5734623443633283246 ) ) ;
#2702 = B_SPLINE_CURVE_WITH_KNOTS ( 'NONE', 3,
 ( #3538, #5251, #2343, #1828 ),
 .UNSPECIFIED., .F., .F.,
 ( 4, 4 ),
 ( 0.000000000000000000, 0.0008224920524220654663 ),
 .UNSPECIFIED. ) ;
#2703 = ORIENTED_EDGE ( 'NONE', *, *, #4049, .T. ) ;
#2704 = FACE_OUTER_BOUND ( 'NONE', #3554, .T. ) ;
#2705 = CARTESIAN_POINT ( 'NONE',  ( 3.500000000000000888, -18.77658115845374454, 24.49999999999999289 ) ) ;
#2706 = DIRECTION ( 'NONE',  ( 0.000000000000000000, 0.000000000000000000, 1.000000000000000000 ) ) ;
#2707 = DIRECTION ( 'NONE',  ( 0.000000000000000000, 0.000000000000000000, -1.000000000000000000 ) ) ;
#2708 = DIRECTION ( 'NONE',  ( 0.000000000000000000, 0.000000000000000000, 1.000000000000000000 ) ) ;
#2709 = DIRECTION ( 'NONE',  ( 0.000000000000000000, -1.000000000000000000, 0.000000000000000000 ) ) ;
#2710 = DIRECTION ( 'NONE',  ( 0.000000000000000000, 0.7071067811865474617, -0.7071067811865474617 ) ) ;
#2711 = CARTESIAN_POINT ( 'NONE',  ( -7.500000000000000000, 17.30000000000000071, 6.000000000000000000 ) ) ;
#2712 = ORIENTED_EDGE ( 'NONE', *, *, #1971, .T. ) ;
#2713 = VERTEX_POINT ( 'NONE', #3892 ) ;
#2714 = DIRECTION ( 'NONE',  ( 0.000000000000000000, 0.000000000000000000, -1.000000000000000000 ) ) ;
#2715 = ADVANCED_FACE ( 'NONE', ( #2931 ), #4, .T. ) ;
#2716 = CARTESIAN_POINT ( 'NONE',  ( 10.50000000000000000, 16.99999999999999645, 10.00000000000000000 ) ) ;
#2717 = ADVANCED_FACE ( 'NONE', ( #4660 ), #1736, .F. ) ;
#2718 = CARTESIAN_POINT ( 'NONE',  ( 0.000000000000000000, 0.000000000000000000, 25.00000000000000000 ) ) ;
#2719 = DIRECTION ( 'NONE',  ( -0.000000000000000000, -0.000000000000000000, 1.000000000000000000 ) ) ;
#2720 = CIRCLE ( 'NONE', #5528, 3.249999999999999556 ) ;
#2721 = ADVANCED_FACE ( 'NONE', ( #3510 ), #2509, .F. ) ;
#2722 = ORIENTED_EDGE ( 'NONE', *, *, #4974, .T. ) ;
#2723 = ORIENTED_EDGE ( 'NONE', *, *, #1038, .T. ) ;
#2724 = DIRECTION ( 'NONE',  ( -1.000000000000000000, 0.000000000000000000, 0.000000000000000000 ) ) ;
#2725 = ADVANCED_FACE ( 'NONE', ( #4796 ), #3977, .F. ) ;
#2726 = CARTESIAN_POINT ( 'NONE',  ( 3.500000000000000888, 20.19999999999999574, 15.49999999999998579 ) ) ;
#2727 = CIRCLE ( 'NONE', #1910, 1.749999999999999778 ) ;
#2728 = ORIENTED_EDGE ( 'NONE', *, *, #2971, .F. ) ;
#2729 = CARTESIAN_POINT ( 'NONE',  ( -13.50000000000000000, -5.500000000000000000, 0.3961689313160864367 ) ) ;
#2730 = LINE ( 'NONE', #5281, #2392 ) ;
#2731 = DIRECTION ( 'NONE',  ( -0.000000000000000000, -0.7071067811865389130, -0.7071067811865561215 ) ) ;
#2732 = DIRECTION ( 'NONE',  ( -0.4355609281042803760, -0.9001592514155136726, 0.000000000000000000 ) ) ;
#2733 = DIRECTION ( 'NONE',  ( -0.5734623443633282136, 0.000000000000000000, -0.8192319205190404796 ) ) ;
#2734 = CARTESIAN_POINT ( 'NONE',  ( -20.50000000000000000, 17.30000000000000071, 8.142135623730919036 ) ) ;
#2735 = DIRECTION ( 'NONE',  ( 0.000000000000000000, -1.000000000000000000, 0.000000000000000000 ) ) ;
#2736 = CARTESIAN_POINT ( 'NONE',  ( 9.000000000000001776, -18.50000000000000000, 8.142135623730929694 ) ) ;
#2737 =( LENGTH_UNIT ( ) NAMED_UNIT ( * ) SI_UNIT ( .MILLI., .METRE. ) );
#2738 = AXIS2_PLACEMENT_3D ( 'NONE', #3157, #3069, #1822 ) ;
#2739 = VECTOR ( 'NONE', #4672, 1000.000000000000000 ) ;
#2740 = ORIENTED_EDGE ( 'NONE', *, *, #157, .T. ) ;
#2741 = EDGE_LOOP ( 'NONE', ( #3446, #3367, #3861, #2692 ) ) ;
#2742 = VECTOR ( 'NONE', #2801, 1000.000000000000000 ) ;
#2743 = VECTOR ( 'NONE', #4604, 1000.000000000000114 ) ;
#2744 = CARTESIAN_POINT ( 'NONE',  ( 5.000000000000002665, -22.10830241255063555, 16.83338151824142415 ) ) ;
#2745 = PLANE ( 'NONE',  #3924 ) ;
#2746 = CARTESIAN_POINT ( 'NONE',  ( 13.10869565217391219, -5.500000000000000000, 1.406512412935422285 ) ) ;
#2747 = CARTESIAN_POINT ( 'NONE',  ( -11.50000000000000000, -4.250000000000000000, 28.00000000000000000 ) ) ;
#2748 = VECTOR ( 'NONE', #5208, 1000.000000000000000 ) ;
#2749 = AXIS2_PLACEMENT_3D ( 'NONE', #3729, #2848, #2765 ) ;
#2750 = ADVANCED_FACE ( 'NONE', ( #5308 ), #982, .F. ) ;
#2751 = EDGE_LOOP ( 'NONE', ( #540, #2544, #336, #1604, #3862, #3995 ) ) ;
#2752 = ORIENTED_EDGE ( 'NONE', *, *, #3276, .F. ) ;
#2753 = AXIS2_PLACEMENT_3D ( 'NONE', #4431, #5285, #962 ) ;
#2754 = CARTESIAN_POINT ( 'NONE',  ( 6.604487272054067049, -13.89999999999999858, 0.2999999999999995448 ) ) ;
#2755 = AXIS2_PLACEMENT_3D ( 'NONE', #65, #3097, #607 ) ;
#2756 = DIRECTION ( 'NONE',  ( -1.000000000000000000, 0.000000000000000000, 0.000000000000000000 ) ) ;
#2757 = EDGE_CURVE ( 'NONE', #5346, #5306, #4062, .T. ) ;
#2758 = ADVANCED_FACE ( 'NONE', ( #5333 ), #2229, .T. ) ;
#2759 = VECTOR ( 'NONE', #1428, 1000.000000000000000 ) ;
#2760 = ADVANCED_FACE ( 'NONE', ( #3951 ), #1432, .F. ) ;
#2761 = ORIENTED_EDGE ( 'NONE', *, *, #353, .T. ) ;
#2762 = AXIS2_PLACEMENT_3D ( 'NONE', #2396, #5358, #2470 ) ;
#2763 = ORIENTED_EDGE ( 'NONE', *, *, #3669, .T. ) ;
#2764 = DIRECTION ( 'NONE',  ( 1.000000000000000000, 0.000000000000000000, 0.000000000000000000 ) ) ;
#2765 = DIRECTION ( 'NONE',  ( 1.000000000000000000, 0.000000000000000000, 0.000000000000000000 ) ) ;
#2766 = AXIS2_PLACEMENT_3D ( 'NONE', #2718, #3582, #516 ) ;
#2767 = CARTESIAN_POINT ( 'NONE',  ( 14.75000000000000000, 0.7500000000000000000, 28.00000000000000000 ) ) ;
#2768 = ADVANCED_FACE ( 'NONE', ( #89 ), #5224, .T. ) ;
#2769 = DIRECTION ( 'NONE',  ( 0.000000000000000000, 0.000000000000000000, -1.000000000000000000 ) ) ;
#2770 = CARTESIAN_POINT ( 'NONE',  ( 0.000000000000000000, 0.000000000000000000, 21.00000000000000000 ) ) ;
#2771 = CARTESIAN_POINT ( 'NONE',  ( 5.859999999999999432, 17.30000000000000071, 3.000000000000000000 ) ) ;
#2772 = FACE_BOUND ( 'NONE', #519, .T. ) ;
#2773 = DIRECTION ( 'NONE',  ( 0.000000000000000000, 0.000000000000000000, 1.000000000000000000 ) ) ;
#2774 = ORIENTED_EDGE ( 'NONE', *, *, #3351, .F. ) ;
#2775 = ORIENTED_EDGE ( 'NONE', *, *, #3627, .T. ) ;
#2776 = CARTESIAN_POINT ( 'NONE',  ( 9.000000000000001776, 16.99999999999999645, 10.00000000000000000 ) ) ;
#2777 = LINE ( 'NONE', #4961, #2742 ) ;
#2778 = DIRECTION ( 'NONE',  ( 1.000000000000000000, 0.000000000000000000, 0.000000000000000000 ) ) ;
#2779 =( BOUNDED_CURVE ( )  B_SPLINE_CURVE ( 3, ( #1455, #4855, #1004, #4452 ),
 .UNSPECIFIED., .F., .T. ) 
 B_SPLINE_CURVE_WITH_KNOTS ( ( 4, 4 ),
 ( 1.431888505849262083, 2.121253496966270191 ),
 .UNSPECIFIED. ) 
 CURVE ( )  GEOMETRIC_REPRESENTATION_ITEM ( )  RATIONAL_B_SPLINE_CURVE ( ( 1.000000000000000000, 0.9607885227449090015, 0.9607885227449090015, 1.000000000000000000 ) ) 
 REPRESENTATION_ITEM ( '' )  );
#2780 = CARTESIAN_POINT ( 'NONE',  ( -12.00000000000000000, 0.000000000000000000, 5.000000000000000000 ) ) ;
#2781 = ORIENTED_EDGE ( 'NONE', *, *, #3710, .T. ) ;
#2782 = ORIENTED_EDGE ( 'NONE', *, *, #1137, .F. ) ;
#2783 = DIRECTION ( 'NONE',  ( 0.000000000000000000, 0.7071067811865492381, -0.7071067811865457964 ) ) ;
#2784 = CARTESIAN_POINT ( 'NONE',  ( 5.603358789607354673, -18.25978167673443764, 20.70640858657085559 ) ) ;
#2785 = EDGE_LOOP ( 'NONE', ( #3090, #1324, #2108, #4887, #2901, #4085, #4129, #3223 ) ) ;
#2786 = VERTEX_POINT ( 'NONE', #147 ) ;
#2787 = EDGE_LOOP ( 'NONE', ( #1880, #2831, #2641, #3177, #2010, #450 ) ) ;
#2788 = DIRECTION ( 'NONE',  ( -8.673617379884039170E-17, 1.000000000000000000, 0.000000000000000000 ) ) ;
#2789 = DIRECTION ( 'NONE',  ( 1.000000000000000000, 0.000000000000000000, 0.000000000000000000 ) ) ;
#2790 = EDGE_CURVE ( 'NONE', #4340, #445, #870, .T. ) ;
#2791 = DIRECTION ( 'NONE',  ( -1.000000000000000000, 0.000000000000000000, 0.000000000000000000 ) ) ;
#2792 = DIRECTION ( 'NONE',  ( 0.000000000000000000, 0.000000000000000000, 1.000000000000000000 ) ) ;
#2793 = EDGE_CURVE ( 'NONE', #1150, #5466, #2339, .T. ) ;
#2794 = SURFACE_SIDE_STYLE ('',( #1579 ) ) ;
#2795 = DIRECTION ( 'NONE',  ( -0.000000000000000000, -0.000000000000000000, -1.000000000000000000 ) ) ;
#2796 = EDGE_CURVE ( 'NONE', #1343, #1815, #571, .T. ) ;
#2797 = LINE ( 'NONE', #2377, #1551 ) ;
#2798 = CARTESIAN_POINT ( 'NONE',  ( -11.19534881331187570, 1.978501931817846948, 8.324201809925323658 ) ) ;
#2799 = EDGE_LOOP ( 'NONE', ( #300, #5284, #4626, #3800 ) ) ;
#2800 = ORIENTED_EDGE ( 'NONE', *, *, #3737, .T. ) ;
#2801 = DIRECTION ( 'NONE',  ( 0.000000000000000000, 0.000000000000000000, -1.000000000000000000 ) ) ;
#2802 = DIRECTION ( 'NONE',  ( -1.000000000000000000, -1.000802005371235004E-16, 0.000000000000000000 ) ) ;
#2803 = DIRECTION ( 'NONE',  ( 1.000000000000000000, 0.000000000000000000, 0.000000000000000000 ) ) ;
#2804 = ORIENTED_EDGE ( 'NONE', *, *, #2389, .F. ) ;
#2805 = VERTEX_POINT ( 'NONE', #4883 ) ;
#2806 = DIRECTION ( 'NONE',  ( 1.000000000000000000, 0.000000000000000000, 0.000000000000000000 ) ) ;
#2807 = CARTESIAN_POINT ( 'NONE',  ( -5.360000000000012754, -13.89999999999999858, 6.000000000000000000 ) ) ;
#2808 = VERTEX_POINT ( 'NONE', #546 ) ;
#2809 = ORIENTED_EDGE ( 'NONE', *, *, #4521, .F. ) ;
#2810 = ORIENTED_EDGE ( 'NONE', *, *, #4591, .T. ) ;
#2811 = ORIENTED_EDGE ( 'NONE', *, *, #2070, .F. ) ;
#2812 = AXIS2_PLACEMENT_3D ( 'NONE', #3962, #1835, #1812 ) ;
#2813 = PLANE ( 'NONE',  #943 ) ;
#2814 = DIRECTION ( 'NONE',  ( 0.000000000000000000, 0.000000000000000000, -1.000000000000000000 ) ) ;
#2815 = DIRECTION ( 'NONE',  ( 1.000000000000000000, 0.000000000000000000, 0.000000000000000000 ) ) ;
#2816 = CARTESIAN_POINT ( 'NONE',  ( 13.49999999999999645, -16.73320053068151125, 24.49999999999999289 ) ) ;
#2817 = PRODUCT_RELATED_PRODUCT_CATEGORY ( 'part', '', ( #467 ) ) ;
#2818 = ADVANCED_FACE ( 'NONE', ( #3535 ), #1223, .T. ) ;
#2819 = FILL_AREA_STYLE ('',( #5449 ) ) ;
#2820 = DIRECTION ( 'NONE',  ( 0.000000000000000000, 0.000000000000000000, 1.000000000000000000 ) ) ;
#2821 = DIRECTION ( 'NONE',  ( 1.000000000000000000, 0.000000000000000000, -0.000000000000000000 ) ) ;
#2822 = EDGE_CURVE ( 'NONE', #3187, #1061, #3310, .T. ) ;
#2823 = EDGE_CURVE ( 'NONE', #1534, #2645, #1348, .T. ) ;
#2824 = EDGE_LOOP ( 'NONE', ( #4680, #3909, #2917, #1702, #4681, #2926 ) ) ;
#2825 = EDGE_LOOP ( 'NONE', ( #2395, #5045, #5428, #4881 ) ) ;
#2826 = DIRECTION ( 'NONE',  ( -1.000000000000000000, 0.000000000000000000, 0.000000000000000000 ) ) ;
#2827 = LINE ( 'NONE', #3321, #3589 ) ;
#2828 = CARTESIAN_POINT ( 'NONE',  ( 0.000000000000000000, 0.000000000000000000, 15.00000000000000178 ) ) ;
#2829 = ORIENTED_EDGE ( 'NONE', *, *, #61, .F. ) ;
#2830 = EDGE_CURVE ( 'NONE', #777, #46, #3591, .T. ) ;
#2831 = ORIENTED_EDGE ( 'NONE', *, *, #258, .T. ) ;
#2832 = AXIS2_PLACEMENT_3D ( 'NONE', #3763, #1181, #2907 ) ;
#2833 = VECTOR ( 'NONE', #4491, 1000.000000000000000 ) ;
#2834 = AXIS2_PLACEMENT_3D ( 'NONE', #4751, #2938, #4239 ) ;
#2835 = ORIENTED_EDGE ( 'NONE', *, *, #1314, .T. ) ;
#2836 = FACE_OUTER_BOUND ( 'NONE', #2785, .T. ) ;
#2837 = DIRECTION ( 'NONE',  ( 0.000000000000000000, -1.000000000000000000, 0.000000000000000000 ) ) ;
#2838 = VECTOR ( 'NONE', #390, 1000.000000000000000 ) ;
#2839 = VECTOR ( 'NONE', #1362, 1000.000000000000000 ) ;
#2840 = VECTOR ( 'NONE', #3035, 1000.000000000000000 ) ;
#2841 = VERTEX_POINT ( 'NONE', #110 ) ;
#2842 = VERTEX_POINT ( 'NONE', #3070 ) ;
#2843 = AXIS2_PLACEMENT_3D ( 'NONE', #2562, #4300, #3337 ) ;
#2844 = VERTEX_POINT ( 'NONE', #1823 ) ;
#2845 = CIRCLE ( 'NONE', #3211, 1.499999999999999556 ) ;
#2846 = AXIS2_PLACEMENT_3D ( 'NONE', #2374, #4496, #1499 ) ;
#2847 = DIRECTION ( 'NONE',  ( -0.000000000000000000, -0.000000000000000000, 1.000000000000000000 ) ) ;
#2848 = DIRECTION ( 'NONE',  ( 0.000000000000000000, 0.000000000000000000, 1.000000000000000000 ) ) ;
#2849 = ORIENTED_EDGE ( 'NONE', *, *, #1825, .T. ) ;
#2850 = DIRECTION ( 'NONE',  ( -0.7071067811865401342, 0.000000000000000000, -0.7071067811865549002 ) ) ;
#2851 = VECTOR ( 'NONE', #2191, 1000.000000000000000 ) ;
#2852 = DIRECTION ( 'NONE',  ( 1.000000000000000000, 1.265177859526988718E-16, 0.000000000000000000 ) ) ;
#2853 = AXIS2_PLACEMENT_3D ( 'NONE', #4263, #4608, #2933 ) ;
#2854 = CARTESIAN_POINT ( 'NONE',  ( -11.50000000000000000, -2.250000000000000000, 29.75000000000000000 ) ) ;
#2855 = VECTOR ( 'NONE', #1705, 1000.000000000000000 ) ;
#2856 = CARTESIAN_POINT ( 'NONE',  ( 14.49999999999999289, 16.73320053068151481, 25.00000000000000000 ) ) ;
#2857 = DIRECTION ( 'NONE',  ( 0.000000000000000000, 1.000000000000000000, 0.000000000000000000 ) ) ;
#2858 =( NAMED_UNIT ( * ) SI_UNIT ( $, .STERADIAN. ) SOLID_ANGLE_UNIT ( ) );
#2859 = CIRCLE ( 'NONE', #3682, 1.749999999999999778 ) ;
#2860 = ORIENTED_EDGE ( 'NONE', *, *, #4147, .F. ) ;
#2861 = ORIENTED_EDGE ( 'NONE', *, *, #459, .T. ) ;
#2862 = ADVANCED_FACE ( 'NONE', ( #4037 ), #3556, .T. ) ;
#2863 = VECTOR ( 'NONE', #3168, 1000.000000000000000 ) ;
#2864 = DIRECTION ( 'NONE',  ( 0.000000000000000000, 0.000000000000000000, -1.000000000000000000 ) ) ;
#2865 = CARTESIAN_POINT ( 'NONE',  ( -3.000000000000002220, -19.70000000000000639, 15.00000000000000178 ) ) ;
#2866 = EDGE_CURVE ( 'NONE', #5061, #440, #3184, .T. ) ;
#2867 = EDGE_CURVE ( 'NONE', #2841, #1116, #4091, .T. ) ;
#2868 = CYLINDRICAL_SURFACE ( 'NONE', #4934, 5.000000000000000000 ) ;
#2869 = ORIENTED_EDGE ( 'NONE', *, *, #256, .T. ) ;
#2870 = ORIENTED_EDGE ( 'NONE', *, *, #4560, .T. ) ;
#2871 = ORIENTED_EDGE ( 'NONE', *, *, #748, .F. ) ;
#2872 = VERTEX_POINT ( 'NONE', #2807 ) ;
#2873 = DIRECTION ( 'NONE',  ( -0.000000000000000000, -0.000000000000000000, 1.000000000000000000 ) ) ;
#2874 = PLANE ( 'NONE',  #775 ) ;
#2875 = EDGE_CURVE ( 'NONE', #1288, #5149, #3126, .T. ) ;
#2876 = ORIENTED_EDGE ( 'NONE', *, *, #1163, .T. ) ;
#2877 = ORIENTED_EDGE ( 'NONE', *, *, #2241, .T. ) ;
#2878 = ORIENTED_EDGE ( 'NONE', *, *, #3769, .F. ) ;
#2879 = CARTESIAN_POINT ( 'NONE',  ( 0.000000000000000000, 18.50000000000000000, 9.000000000000000000 ) ) ;
#2880 = CARTESIAN_POINT ( 'NONE',  ( 0.000000000000000000, 0.000000000000000000, 24.49999999999999289 ) ) ;
#2881 = ORIENTED_EDGE ( 'NONE', *, *, #3426, .T. ) ;
#2882 = FACE_OUTER_BOUND ( 'NONE', #4310, .T. ) ;
#2883 = DIRECTION ( 'NONE',  ( 0.000000000000000000, 0.000000000000000000, 1.000000000000000000 ) ) ;
#2884 = CARTESIAN_POINT ( 'NONE',  ( -17.00000000000000000, 4.250000000000000000, 30.00000000000000000 ) ) ;
#2885 = DIRECTION ( 'NONE',  ( 1.334402673828311860E-16, 1.000000000000000000, 0.000000000000000000 ) ) ;
#2886 = ORIENTED_EDGE ( 'NONE', *, *, #3976, .T. ) ;
#2887 = EDGE_LOOP ( 'NONE', ( #5482, #4167, #567, #3050, #3271, #1879, #1897, #2835, #1334 ) ) ;
#2888 = LINE ( 'NONE', #5062, #2311 ) ;
#2889 = CARTESIAN_POINT ( 'NONE',  ( 17.00000000000000000, 0.7500000000000000000, 28.00000000000000000 ) ) ;
#2890 = DIRECTION ( 'NONE',  ( 0.000000000000000000, 0.000000000000000000, -1.000000000000000000 ) ) ;
#2891 = ORIENTED_EDGE ( 'NONE', *, *, #3323, .F. ) ;
#2892 = EDGE_CURVE ( 'NONE', #3773, #1294, #4991, .T. ) ;
#2893 = ADVANCED_FACE ( 'NONE', ( #255 ), #3585, .T. ) ;
#2894 = ORIENTED_EDGE ( 'NONE', *, *, #4695, .T. ) ;
#2895 = CARTESIAN_POINT ( 'NONE',  ( 6.604487272054069713, -13.89999999999999858, 0.3000000000000005440 ) ) ;
#2896 = CARTESIAN_POINT ( 'NONE',  ( 6.500000000000002665, -17.95995545651491909, 21.00000000000000000 ) ) ;
#2897 = EDGE_LOOP ( 'NONE', ( #3629, #3348, #5347, #911 ) ) ;
#2898 = ADVANCED_FACE ( 'NONE', ( #3724 ), #1967, .F. ) ;
#2899 = ORIENTED_EDGE ( 'NONE', *, *, #2892, .T. ) ;
#2900 = EDGE_CURVE ( 'NONE', #4714, #877, #1857, .T. ) ;
#2901 = ORIENTED_EDGE ( 'NONE', *, *, #1656, .T. ) ;
#2902 = DIRECTION ( 'NONE',  ( -0.000000000000000000, -0.000000000000000000, -1.000000000000000000 ) ) ;
#2903 = DIRECTION ( 'NONE',  ( 0.000000000000000000, -1.000000000000000000, -0.000000000000000000 ) ) ;
#2904 = CARTESIAN_POINT ( 'NONE',  ( -6.440804985062399979E-17, 0.7500000000000000000, 0.000000000000000000 ) ) ;
#2905 = ORIENTED_EDGE ( 'NONE', *, *, #4977, .F. ) ;
#2906 = FACE_OUTER_BOUND ( 'NONE', #5188, .T. ) ;
#2907 = DIRECTION ( 'NONE',  ( -1.000000000000000000, 1.334402673828313339E-16, 0.000000000000000000 ) ) ;
#2908 = AXIS2_PLACEMENT_3D ( 'NONE', #1468, #2735, #4980 ) ;
#2909 =( NAMED_UNIT ( * ) SI_UNIT ( $, .STERADIAN. ) SOLID_ANGLE_UNIT ( ) );
#2910 = DIRECTION ( 'NONE',  ( 0.000000000000000000, 1.000000000000000000, -0.000000000000000000 ) ) ;
#2911 = EDGE_LOOP ( 'NONE', ( #2712, #1766, #5585, #5051 ) ) ;
#2912 = EDGE_LOOP ( 'NONE', ( #1185, #941 ) ) ;
#2913 = CARTESIAN_POINT ( 'NONE',  ( -11.50000000000000000, 4.250000000000000000, 28.00000000000000000 ) ) ;
#2914 = LINE ( 'NONE', #3435, #2279 ) ;
#2915 = DIRECTION ( 'NONE',  ( 0.000000000000000000, 0.000000000000000000, -1.000000000000000000 ) ) ;
#2916 = DIRECTION ( 'NONE',  ( 1.000000000000000000, 0.000000000000000000, 0.000000000000000000 ) ) ;
#2917 = ORIENTED_EDGE ( 'NONE', *, *, #1585, .F. ) ;
#2918 = VERTEX_POINT ( 'NONE', #3246 ) ;
#2919 = ORIENTED_EDGE ( 'NONE', *, *, #505, .F. ) ;
#2920 = CARTESIAN_POINT ( 'NONE',  ( 7.291612123339699991, 1.580668278431285101, 30.00000000000000000 ) ) ;
#2921 = CARTESIAN_POINT ( 'NONE',  ( 5.080464891527383564, 18.41196692399970303, 19.99489403803958965 ) ) ;
#2922 = EDGE_CURVE ( 'NONE', #5066, #3432, #2317, .T. ) ;
#2923 = CIRCLE ( 'NONE', #2832, 3.249999999999999556 ) ;
#2924 = AXIS2_PLACEMENT_3D ( 'NONE', #236, #5416, #636 ) ;
#2925 = VECTOR ( 'NONE', #4458, 1000.000000000000000 ) ;
#2926 = ORIENTED_EDGE ( 'NONE', *, *, #1713, .T. ) ;
#2927 = ORIENTED_EDGE ( 'NONE', *, *, #4974, .F. ) ;
#2928 = CARTESIAN_POINT ( 'NONE',  ( -7.500000000000000000, 5.500000000000000000, 6.000000000000000000 ) ) ;
#2929 = EDGE_CURVE ( 'NONE', #4651, #4309, #1319, .T. ) ;
#2930 = CIRCLE ( 'NONE', #484, 0.2999999999999999334 ) ;
#2931 = FACE_OUTER_BOUND ( 'NONE', #3894, .T. ) ;
#2932 = ORIENTED_EDGE ( 'NONE', *, *, #363, .T. ) ;
#2933 = DIRECTION ( 'NONE',  ( -1.000000000000000000, -4.081702296416015011E-16, 0.000000000000000000 ) ) ;
#2934 = EDGE_CURVE ( 'NONE', #4947, #1140, #2040, .T. ) ;
#2935 = EDGE_CURVE ( 'NONE', #30, #3941, #3296, .T. ) ;
#2936 = DIRECTION ( 'NONE',  ( 0.000000000000000000, 0.000000000000000000, -1.000000000000000000 ) ) ;
#2937 = CIRCLE ( 'NONE', #1040, 5.000000000000000000 ) ;
#2938 = DIRECTION ( 'NONE',  ( -0.000000000000000000, 1.000000000000000000, 0.000000000000000000 ) ) ;
#2939 = AXIS2_PLACEMENT_3D ( 'NONE', #1740, #2235, #2145 ) ;
#2940 = AXIS2_PLACEMENT_3D ( 'NONE', #2592, #2162, #1235 ) ;
#2941 = DIRECTION ( 'NONE',  ( 1.000000000000000000, -1.776356839400250465E-15, 0.000000000000000000 ) ) ;
#2942 = EDGE_CURVE ( 'NONE', #445, #1294, #1149, .T. ) ;
#2943 = APPLICATION_PROTOCOL_DEFINITION ( 'draft international standard', 'automotive_design', 1998, #482 ) ;
#2944 = VECTOR ( 'NONE', #3392, 1000.000000000000000 ) ;
#2945 = ORIENTED_EDGE ( 'NONE', *, *, #3146, .T. ) ;
#2946 = VECTOR ( 'NONE', #3528, 1000.000000000000000 ) ;
#2947 = CARTESIAN_POINT ( 'NONE',  ( -11.50000000000000000, -7.750000000000000000, 6.750000000000000000 ) ) ;
#2948 = ORIENTED_EDGE ( 'NONE', *, *, #2515, .F. ) ;
#2949 = CARTESIAN_POINT ( 'NONE',  ( 11.50000000000000000, -2.250000000000000000, 28.00000000000000000 ) ) ;
#2950 = VECTOR ( 'NONE', #4726, 1000.000000000000000 ) ;
#2951 = CARTESIAN_POINT ( 'NONE',  ( 23.00000000000000000, 2.816687638038912352E-15, 10.49999999999999112 ) ) ;
#2952 = DIRECTION ( 'NONE',  ( 1.000000000000000000, 0.000000000000000000, 0.000000000000000000 ) ) ;
#2953 = ORIENTED_EDGE ( 'NONE', *, *, #2170, .T. ) ;
#2954 = VECTOR ( 'NONE', #5260, 1000.000000000000000 ) ;
#2955 = ORIENTED_EDGE ( 'NONE', *, *, #5249, .T. ) ;
#2956 = DIRECTION ( 'NONE',  ( 1.000000000000000000, 0.000000000000000000, 0.000000000000000000 ) ) ;
#2957 = CARTESIAN_POINT ( 'NONE',  ( 6.500000000000000000, 8.223656086925426173E-16, 21.00000000000000000 ) ) ;
#2958 = VERTEX_POINT ( 'NONE', #2365 ) ;
#2959 = ORIENTED_EDGE ( 'NONE', *, *, #113, .F. ) ;
#2960 = CARTESIAN_POINT ( 'NONE',  ( -11.95000000000000107, 0.7500000000000000000, 24.78130461211380009 ) ) ;
#2961 = CARTESIAN_POINT ( 'NONE',  ( -5.859999999999999432, -13.40000000000001279, 3.000000000000000000 ) ) ;
#2962 = ORIENTED_EDGE ( 'NONE', *, *, #5425, .F. ) ;
#2963 = CARTESIAN_POINT ( 'NONE',  ( 4.999999999999996447, 22.44994432064364887, 16.49999999999999289 ) ) ;
#2964 = CARTESIAN_POINT ( 'NONE',  ( 6.604487272054069713, -13.39999999999999858, -0.2000000000000000111 ) ) ;
#2965 = ADVANCED_FACE ( 'NONE', ( #4571 ), #4200, .F. ) ;
#2966 = ADVANCED_FACE ( 'NONE', ( #2017 ), #2874, .F. ) ;
#2967 = CARTESIAN_POINT ( 'NONE',  ( -9.799999999999998934, 4.250000000000000000, 33.00000000000000000 ) ) ;
#2968 = ADVANCED_FACE ( 'NONE', ( #3640 ), #1598, .F. ) ;
#2969 = ORIENTED_EDGE ( 'NONE', *, *, #541, .T. ) ;
#2970 = DIRECTION ( 'NONE',  ( 1.000000000000000000, 0.000000000000000000, 0.000000000000000000 ) ) ;
#2971 = EDGE_CURVE ( 'NONE', #1695, #1173, #4807, .T. ) ;
#2972 = LINE ( 'NONE', #303, #3119 ) ;
#2973 = CARTESIAN_POINT ( 'NONE',  ( 5.000000000000001776, -18.43393609623295148, 17.00000000000000000 ) ) ;
#2974 = DIRECTION ( 'NONE',  ( 1.000000000000000000, 0.000000000000000000, 0.000000000000000000 ) ) ;
#2975 = DIRECTION ( 'NONE',  ( 1.000000000000000000, 0.000000000000000000, 0.000000000000000000 ) ) ;
#2976 = ORIENTED_EDGE ( 'NONE', *, *, #3073, .F. ) ;
#2977 = VERTEX_POINT ( 'NONE', #5556 ) ;
#2978 = CARTESIAN_POINT ( 'NONE',  ( -23.00000000000000000, 0.000000000000000000, 10.49999999999999112 ) ) ;
#2979 = CARTESIAN_POINT ( 'NONE',  ( 0.000000000000000000, 0.000000000000000000, 25.00000000000000000 ) ) ;
#2980 = VERTEX_POINT ( 'NONE', #5070 ) ;
#2981 = VERTEX_POINT ( 'NONE', #361 ) ;
#2982 = ORIENTED_EDGE ( 'NONE', *, *, #283, .T. ) ;
#2983 = DIRECTION ( 'NONE',  ( 0.000000000000000000, 1.000000000000000000, 0.000000000000000000 ) ) ;
#2984 = DIRECTION ( 'NONE',  ( -1.000000000000000000, 0.000000000000000000, 0.000000000000000000 ) ) ;
#2985 = DIRECTION ( 'NONE',  ( 1.000000000000000000, -7.885106708985490266E-17, 0.000000000000000000 ) ) ;
#2986 = EDGE_LOOP ( 'NONE', ( #337, #980, #3787, #4488, #1706, #766, #1036, #137, #2891, #3226, #4034, #1328 ) ) ;
#2987 = CARTESIAN_POINT ( 'NONE',  ( -1.592040838891560328E-16, -8.899999999999998579, -1.000000000000000000 ) ) ;
#2988 = DIRECTION ( 'NONE',  ( 1.000000000000000000, 0.000000000000000000, 0.000000000000000000 ) ) ;
#2989 = EDGE_CURVE ( 'NONE', #1252, #2062, #391, .T. ) ;
#2990 = DIRECTION ( 'NONE',  ( 1.000000000000000000, 0.000000000000000000, 0.000000000000000000 ) ) ;
#2991 = ORIENTED_EDGE ( 'NONE', *, *, #3047, .T. ) ;
#2992 = DIRECTION ( 'NONE',  ( -0.000000000000000000, -0.000000000000000000, -1.000000000000000000 ) ) ;
#2993 = ORIENTED_EDGE ( 'NONE', *, *, #3834, .T. ) ;
#2994 = AXIS2_PLACEMENT_3D ( 'NONE', #2113, #3852, #5082 ) ;
#2995 = EDGE_CURVE ( 'NONE', #3283, #896, #2639, .T. ) ;
#2996 = CARTESIAN_POINT ( 'NONE',  ( -5.859999999999999432, -13.40000000000001279, 6.000000000000000000 ) ) ;
#2997 = FACE_OUTER_BOUND ( 'NONE', #711, .T. ) ;
#2998 = DIRECTION ( 'NONE',  ( 0.000000000000000000, 0.000000000000000000, -1.000000000000000000 ) ) ;
#2999 = EDGE_CURVE ( 'NONE', #3523, #1848, #1312, .T. ) ;
#3000 = ORIENTED_EDGE ( 'NONE', *, *, #3939, .F. ) ;
#3001 = ORIENTED_EDGE ( 'NONE', *, *, #5183, .T. ) ;
#3002 = CARTESIAN_POINT ( 'NONE',  ( -13.10869565217391219, -17.00000000000000000, 1.406512412935411849 ) ) ;
#3003 = CARTESIAN_POINT ( 'NONE',  ( 11.50000000000000000, 12.75000000000000000, 28.00000000000000000 ) ) ;
#3004 = EDGE_CURVE ( 'NONE', #3657, #4853, #1732, .T. ) ;
#3005 = DIRECTION ( 'NONE',  ( 0.000000000000000000, -1.000000000000000000, 0.000000000000000000 ) ) ;
#3006 = EDGE_CURVE ( 'NONE', #2842, #1827, #4683, .T. ) ;
#3007 = ORIENTED_EDGE ( 'NONE', *, *, #2830, .F. ) ;
#3008 = UNCERTAINTY_MEASURE_WITH_UNIT (LENGTH_MEASURE( 1.000000000000000082E-05 ), #3795, 'distance_accuracy_value', 'NONE');
#3009 = VERTEX_POINT ( 'NONE', #3832 ) ;
#3010 = DIRECTION ( 'NONE',  ( 0.000000000000000000, 0.000000000000000000, -1.000000000000000000 ) ) ;
#3011 = CARTESIAN_POINT ( 'NONE',  ( 33.50000000000000000, 5.500000000000000000, 6.000000000000000000 ) ) ;
#3012 = FACE_BOUND ( 'NONE', #765, .T. ) ;
#3013 = ORIENTED_EDGE ( 'NONE', *, *, #1578, .F. ) ;
#3014 = CIRCLE ( 'NONE', #3654, 1.750000000000001554 ) ;
#3015 = VECTOR ( 'NONE', #488, 1000.000000000000000 ) ;
#3016 = VECTOR ( 'NONE', #3983, 1000.000000000000000 ) ;
#3017 = B_SPLINE_CURVE_WITH_KNOTS ( 'NONE', 3,
 ( #508, #4333, #1870, #557 ),
 .UNSPECIFIED., .F., .F.,
 ( 4, 4 ),
 ( 0.000000000000000000, 0.0007130620058688211466 ),
 .UNSPECIFIED. ) ;
#3018 = DIRECTION ( 'NONE',  ( 0.000000000000000000, 1.000000000000000000, 0.000000000000000000 ) ) ;
#3019 = CARTESIAN_POINT ( 'NONE',  ( -6.735557395310453610E-17, -8.899999999999998579, 0.5000000000000000000 ) ) ;
#3020 = VECTOR ( 'NONE', #1875, 1000.000000000000000 ) ;
#3021 = CIRCLE ( 'NONE', #3842, 23.00000000000000000 ) ;
#3022 = VECTOR ( 'NONE', #3331, 1000.000000000000000 ) ;
#3023 = CARTESIAN_POINT ( 'NONE',  ( -14.50000000000001066, 0.000000000000000000, 17.00000000000000000 ) ) ;
#3024 = ORIENTED_EDGE ( 'NONE', *, *, #2668, .T. ) ;
#3025 = CARTESIAN_POINT ( 'NONE',  ( 13.49999999999999645, -15.55988431833605290, 25.00000000000000000 ) ) ;
#3026 = CIRCLE ( 'NONE', #4564, 5.000000000000000000 ) ;
#3027 = CARTESIAN_POINT ( 'NONE',  ( -3.499999999999999112, -20.20000000000000284, 15.49999999999998579 ) ) ;
#3028 = DIRECTION ( 'NONE',  ( 1.000000000000000000, 0.000000000000000000, 0.000000000000000000 ) ) ;
#3029 = DIRECTION ( 'NONE',  ( -0.000000000000000000, -0.000000000000000000, 1.000000000000000000 ) ) ;
#3030 = DIRECTION ( 'NONE',  ( 0.000000000000000000, 0.000000000000000000, 1.000000000000000000 ) ) ;
#3031 = AXIS2_PLACEMENT_3D ( 'NONE', #1287, #1877, #2165 ) ;
#3032 = VECTOR ( 'NONE', #1603, 1000.000000000000000 ) ;
#3033 = ORIENTED_EDGE ( 'NONE', *, *, #1690, .T. ) ;
#3034 = ORIENTED_EDGE ( 'NONE', *, *, #2006, .F. ) ;
#3035 = DIRECTION ( 'NONE',  ( 1.000000000000000000, 0.000000000000000000, 0.000000000000000000 ) ) ;
#3036 = EDGE_CURVE ( 'NONE', #4884, #3270, #863, .T. ) ;
#3037 = AXIS2_PLACEMENT_3D ( 'NONE', #1784, #2265, #4867 ) ;
#3038 = LINE ( 'NONE', #1338, #2207 ) ;
#3039 = ADVANCED_FACE ( 'NONE', ( #5182 ), #1280, .F. ) ;
#3040 = VECTOR ( 'NONE', #1367, 999.9999999999998863 ) ;
#3041 = CARTESIAN_POINT ( 'NONE',  ( -7.400000000000000355, -13.39999999999999858, -0.2000000000000025091 ) ) ;
#3042 = ORIENTED_EDGE ( 'NONE', *, *, #5459, .F. ) ;
#3043 = EDGE_CURVE ( 'NONE', #1988, #5066, #3781, .T. ) ;
#3044 = VERTEX_POINT ( 'NONE', #3378 ) ;
#3045 = ORIENTED_EDGE ( 'NONE', *, *, #292, .T. ) ;
#3046 = CARTESIAN_POINT ( 'NONE',  ( 11.50000000000000000, -7.750000000000000000, 3.250000000000000000 ) ) ;
#3047 = EDGE_CURVE ( 'NONE', #3959, #4445, #5099, .T. ) ;
#3048 = PLANE ( 'NONE',  #2490 ) ;
#3049 = CARTESIAN_POINT ( 'NONE',  ( -3.499999999999999112, -19.28496823953828709, 25.00000000000000000 ) ) ;
#3050 = ORIENTED_EDGE ( 'NONE', *, *, #3737, .F. ) ;
#3051 = DIRECTION ( 'NONE',  ( 0.000000000000000000, 0.000000000000000000, 1.000000000000000000 ) ) ;
#3052 = CARTESIAN_POINT ( 'NONE',  ( -6.478435652084960417, 3.950000000000000178, 30.00000000000000000 ) ) ;
#3053 = CARTESIAN_POINT ( 'NONE',  ( 14.99999999999999822, -15.55988431833605112, 20.99999999999999645 ) ) ;
#3054 = EDGE_LOOP ( 'NONE', ( #5440, #5330, #1555, #2009 ) ) ;
#3055 = DIRECTION ( 'NONE',  ( -7.885106708985490266E-17, -1.000000000000000000, 0.000000000000000000 ) ) ;
#3056 = DIRECTION ( 'NONE',  ( 0.000000000000000000, -1.000000000000000000, 0.000000000000000000 ) ) ;
#3057 = DIRECTION ( 'NONE',  ( 0.000000000000000000, 0.000000000000000000, -1.000000000000000000 ) ) ;
#3058 = DIRECTION ( 'NONE',  ( 0.000000000000000000, 0.000000000000000000, -1.000000000000000000 ) ) ;
#3059 = LINE ( 'NONE', #16, #1212 ) ;
#3060 = EDGE_LOOP ( 'NONE', ( #3170, #1491 ) ) ;
#3061 = ORIENTED_EDGE ( 'NONE', *, *, #1268, .F. ) ;
#3062 = DIRECTION ( 'NONE',  ( 0.6735623210795507187, -0.000000000000000000, 0.7391304347826087584 ) ) ;
#3063 = CARTESIAN_POINT ( 'NONE',  ( 13.50000000000000000, -16.99999999999999645, 0.000000000000000000 ) ) ;
#3064 = CARTESIAN_POINT ( 'NONE',  ( 11.50000000000000000, -4.250000000000000000, 28.00000000000000000 ) ) ;
#3065 = VERTEX_POINT ( 'NONE', #3441 ) ;
#3066 = EDGE_CURVE ( 'NONE', #4286, #3670, #1230, .T. ) ;
#3067 = VERTEX_POINT ( 'NONE', #4313 ) ;
#3068 = ORIENTED_EDGE ( 'NONE', *, *, #1029, .T. ) ;
#3069 = DIRECTION ( 'NONE',  ( -0.6371620289784508673, 0.7071067811865481278, -0.3066342264458798983 ) ) ;
#3070 = CARTESIAN_POINT ( 'NONE',  ( 7.021564347915039583, 1.149999999999999911, 30.00000000000000000 ) ) ;
#3071 = EDGE_LOOP ( 'NONE', ( #1423, #451, #1269, #1422, #3264, #4210, #2250, #2052, #4386, #2448, #1019, #3266, #3854, #455, #4156, #817, #1193, #1168 ) ) ;
#3072 = VERTEX_POINT ( 'NONE', #426 ) ;
#3073 = EDGE_CURVE ( 'NONE', #435, #1695, #5607, .T. ) ;
#3074 = EDGE_CURVE ( 'NONE', #4539, #5298, #43, .T. ) ;
#3075 = VERTEX_POINT ( 'NONE', #828 ) ;
#3076 = DIRECTION ( 'NONE',  ( 0.000000000000000000, -1.000000000000000000, 0.000000000000000000 ) ) ;
#3077 = CARTESIAN_POINT ( 'NONE',  ( 3.500000000000000888, 20.19999999999999574, 24.00000000000001421 ) ) ;
#3078 = DIRECTION ( 'NONE',  ( 0.000000000000000000, 1.000000000000000000, 0.000000000000000000 ) ) ;
#3079 = ADVANCED_BREP_SHAPE_REPRESENTATION ( '', ( #412, #4649 ), #1306 ) ;
#3080 = ADVANCED_FACE ( 'NONE', ( #4338 ), #2547, .F. ) ;
#3081 = DIRECTION ( 'NONE',  ( -7.885106708985490266E-17, -1.000000000000000000, 0.000000000000000000 ) ) ;
#3082 = ORIENTED_EDGE ( 'NONE', *, *, #3285, .F. ) ;
#3083 = CARTESIAN_POINT ( 'NONE',  ( 0.000000000000000000, -5.500000000000000000, 0.000000000000000000 ) ) ;
#3084 = CARTESIAN_POINT ( 'NONE',  ( -7.400000000000000355, -13.89999999999999858, -0.2000000000000025091 ) ) ;
#3085 = CARTESIAN_POINT ( 'NONE',  ( 7.321564347915040294, 1.449999999999999956, 30.00000000000000000 ) ) ;
#3086 = CARTESIAN_POINT ( 'NONE',  ( 7.021564347915039583, 1.449999999999999956, 30.00000000000000000 ) ) ;
#3087 = CARTESIAN_POINT ( 'NONE',  ( 14.99999999999999822, -15.55988431833605112, 24.50000000000000000 ) ) ;
#3088 = ORIENTED_EDGE ( 'NONE', *, *, #398, .F. ) ;
#3089 = AXIS2_PLACEMENT_3D ( 'NONE', #3144, #4435, #884 ) ;
#3090 = ORIENTED_EDGE ( 'NONE', *, *, #2275, .T. ) ;
#3091 = FACE_OUTER_BOUND ( 'NONE', #2664, .T. ) ;
#3092 = CARTESIAN_POINT ( 'NONE',  ( 0.000000000000000000, 0.000000000000000000, 16.50000000000001066 ) ) ;
#3093 = LINE ( 'NONE', #4818, #3677 ) ;
#3094 = ORIENTED_EDGE ( 'NONE', *, *, #2489, .F. ) ;
#3095 = ORIENTED_EDGE ( 'NONE', *, *, #1925, .T. ) ;
#3096 = CARTESIAN_POINT ( 'NONE',  ( 14.99999999999999645, 16.73320053068151125, 24.50000000000000000 ) ) ;
#3097 = DIRECTION ( 'NONE',  ( 0.000000000000000000, 0.000000000000000000, 1.000000000000000000 ) ) ;
#3098 = EDGE_LOOP ( 'NONE', ( #3988, #5177, #3748, #1745, #3307 ) ) ;
#3099 = ADVANCED_FACE ( 'NONE', ( #999 ), #4421, .T. ) ;
#3100 = PLANE ( 'NONE',  #2391 ) ;
#3101 = DIRECTION ( 'NONE',  ( -0.5234181058748001991, -0.8520759863078153362, 0.000000000000000000 ) ) ;
#3102 = AXIS2_PLACEMENT_3D ( 'NONE', #2287, #2769, #987 ) ;
#3103 = EDGE_CURVE ( 'NONE', #1085, #5061, #5266, .T. ) ;
#3104 = EDGE_CURVE ( 'NONE', #569, #5108, #3552, .T. ) ;
#3105 = PLANE ( 'NONE',  #2753 ) ;
#3106 = CARTESIAN_POINT ( 'NONE',  ( 7.500000000000000000, -5.500000000000000000, 6.000000000000000000 ) ) ;
#3107 = VECTOR ( 'NONE', #1031, 1000.000000000000114 ) ;
#3108 = CIRCLE ( 'NONE', #581, 0.9999999999999956701 ) ;
#3109 = CARTESIAN_POINT ( 'NONE',  ( 0.000000000000000000, 19.69999999999999929, 15.00000000000000178 ) ) ;
#3110 = CARTESIAN_POINT ( 'NONE',  ( -10.73213150326322030, -5.500000000000000000, 6.000000000000000000 ) ) ;
#3111 = ADVANCED_FACE ( 'NONE', ( #539, #2248 ), #3993, .F. ) ;
#3112 = VECTOR ( 'NONE', #2130, 1000.000000000000000 ) ;
#3113 = VECTOR ( 'NONE', #1837, 1000.000000000000000 ) ;
#3114 = DIRECTION ( 'NONE',  ( 0.000000000000000000, 0.000000000000000000, 1.000000000000000000 ) ) ;
#3115 = CIRCLE ( 'NONE', #2749, 1.499999999999999556 ) ;
#3116 = CARTESIAN_POINT ( 'NONE',  ( 7.291612123339699991, 1.580668278431285101, 30.00000000000000000 ) ) ;
#3117 = DIRECTION ( 'NONE',  ( -1.000000000000000000, 0.000000000000000000, 0.000000000000000000 ) ) ;
#3118 = ORIENTED_EDGE ( 'NONE', *, *, #2516, .T. ) ;
#3119 = VECTOR ( 'NONE', #1248, 1000.000000000000000 ) ;
#3120 = AXIS2_PLACEMENT_3D ( 'NONE', #2816, #5314, #4889 ) ;
#3121 = ORIENTED_EDGE ( 'NONE', *, *, #4356, .F. ) ;
#3122 = CARTESIAN_POINT ( 'NONE',  ( 12.00000000000000000, -5.500000000000000000, 0.3961689313160968728 ) ) ;
#3123 = PLANE ( 'NONE',  #4289 ) ;
#3124 = FACE_OUTER_BOUND ( 'NONE', #2337, .T. ) ;
#3125 = AXIS2_PLACEMENT_3D ( 'NONE', #3052, #1379, #1778 ) ;
#3126 = CIRCLE ( 'NONE', #4299, 0.2999999999999999334 ) ;
#3127 = ORIENTED_EDGE ( 'NONE', *, *, #5517, .F. ) ;
#3128 = AXIS2_PLACEMENT_3D ( 'NONE', #2013, #2361, #2890 ) ;
#3129 = ORIENTED_EDGE ( 'NONE', *, *, #61, .T. ) ;
#3130 = CIRCLE ( 'NONE', #4755, 1.499999999999999556 ) ;
#3131 = DIRECTION ( 'NONE',  ( -1.000000000000000000, 0.000000000000000000, 0.000000000000000000 ) ) ;
#3132 = DIRECTION ( 'NONE',  ( 0.5734623443633282136, 0.000000000000000000, 0.8192319205190404796 ) ) ;
#3133 =( REPRESENTATION_RELATIONSHIP ('NONE','NONE', #4630, #5239 ) REPRESENTATION_RELATIONSHIP_WITH_TRANSFORMATION ( #794 )SHAPE_REPRESENTATION_RELATIONSHIP( ) );
#3134 = VECTOR ( 'NONE', #5147, 1000.000000000000000 ) ;
#3135 = ORIENTED_EDGE ( 'NONE', *, *, #973, .T. ) ;
#3136 = DIRECTION ( 'NONE',  ( -1.000000000000000000, 0.000000000000000000, 0.000000000000000000 ) ) ;
#3137 = DIRECTION ( 'NONE',  ( 0.000000000000000000, 0.000000000000000000, -1.000000000000000000 ) ) ;
#3138 = DIRECTION ( 'NONE',  ( 1.000000000000000000, 0.000000000000000000, 0.000000000000000000 ) ) ;
#3139 = CARTESIAN_POINT ( 'NONE',  ( 6.116558325497079451, 22.17256162386216545, 20.96313573658396479 ) ) ;
#3140 = EDGE_CURVE ( 'NONE', #298, #4993, #136, .T. ) ;
#3141 = EDGE_CURVE ( 'NONE', #5470, #5476, #4442, .T. ) ;
#3142 = CARTESIAN_POINT ( 'NONE',  ( 14.44186046511627808, -17.90063312584534216, 24.49999999999999289 ) ) ;
#3143 = DIRECTION ( 'NONE',  ( 0.000000000000000000, 1.000000000000000000, 0.000000000000000000 ) ) ;
#3144 = CARTESIAN_POINT ( 'NONE',  ( 20.50000000000000000, -16.99999999999999645, 8.142135623730929694 ) ) ;
#3145 = DIRECTION ( 'NONE',  ( 0.8520759863078154472, 0.5234181058748001991, 0.000000000000000000 ) ) ;
#3146 = EDGE_CURVE ( 'NONE', #3249, #4782, #1818, .T. ) ;
#3147 = DIRECTION ( 'NONE',  ( 0.000000000000000000, 1.000000000000000000, 0.000000000000000000 ) ) ;
#3148 = EDGE_CURVE ( 'NONE', #2674, #5386, #3175, .T. ) ;
#3149 = ORIENTED_EDGE ( 'NONE', *, *, #1861, .F. ) ;
#3150 = EDGE_LOOP ( 'NONE', ( #189, #4168 ) ) ;
#3151 = DIRECTION ( 'NONE',  ( 0.4336462817275460457, 0.000000000000000000, 0.9010831828104849395 ) ) ;
#3152 = CARTESIAN_POINT ( 'NONE',  ( 11.19534881331188814, 1.978501931817854276, 1.675798190074681004 ) ) ;
#3153 = DIRECTION ( 'NONE',  ( 0.000000000000000000, 0.000000000000000000, 1.000000000000000000 ) ) ;
#3154 = CARTESIAN_POINT ( 'NONE',  ( -11.50000000000000000, -4.250000000000000000, 29.75000000000000000 ) ) ;
#3155 = ORIENTED_EDGE ( 'NONE', *, *, #2345, .T. ) ;
#3156 = ORIENTED_EDGE ( 'NONE', *, *, #5282, .F. ) ;
#3157 = CARTESIAN_POINT ( 'NONE',  ( 5.859999999999999432, -13.39999999999999858, 3.000000000000000000 ) ) ;
#3158 = CARTESIAN_POINT ( 'NONE',  ( -3.499999999999999112, 4.800975586542213236, -1.000975586542041773 ) ) ;
#3159 = ORIENTED_EDGE ( 'NONE', *, *, #3769, .T. ) ;
#3160 = FACE_OUTER_BOUND ( 'NONE', #3329, .T. ) ;
#3161 = LINE ( 'NONE', #5337, #4920 ) ;
#3162 = CARTESIAN_POINT ( 'NONE',  ( -3.332847496575207735, -18.63770715197611949, 15.33284749657520152 ) ) ;
#3163 = CARTESIAN_POINT ( 'NONE',  ( 12.00000000000000000, -16.99999999999999645, 0.000000000000000000 ) ) ;
#3164 = LINE ( 'NONE', #4862, #3382 ) ;
#3165 = CARTESIAN_POINT ( 'NONE',  ( 14.99999999999999645, 23.43538973435889616, 20.99999999999999645 ) ) ;
#3166 = CARTESIAN_POINT ( 'NONE',  ( -11.95000000000000107, 0.7500000000000000000, 1.781304612113784991 ) ) ;
#3167 = ADVANCED_FACE ( 'NONE', ( #3124 ), #4875, .F. ) ;
#3168 = DIRECTION ( 'NONE',  ( 1.000000000000000000, 0.000000000000000000, 0.000000000000000000 ) ) ;
#3169 = SURFACE_STYLE_USAGE ( .BOTH. , #1920 ) ;
#3170 = ORIENTED_EDGE ( 'NONE', *, *, #4900, .T. ) ;
#3171 = ORIENTED_EDGE ( 'NONE', *, *, #5217, .F. ) ;
#3172 = EDGE_CURVE ( 'NONE', #1623, #331, #3497, .T. ) ;
#3173 = DIRECTION ( 'NONE',  ( -0.000000000000000000, 1.000000000000000000, -0.000000000000000000 ) ) ;
#3174 = CARTESIAN_POINT ( 'NONE',  ( -12.00000000000000000, 0.7500000000000000000, 0.000000000000000000 ) ) ;
#3175 = LINE ( 'NONE', #1395, #4213 ) ;
#3176 = EDGE_CURVE ( 'NONE', #3536, #4186, #2187, .T. ) ;
#3177 = ORIENTED_EDGE ( 'NONE', *, *, #4146, .F. ) ;
#3178 = EDGE_CURVE ( 'NONE', #4539, #1957, #4401, .T. ) ;
#3179 = CARTESIAN_POINT ( 'NONE',  ( 0.000000000000000000, 0.000000000000000000, 24.49999999999999289 ) ) ;
#3180 = TOROIDAL_SURFACE ( 'NONE', #3089, 11.50000000000000000, 1.500000000000000000 ) ;
#3181 = VERTEX_POINT ( 'NONE', #978 ) ;
#3182 = ORIENTED_EDGE ( 'NONE', *, *, #2479, .F. ) ;
#3183 = LINE ( 'NONE', #4368, #1293 ) ;
#3184 = LINE ( 'NONE', #1089, #2407 ) ;
#3185 = EDGE_CURVE ( 'NONE', #5419, #624, #3609, .T. ) ;
#3186 = ORIENTED_EDGE ( 'NONE', *, *, #2061, .T. ) ;
#3187 = VERTEX_POINT ( 'NONE', #1023 ) ;
#3188 = EDGE_LOOP ( 'NONE', ( #5388, #578, #2381 ) ) ;
#3189 = CARTESIAN_POINT ( 'NONE',  ( -13.50000000000000000, 16.99999999999999645, 0.000000000000000000 ) ) ;
#3190 = DIRECTION ( 'NONE',  ( 0.000000000000000000, 0.000000000000000000, 1.000000000000000000 ) ) ;
#3191 = DIRECTION ( 'NONE',  ( 0.000000000000000000, 0.000000000000000000, -1.000000000000000000 ) ) ;
#3192 = CARTESIAN_POINT ( 'NONE',  ( -9.000000000000001776, 19.49999999999999289, 10.00000000000000000 ) ) ;
#3193 = CONICAL_SURFACE ( 'NONE', #1926, 18.60000000000000497, 0.7853981633974587151 ) ;
#3194 = DIRECTION ( 'NONE',  ( 7.885106708985490266E-17, 1.000000000000000000, 0.000000000000000000 ) ) ;
#3195 = FACE_OUTER_BOUND ( 'NONE', #2787, .T. ) ;
#3196 = DIRECTION ( 'NONE',  ( 0.000000000000000000, 0.000000000000000000, -1.000000000000000000 ) ) ;
#3197 = CARTESIAN_POINT ( 'NONE',  ( -9.799999999999998934, 4.250000000000000000, 7.769927796892919680 ) ) ;
#3198 =( NAMED_UNIT ( * ) PLANE_ANGLE_UNIT ( ) SI_UNIT ( $, .RADIAN. ) );
#3199 = CIRCLE ( 'NONE', #111, 0.5000000000000000000 ) ;
#3200 = AXIS2_PLACEMENT_3D ( 'NONE', #2022, #5479, #3272 ) ;
#3201 = CIRCLE ( 'NONE', #202, 15.50000000000000000 ) ;
#3202 = ORIENTED_EDGE ( 'NONE', *, *, #922, .F. ) ;
#3203 = VERTEX_POINT ( 'NONE', #2746 ) ;
#3204 = CIRCLE ( 'NONE', #5460, 19.10000000000000142 ) ;
#3205 = CARTESIAN_POINT ( 'NONE',  ( -9.000000000000001776, -18.50000000000000000, 9.000000000000000000 ) ) ;
#3206 = VECTOR ( 'NONE', #3544, 1000.000000000000000 ) ;
#3207 = CARTESIAN_POINT ( 'NONE',  ( -7.321564347915050064, 1.449999999999999956, 30.00000000000000000 ) ) ;
#3208 = CARTESIAN_POINT ( 'NONE',  ( 11.50000000000000000, 0.7500000000000000000, 5.000000000000000000 ) ) ;
#3209 = ORIENTED_EDGE ( 'NONE', *, *, #5526, .F. ) ;
#3210 = DIRECTION ( 'NONE',  ( 0.000000000000000000, 0.000000000000000000, 1.000000000000000000 ) ) ;
#3211 = AXIS2_PLACEMENT_3D ( 'NONE', #3622, #1439, #4465 ) ;
#3212 = AXIS2_PLACEMENT_3D ( 'NONE', #3987, #886, #3117 ) ;
#3213 = AXIS2_PLACEMENT_3D ( 'NONE', #2476, #4732, #5240 ) ;
#3214 = ORIENTED_EDGE ( 'NONE', *, *, #2989, .T. ) ;
#3215 = ADVANCED_FACE ( 'NONE', ( #3913 ), #1763, .F. ) ;
#3216 = EDGE_CURVE ( 'NONE', #5386, #4443, #59, .T. ) ;
#3217 = VERTEX_POINT ( 'NONE', #5242 ) ;
#3218 = AXIS2_PLACEMENT_3D ( 'NONE', #1263, #3768, #2988 ) ;
#3219 = DIRECTION ( 'NONE',  ( 0.000000000000000000, -1.000000000000000000, 0.000000000000000000 ) ) ;
#3220 = AXIS2_PLACEMENT_3D ( 'NONE', #278, #693, #4599 ) ;
#3221 = CARTESIAN_POINT ( 'NONE',  ( 6.120821577110995726, -18.09367880340191448, 20.96411432191135660 ) ) ;
#3222 = EDGE_LOOP ( 'NONE', ( #3325, #276, #630, #3474 ) ) ;
#3223 = ORIENTED_EDGE ( 'NONE', *, *, #1963, .T. ) ;
#3224 = VECTOR ( 'NONE', #5040, 1000.000000000000000 ) ;
#3225 = EDGE_CURVE ( 'NONE', #4153, #1559, #3093, .T. ) ;
#3226 = ORIENTED_EDGE ( 'NONE', *, *, #3771, .T. ) ;
#3227 = CARTESIAN_POINT ( 'NONE',  ( -3.499999999999999112, 19.28496823953828354, 25.00000000000000000 ) ) ;
#3228 = DIRECTION ( 'NONE',  ( -2.312964634635742661E-15, 0.000000000000000000, 1.000000000000000000 ) ) ;
#3229 = CIRCLE ( 'NONE', #1773, 5.000000000000000000 ) ;
#3230 = CARTESIAN_POINT ( 'NONE',  ( -12.00000000000000000, 16.99999999999999645, 0.9999999999999701350 ) ) ;
#3231 = DIRECTION ( 'NONE',  ( 0.000000000000000000, 0.000000000000000000, 1.000000000000000000 ) ) ;
#3232 = CARTESIAN_POINT ( 'NONE',  ( 8.250000000000000000, -2.250000000000000000, 28.00000000000000000 ) ) ;
#3233 = DIRECTION ( 'NONE',  ( 0.000000000000000000, -0.000000000000000000, 1.000000000000000000 ) ) ;
#3234 = DIRECTION ( 'NONE',  ( -1.000000000000000000, -1.000802005371235004E-16, 0.000000000000000000 ) ) ;
#3235 = DIRECTION ( 'NONE',  ( 0.000000000000000000, 1.000000000000000000, 0.000000000000000000 ) ) ;
#3236 = DIRECTION ( 'NONE',  ( 1.000000000000000000, 0.000000000000000000, 0.000000000000000000 ) ) ;
#3237 = VERTEX_POINT ( 'NONE', #2419 ) ;
#3238 = ORIENTED_EDGE ( 'NONE', *, *, #4696, .T. ) ;
#3239 = FACE_OUTER_BOUND ( 'NONE', #3923, .T. ) ;
#3240 = DIRECTION ( 'NONE',  ( 4.081702296416015011E-16, -1.000000000000000000, 0.000000000000000000 ) ) ;
#3241 = CARTESIAN_POINT ( 'NONE',  ( 0.000000000000000000, 0.000000000000000000, 24.49999999999999289 ) ) ;
#3242 = ORIENTED_EDGE ( 'NONE', *, *, #5106, .F. ) ;
#3243 = ORIENTED_EDGE ( 'NONE', *, *, #2314, .F. ) ;
#3244 = VERTEX_POINT ( 'NONE', #3664 ) ;
#3245 = CARTESIAN_POINT ( 'NONE',  ( -11.95000000000000107, 0.7500000000000000000, 1.781304612113784991 ) ) ;
#3246 = CARTESIAN_POINT ( 'NONE',  ( -8.250000000000000000, -2.250000000000000000, 28.00000000000000000 ) ) ;
#3247 = EDGE_CURVE ( 'NONE', #1719, #995, #5113, .T. ) ;
#3248 = ORIENTED_EDGE ( 'NONE', *, *, #4695, .F. ) ;
#3249 = VERTEX_POINT ( 'NONE', #3718 ) ;
#3250 = CARTESIAN_POINT ( 'NONE',  ( 5.860000000000002984, -13.40000000000000924, 2.999999999999968914 ) ) ;
#3251 = LINE ( 'NONE', #1997, #1939 ) ;
#3252 = EDGE_CURVE ( 'NONE', #1534, #635, #1532, .T. ) ;
#3253 = PLANE ( 'NONE',  #774 ) ;
#3254 = EDGE_CURVE ( 'NONE', #3508, #4473, #2827, .T. ) ;
#3255 = CARTESIAN_POINT ( 'NONE',  ( 4.999999999999997335, 22.44994432064364176, 19.70164311308695204 ) ) ;
#3256 = DIRECTION ( 'NONE',  ( 0.000000000000000000, 0.000000000000000000, 1.000000000000000000 ) ) ;
#3257 = DIRECTION ( 'NONE',  ( -0.000000000000000000, 1.000000000000000000, 0.000000000000000000 ) ) ;
#3258 = DIRECTION ( 'NONE',  ( 1.000000000000000000, 0.000000000000000000, 0.000000000000000000 ) ) ;
#3259 = ORIENTED_EDGE ( 'NONE', *, *, #3939, .T. ) ;
#3260 = ORIENTED_EDGE ( 'NONE', *, *, #3681, .T. ) ;
#3261 = DIRECTION ( 'NONE',  ( 0.000000000000000000, 0.000000000000000000, 1.000000000000000000 ) ) ;
#3262 = DIRECTION ( 'NONE',  ( -0.000000000000000000, -0.000000000000000000, 1.000000000000000000 ) ) ;
#3263 = LINE ( 'NONE', #4117, #4477 ) ;
#3264 = ORIENTED_EDGE ( 'NONE', *, *, #4693, .T. ) ;
#3265 = ORIENTED_EDGE ( 'NONE', *, *, #2657, .F. ) ;
#3266 = ORIENTED_EDGE ( 'NONE', *, *, #3564, .T. ) ;
#3267 = DIRECTION ( 'NONE',  ( 0.000000000000000000, 0.000000000000000000, -1.000000000000000000 ) ) ;
#3268 = VECTOR ( 'NONE', #100, 1000.000000000000000 ) ;
#3269 = CARTESIAN_POINT ( 'NONE',  ( -9.000000000000001776, 18.50000000000000000, 9.000000000000000000 ) ) ;
#3270 = VERTEX_POINT ( 'NONE', #2865 ) ;
#3271 = ORIENTED_EDGE ( 'NONE', *, *, #1275, .T. ) ;
#3272 = DIRECTION ( 'NONE',  ( 0.000000000000000000, 0.000000000000000000, -1.000000000000000000 ) ) ;
#3273 = DIRECTION ( 'NONE',  ( -1.000000000000000000, 0.000000000000000000, -1.849736814544524620E-16 ) ) ;
#3274 = ORIENTED_EDGE ( 'NONE', *, *, #966, .T. ) ;
#3275 = CARTESIAN_POINT ( 'NONE',  ( -15.00000000000000000, 0.000000000000000000, 15.50000000000001243 ) ) ;
#3276 = EDGE_CURVE ( 'NONE', #19, #1471, #5382, .T. ) ;
#3277 = FACE_OUTER_BOUND ( 'NONE', #750, .T. ) ;
#3278 = ADVANCED_FACE ( 'NONE', ( #1164 ), #4165, .T. ) ;
#3279 = LINE ( 'NONE', #2884, #4012 ) ;
#3280 = EDGE_CURVE ( 'NONE', #1600, #2330, #3694, .T. ) ;
#3281 = FACE_BOUND ( 'NONE', #5586, .T. ) ;
#3282 = LINE ( 'NONE', #705, #3953 ) ;
#3283 = VERTEX_POINT ( 'NONE', #4592 ) ;
#3284 = EDGE_LOOP ( 'NONE', ( #5490, #2580, #3533, #1508, #5441, #4912, #1389 ) ) ;
#3285 = EDGE_CURVE ( 'NONE', #3391, #1173, #225, .T. ) ;
#3286 = CARTESIAN_POINT ( 'NONE',  ( -3.000000000000002220, 18.35647024893403412, 15.00000000000000178 ) ) ;
#3287 = CIRCLE ( 'NONE', #5268, 19.10000000000000142 ) ;
#3288 = CARTESIAN_POINT ( 'NONE',  ( 12.00000000000000000, 4.898042755699219985E-15, 0.000000000000000000 ) ) ;
#3289 = DIRECTION ( 'NONE',  ( 0.000000000000000000, 1.000000000000000000, 0.000000000000000000 ) ) ;
#3290 = VERTEX_POINT ( 'NONE', #4531 ) ;
#3291 = VECTOR ( 'NONE', #3509, 1000.000000000000000 ) ;
#3292 = VECTOR ( 'NONE', #5189, 1000.000000000000000 ) ;
#3293 = AXIS2_PLACEMENT_3D ( 'NONE', #2238, #2326, #3621 ) ;
#3294 = ORIENTED_EDGE ( 'NONE', *, *, #4116, .T. ) ;
#3295 = CARTESIAN_POINT ( 'NONE',  ( 11.95000000000000107, 0.7500000000000000000, 1.781304612113784991 ) ) ;
#3296 = LINE ( 'NONE', #312, #307 ) ;
#3297 = ORIENTED_EDGE ( 'NONE', *, *, #224, .F. ) ;
#3298 = VECTOR ( 'NONE', #914, 1000.000000000000000 ) ;
#3299 = CIRCLE ( 'NONE', #3388, 5.000000000000000888 ) ;
#3300 = VECTOR ( 'NONE', #2714, 1000.000000000000000 ) ;
#3301 = ORIENTED_EDGE ( 'NONE', *, *, #1177, .T. ) ;
#3302 = ORIENTED_EDGE ( 'NONE', *, *, #894, .F. ) ;
#3303 = ORIENTED_EDGE ( 'NONE', *, *, #1098, .T. ) ;
#3304 = VECTOR ( 'NONE', #2628, 1000.000000000000000 ) ;
#3305 = CARTESIAN_POINT ( 'NONE',  ( -3.499999999999999112, 18.77658115845374454, 24.49999999999998579 ) ) ;
#3306 = CARTESIAN_POINT ( 'NONE',  ( -3.499999999999999112, -20.20000000000000284, 15.49999999999998579 ) ) ;
#3307 = ORIENTED_EDGE ( 'NONE', *, *, #853, .F. ) ;
#3308 = CYLINDRICAL_SURFACE ( 'NONE', #4212, 3.249999999999999556 ) ;
#3309 = VECTOR ( 'NONE', #2719, 1000.000000000000000 ) ;
#3310 = CIRCLE ( 'NONE', #494, 11.50000000000000000 ) ;
#3311 = DIRECTION ( 'NONE',  ( 0.000000000000000000, 0.000000000000000000, 1.000000000000000000 ) ) ;
#3312 = AXIS2_PLACEMENT_3D ( 'NONE', #3086, #992, #4436 ) ;
#3313 = DIRECTION ( 'NONE',  ( 0.000000000000000000, 0.000000000000000000, 1.000000000000000000 ) ) ;
#3314 = CONICAL_SURFACE ( 'NONE', #1593, 15.00000000000000000, 0.7853981633974378429 ) ;
#3315 = LINE ( 'NONE', #5451, #1636 ) ;
#3316 = EDGE_CURVE ( 'NONE', #19, #3657, #1144, .T. ) ;
#3317 = EDGE_CURVE ( 'NONE', #4445, #1907, #684, .T. ) ;
#3318 = EDGE_LOOP ( 'NONE', ( #4958, #406, #285, #1481 ) ) ;
#3319 = EDGE_LOOP ( 'NONE', ( #1151, #3209, #1458, #1445 ) ) ;
#3320 = LINE ( 'NONE', #846, #2665 ) ;
#3321 = CARTESIAN_POINT ( 'NONE',  ( 17.00000000000000000, -4.250000000000000000, 28.00000000000000000 ) ) ;
#3322 = CARTESIAN_POINT ( 'NONE',  ( 3.500000000000000888, -20.20000000000000284, 24.00000000000000711 ) ) ;
#3323 = EDGE_CURVE ( 'NONE', #609, #3065, #249, .T. ) ;
#3324 = ORIENTED_EDGE ( 'NONE', *, *, #862, .F. ) ;
#3325 = ORIENTED_EDGE ( 'NONE', *, *, #1166, .F. ) ;
#3326 = DIRECTION ( 'NONE',  ( 1.000000000000000000, -0.000000000000000000, 0.000000000000000000 ) ) ;
#3327 = CARTESIAN_POINT ( 'NONE',  ( 6.499999999999997335, 23.45501736395210557, 19.50000000000000000 ) ) ;
#3328 = ORIENTED_EDGE ( 'NONE', *, *, #797, .T. ) ;
#3329 = EDGE_LOOP ( 'NONE', ( #4423, #2528, #3691, #1635 ) ) ;
#3330 = CARTESIAN_POINT ( 'NONE',  ( -3.499999999999999112, -20.20000000000000284, -26.00195117308443216 ) ) ;
#3331 = DIRECTION ( 'NONE',  ( -0.7071067811865456854, 0.000000000000000000, -0.7071067811865493491 ) ) ;
#3332 = CARTESIAN_POINT ( 'NONE',  ( 0.000000000000000000, 0.000000000000000000, 15.00000000000000178 ) ) ;
#3333 = ORIENTED_EDGE ( 'NONE', *, *, #2357, .T. ) ;
#3334 = DIRECTION ( 'NONE',  ( -1.000000000000000000, 0.000000000000000000, 0.000000000000000000 ) ) ;
#3335 = DIRECTION ( 'NONE',  ( 0.000000000000000000, 0.000000000000000000, -1.000000000000000000 ) ) ;
#3336 = CARTESIAN_POINT ( 'NONE',  ( -11.50000000000000000, -7.750000000000000000, 5.000000000000000000 ) ) ;
#3337 = DIRECTION ( 'NONE',  ( 0.000000000000000000, 0.000000000000000000, 1.000000000000000000 ) ) ;
#3338 = ORIENTED_EDGE ( 'NONE', *, *, #2579, .T. ) ;
#3339 = ORIENTED_EDGE ( 'NONE', *, *, #4768, .T. ) ;
#3340 = PRODUCT_RELATED_PRODUCT_CATEGORY ( 'part', '', ( #4455 ) ) ;
#3341 = FILL_AREA_STYLE_COLOUR ( '', #3928 ) ;
#3342 = EDGE_CURVE ( 'NONE', #4443, #4039, #168, .T. ) ;
#3343 = CARTESIAN_POINT ( 'NONE',  ( 0.000000000000000000, 18.50000000000000000, 10.00000000000000000 ) ) ;
#3344 = CARTESIAN_POINT ( 'NONE',  ( -3.499999999999999112, 18.77658115845374454, 24.49999999999998579 ) ) ;
#3345 = LINE ( 'NONE', #4228, #118 ) ;
#3346 = EDGE_CURVE ( 'NONE', #2536, #39, #1901, .T. ) ;
#3347 = ORIENTED_EDGE ( 'NONE', *, *, #4675, .T. ) ;
#3348 = ORIENTED_EDGE ( 'NONE', *, *, #5425, .T. ) ;
#3349 = ADVANCED_FACE ( 'NONE', ( #1083 ), #5015, .F. ) ;
#3350 = CARTESIAN_POINT ( 'NONE',  ( -11.95000000000000107, 0.7500000000000000000, 24.78130461211380009 ) ) ;
#3351 = EDGE_CURVE ( 'NONE', #4108, #2981, #4114, .T. ) ;
#3352 = DIRECTION ( 'NONE',  ( 0.000000000000000000, 1.000000000000000000, 0.000000000000000000 ) ) ;
#3353 = EDGE_LOOP ( 'NONE', ( #3806, #4959, #3700, #486 ) ) ;
#3354 = ORIENTED_EDGE ( 'NONE', *, *, #4185, .T. ) ;
#3355 = ORIENTED_EDGE ( 'NONE', *, *, #1409, .F. ) ;
#3356 = PLANE ( 'NONE',  #4283 ) ;
#3357 = CARTESIAN_POINT ( 'NONE',  ( 0.000000000000000000, 0.000000000000000000, 10.49999999999999112 ) ) ;
#3358 = EDGE_CURVE ( 'NONE', #5386, #460, #2675, .T. ) ;
#3359 = DIRECTION ( 'NONE',  ( 0.000000000000000000, 0.000000000000000000, 1.000000000000000000 ) ) ;
#3360 = ORIENTED_EDGE ( 'NONE', *, *, #3185, .F. ) ;
#3361 = CARTESIAN_POINT ( 'NONE',  ( -20.50000000000000000, 5.500000000000000000, 8.142135623730919036 ) ) ;
#3362 =( BOUNDED_CURVE ( )  B_SPLINE_CURVE ( 3, ( #2424, #1990, #3639, #3245 ),
 .UNSPECIFIED., .F., .T. ) 
 B_SPLINE_CURVE_WITH_KNOTS ( ( 4, 4 ),
 ( 4.161931810213319594, 4.851296801330319930 ),
 .UNSPECIFIED. ) 
 CURVE ( )  GEOMETRIC_REPRESENTATION_ITEM ( )  RATIONAL_B_SPLINE_CURVE ( ( 1.000000000000000000, 0.9607885227449090015, 0.9607885227449090015, 1.000000000000000000 ) ) 
 REPRESENTATION_ITEM ( '' )  );
#3363 = LINE ( 'NONE', #4158, #847 ) ;
#3364 = AXIS2_PLACEMENT_3D ( 'NONE', #1101, #3196, #243 ) ;
#3365 = DIRECTION ( 'NONE',  ( 0.000000000000000000, 0.000000000000000000, 1.000000000000000000 ) ) ;
#3366 = DIRECTION ( 'NONE',  ( 1.334402673828311860E-16, 1.000000000000000000, 0.000000000000000000 ) ) ;
#3367 = ORIENTED_EDGE ( 'NONE', *, *, #2133, .T. ) ;
#3368 = CARTESIAN_POINT ( 'NONE',  ( 23.00000000000000000, 2.816687638038912352E-15, 16.49999999999999289 ) ) ;
#3369 = CARTESIAN_POINT ( 'NONE',  ( 3.500000000000000888, -20.20000000000000284, 15.49999999999998579 ) ) ;
#3370 = CARTESIAN_POINT ( 'NONE',  ( -5.859999999999999432, -13.89999999999999858, 3.000000000000000000 ) ) ;
#3371 = CARTESIAN_POINT ( 'NONE',  ( 7.500000000000000000, -18.50000000000000000, 6.000000000000000000 ) ) ;
#3372 = LINE ( 'NONE', #5520, #4557 ) ;
#3373 = VERTEX_POINT ( 'NONE', #3633 ) ;
#3374 = ORIENTED_EDGE ( 'NONE', *, *, #3529, .F. ) ;
#3375 = TOROIDAL_SURFACE ( 'NONE', #2846, 11.50000000000000000, 1.500000000000000000 ) ;
#3376 = VECTOR ( 'NONE', #3960, 1000.000000000000000 ) ;
#3377 = CARTESIAN_POINT ( 'NONE',  ( -7.055028863459309463, -13.39999999999999858, 0.5168231408637700142 ) ) ;
#3378 = CARTESIAN_POINT ( 'NONE',  ( 3.500000000000000888, -21.20000000000000284, 25.00000000000000000 ) ) ;
#3379 = VECTOR ( 'NONE', #4990, 1000.000000000000000 ) ;
#3380 = CIRCLE ( 'NONE', #2110, 0.2999999999999999334 ) ;
#3381 = ADVANCED_FACE ( 'NONE', ( #5464 ), #3404, .T. ) ;
#3382 = VECTOR ( 'NONE', #2733, 1000.000000000000114 ) ;
#3383 = EDGE_CURVE ( 'NONE', #4714, #5066, #4506, .T. ) ;
#3384 = ORIENTED_EDGE ( 'NONE', *, *, #3342, .T. ) ;
#3385 = ORIENTED_EDGE ( 'NONE', *, *, #2214, .T. ) ;
#3386 = CARTESIAN_POINT ( 'NONE',  ( -12.00000000000000000, 18.50000000000000000, 0.3961689313160864367 ) ) ;
#3387 = CIRCLE ( 'NONE', #2024, 22.49999999999999645 ) ;
#3388 = AXIS2_PLACEMENT_3D ( 'NONE', #2152, #2466, #3824 ) ;
#3389 = CARTESIAN_POINT ( 'NONE',  ( -5.859999999999999432, 17.30000000000000071, 3.000000000000000000 ) ) ;
#3390 = AXIS2_PLACEMENT_3D ( 'NONE', #318, #5214, #2156 ) ;
#3391 = VERTEX_POINT ( 'NONE', #2973 ) ;
#3392 = DIRECTION ( 'NONE',  ( 0.000000000000000000, 1.000000000000000000, 0.000000000000000000 ) ) ;
#3393 = EDGE_CURVE ( 'NONE', #263, #596, #5569, .T. ) ;
#3394 = CARTESIAN_POINT ( 'NONE',  ( 6.528035413153449262, 3.158726812816184726, 0.000000000000000000 ) ) ;
#3395 = CIRCLE ( 'NONE', #5190, 3.249999999999999556 ) ;
#3396 = CIRCLE ( 'NONE', #955, 5.000000000000000000 ) ;
#3397 = CARTESIAN_POINT ( 'NONE',  ( 7.291612123339699991, 1.580668278431285101, 0.000000000000000000 ) ) ;
#3398 = VECTOR ( 'NONE', #526, 1000.000000000000000 ) ;
#3399 = AXIS2_PLACEMENT_3D ( 'NONE', #368, #873, #3419 ) ;
#3400 = DIRECTION ( 'NONE',  ( 0.9001592514155136726, 0.4355609281042803205, 0.000000000000000000 ) ) ;
#3401 = PRODUCT_CONTEXT ( 'NONE', #1681, 'mechanical' ) ;
#3402 = CIRCLE ( 'NONE', #4664, 11.50000000000000000 ) ;
#3403 = EDGE_LOOP ( 'NONE', ( #145, #4994, #1627, #2616 ) ) ;
#3404 = CONICAL_SURFACE ( 'NONE', #876, 23.00000000000000000, 0.7853981633974552734 ) ;
#3405 = CARTESIAN_POINT ( 'NONE',  ( 13.50000000000000000, 5.500000000000000000, 0.3961689313160968728 ) ) ;
#3406 = CARTESIAN_POINT ( 'NONE',  ( 5.314923530524047202, -22.37755248628931781, 20.42487753966830866 ) ) ;
#3407 = PLANE ( 'NONE',  #5254 ) ;
#3408 = CARTESIAN_POINT ( 'NONE',  ( 9.000000000000001776, -16.99999999999999645, 9.000000000000000000 ) ) ;
#3409 = CARTESIAN_POINT ( 'NONE',  ( 3.500000000000000888, -20.20000000000000284, 15.49999999999998579 ) ) ;
#3410 = ORIENTED_EDGE ( 'NONE', *, *, #283, .F. ) ;
#3411 = ORIENTED_EDGE ( 'NONE', *, *, #2486, .F. ) ;
#3412 = ORIENTED_EDGE ( 'NONE', *, *, #1202, .T. ) ;
#3413 = PLANE ( 'NONE',  #1743 ) ;
#3414 = DIRECTION ( 'NONE',  ( -0.4336462817275460457, 0.000000000000000000, -0.9010831828104849395 ) ) ;
#3415 = ORIENTED_EDGE ( 'NONE', *, *, #1613, .T. ) ;
#3416 = VERTEX_POINT ( 'NONE', #3459 ) ;
#3417 = ORIENTED_EDGE ( 'NONE', *, *, #5183, .F. ) ;
#3418 = CARTESIAN_POINT ( 'NONE',  ( 14.99999999999999645, 23.43538973435889616, 24.50000000000000000 ) ) ;
#3419 = DIRECTION ( 'NONE',  ( 1.000000000000000000, 0.000000000000000000, -0.000000000000000000 ) ) ;
#3420 = ADVANCED_FACE ( 'NONE', ( #3858 ), #3314, .T. ) ;
#3421 = ORIENTED_EDGE ( 'NONE', *, *, #5219, .F. ) ;
#3422 = CARTESIAN_POINT ( 'NONE',  ( 4.999999999999996447, 22.10830241255063555, 16.83338151824142415 ) ) ;
#3423 = VERTEX_POINT ( 'NONE', #4249 ) ;
#3424 = ADVANCED_FACE ( 'NONE', ( #5518 ), #2150, .F. ) ;
#3425 = DIRECTION ( 'NONE',  ( 0.000000000000000000, 1.000000000000000000, 0.000000000000000000 ) ) ;
#3426 = EDGE_CURVE ( 'NONE', #3187, #12, #3130, .T. ) ;
#3427 = CYLINDRICAL_SURFACE ( 'NONE', #3218, 0.2999999999999999334 ) ;
#3428 = DIRECTION ( 'NONE',  ( 0.000000000000000000, 0.000000000000000000, 1.000000000000000000 ) ) ;
#3429 = CARTESIAN_POINT ( 'NONE',  ( 0.000000000000000000, 0.000000000000000000, 15.00000000000000178 ) ) ;
#3430 = ORIENTED_EDGE ( 'NONE', *, *, #3803, .F. ) ;
#3431 = LINE ( 'NONE', #3457, #3830 ) ;
#3432 = VERTEX_POINT ( 'NONE', #849 ) ;
#3433 = DIRECTION ( 'NONE',  ( 0.7071067811865389130, -0.000000000000000000, -0.7071067811865561215 ) ) ;
#3434 = ADVANCED_FACE ( 'NONE', ( #1637 ), #1506, .T. ) ;
#3435 = CARTESIAN_POINT ( 'NONE',  ( 9.000000000000001776, -19.49999999999999289, 10.00000000000000000 ) ) ;
#3436 = DIRECTION ( 'NONE',  ( -1.000000000000000000, 0.000000000000000000, 0.000000000000000000 ) ) ;
#3437 = CYLINDRICAL_SURFACE ( 'NONE', #295, 1.749999999999999778 ) ;
#3438 = ORIENTED_EDGE ( 'NONE', *, *, #4849, .F. ) ;
#3439 = ORIENTED_EDGE ( 'NONE', *, *, #4396, .T. ) ;
#3440 = CARTESIAN_POINT ( 'NONE',  ( -11.50000000000000000, 4.250000000000000000, 5.000000000000000000 ) ) ;
#3441 = CARTESIAN_POINT ( 'NONE',  ( 11.95000000000000107, 0.7500000000000000000, 8.218695387886219450 ) ) ;
#3442 = EDGE_LOOP ( 'NONE', ( #3658, #79, #2905, #3374 ) ) ;
#3443 = ORIENTED_EDGE ( 'NONE', *, *, #1522, .T. ) ;
#3444 = LINE ( 'NONE', #1258, #5546 ) ;
#3445 = FACE_OUTER_BOUND ( 'NONE', #2607, .T. ) ;
#3446 = ORIENTED_EDGE ( 'NONE', *, *, #1474, .F. ) ;
#3447 = CYLINDRICAL_SURFACE ( 'NONE', #5471, 3.249999999999999556 ) ;
#3448 = EDGE_LOOP ( 'NONE', ( #832, #4779, #3034, #109, #2340, #511 ) ) ;
#3449 = CARTESIAN_POINT ( 'NONE',  ( 9.010594162098090720, 5.535079271003109369, 0.000000000000000000 ) ) ;
#3450 = DIRECTION ( 'NONE',  ( 0.000000000000000000, 0.000000000000000000, 1.000000000000000000 ) ) ;
#3451 = ADVANCED_FACE ( 'NONE', ( #4676 ), #1249, .T. ) ;
#3452 = AXIS2_PLACEMENT_3D ( 'NONE', #4331, #3057, #2290 ) ;
#3453 = CARTESIAN_POINT ( 'NONE',  ( 0.000000000000000000, 0.000000000000000000, 15.49999999999998757 ) ) ;
#3454 = EDGE_CURVE ( 'NONE', #5225, #5335, #4271, .T. ) ;
#3455 = ADVANCED_FACE ( 'NONE', ( #1723, #2520 ), #380, .T. ) ;
#3456 = ORIENTED_EDGE ( 'NONE', *, *, #462, .T. ) ;
#3457 = CARTESIAN_POINT ( 'NONE',  ( 12.00000000000000000, 0.7500000000000000000, 33.00000000000000000 ) ) ;
#3458 = DIRECTION ( 'NONE',  ( 0.000000000000000000, 1.000000000000000000, 0.000000000000000000 ) ) ;
#3459 = CARTESIAN_POINT ( 'NONE',  ( -13.10869565217391219, 16.99999999999999645, 1.406512412935411849 ) ) ;
#3460 = CARTESIAN_POINT ( 'NONE',  ( -6.440804985062399979E-17, 0.7500000000000000000, 33.00000000000000000 ) ) ;
#3461 = EDGE_CURVE ( 'NONE', #826, #3237, #3229, .T. ) ;
#3462 = DIRECTION ( 'NONE',  ( 0.000000000000000000, 0.000000000000000000, 1.000000000000000000 ) ) ;
#3463 = EDGE_CURVE ( 'NONE', #5435, #4970, #4940, .T. ) ;
#3464 = ORIENTED_EDGE ( 'NONE', *, *, #1342, .T. ) ;
#3465 = EDGE_LOOP ( 'NONE', ( #493, #5587, #1821, #2258 ) ) ;
#3466 = DIRECTION ( 'NONE',  ( 0.000000000000000000, 1.000000000000000000, 0.000000000000000000 ) ) ;
#3467 = CARTESIAN_POINT ( 'NONE',  ( 18.60000000000000853, 0.000000000000000000, 15.00000000000000178 ) ) ;
#3468 = CARTESIAN_POINT ( 'NONE',  ( 5.159216376863484221, -18.39005529306662012, 20.17988536936622523 ) ) ;
#3469 = EDGE_LOOP ( 'NONE', ( #4345, #5380, #5250, #5410 ) ) ;
#3470 = UNCERTAINTY_MEASURE_WITH_UNIT (LENGTH_MEASURE( 1.000000000000000082E-05 ), #3964, 'distance_accuracy_value', 'NONE');
#3471 = ORIENTED_EDGE ( 'NONE', *, *, #5042, .T. ) ;
#3472 = LINE ( 'NONE', #3810, #476 ) ;
#3473 = CARTESIAN_POINT ( 'NONE',  ( 6.440804985062399979E-17, 0.7500000000000000000, 33.00000000000000000 ) ) ;
#3474 = ORIENTED_EDGE ( 'NONE', *, *, #2096, .F. ) ;
#3475 = AXIS2_PLACEMENT_3D ( 'NONE', #3555, #5222, #2724 ) ;
#3476 = LINE ( 'NONE', #602, #2759 ) ;
#3477 = AXIS2_PLACEMENT_3D ( 'NONE', #3025, #3489, #4721 ) ;
#3478 = ORIENTED_EDGE ( 'NONE', *, *, #3036, .T. ) ;
#3479 = CIRCLE ( 'NONE', #2398, 3.249999999999999556 ) ;
#3480 = AXIS2_PLACEMENT_3D ( 'NONE', #2350, #2434, #291 ) ;
#3481 = DIRECTION ( 'NONE',  ( 0.000000000000000000, 1.000000000000000000, 0.000000000000000000 ) ) ;
#3482 = CARTESIAN_POINT ( 'NONE',  ( 13.50000000000000000, 5.500000000000000000, 0.9999999999999701350 ) ) ;
#3483 = CONICAL_SURFACE ( 'NONE', #4472, 2.499999999999995115, 0.7853981633974456145 ) ;
#3484 = AXIS2_PLACEMENT_3D ( 'NONE', #1981, #5427, #4501 ) ;
#3485 = CIRCLE ( 'NONE', #5193, 10.00000000000000000 ) ;
#3486 = DIRECTION ( 'NONE',  ( 1.000802005371233895E-16, 1.000000000000000000, 0.000000000000000000 ) ) ;
#3487 = VERTEX_POINT ( 'NONE', #2089 ) ;
#3488 = VECTOR ( 'NONE', #2172, 1000.000000000000000 ) ;
#3489 = DIRECTION ( 'NONE',  ( 0.000000000000000000, 0.000000000000000000, 1.000000000000000000 ) ) ;
#3490 = AXIS2_PLACEMENT_3D ( 'NONE', #1032, #2701, #920 ) ;
#3491 = DIRECTION ( 'NONE',  ( -0.000000000000000000, -0.000000000000000000, -1.000000000000000000 ) ) ;
#3492 = DIRECTION ( 'NONE',  ( 0.000000000000000000, -1.000000000000000000, 0.000000000000000000 ) ) ;
#3493 = EDGE_CURVE ( 'NONE', #1117, #597, #1612, .T. ) ;
#3494 = ADVANCED_FACE ( 'NONE', ( #1670 ), #3407, .T. ) ;
#3495 = CARTESIAN_POINT ( 'NONE',  ( 13.49999999999999645, -15.55988431833605290, 21.00000000000000000 ) ) ;
#3496 = DIRECTION ( 'NONE',  ( 0.000000000000000000, 0.000000000000000000, -1.000000000000000000 ) ) ;
#3497 = CIRCLE ( 'NONE', #1050, 3.249999999999999556 ) ;
#3498 = ORIENTED_EDGE ( 'NONE', *, *, #3463, .F. ) ;
#3499 = EDGE_LOOP ( 'NONE', ( #783, #423, #4709 ) ) ;
#3500 = EDGE_CURVE ( 'NONE', #1734, #2698, #5123, .T. ) ;
#3501 = DIRECTION ( 'NONE',  ( 0.000000000000000000, 0.7071067811865451302, 0.7071067811865500152 ) ) ;
#3502 = CARTESIAN_POINT ( 'NONE',  ( -12.00000000000000000, -4.250000000000000000, 0.000000000000000000 ) ) ;
#3503 = VECTOR ( 'NONE', #2360, 1000.000000000000000 ) ;
#3504 = CARTESIAN_POINT ( 'NONE',  ( -6.440804985062399979E-17, 0.7500000000000000000, 33.00000000000000000 ) ) ;
#3505 = EDGE_LOOP ( 'NONE', ( #1676, #3186, #5489, #457 ) ) ;
#3506 = EDGE_CURVE ( 'NONE', #3697, #4710, #2914, .T. ) ;
#3507 = EDGE_LOOP ( 'NONE', ( #3721, #5011, #3297, #5220 ) ) ;
#3508 = VERTEX_POINT ( 'NONE', #2889 ) ;
#3509 = DIRECTION ( 'NONE',  ( 0.000000000000000000, 1.000000000000000000, 0.000000000000000000 ) ) ;
#3510 = FACE_OUTER_BOUND ( 'NONE', #2911, .T. ) ;
#3511 = CARTESIAN_POINT ( 'NONE',  ( -11.50000000000000000, 12.75000000000000000, 5.000000000000000000 ) ) ;
#3512 = VERTEX_POINT ( 'NONE', #5146 ) ;
#3513 = CARTESIAN_POINT ( 'NONE',  ( -3.499999999999999112, 20.19999999999999574, 15.49999999999998579 ) ) ;
#3514 = CARTESIAN_POINT ( 'NONE',  ( 3.500000000000000888, -19.28496823953827999, 25.00000000000000000 ) ) ;
#3515 = VERTEX_POINT ( 'NONE', #1272 ) ;
#3516 = DIRECTION ( 'NONE',  ( 1.000000000000000000, 0.000000000000000000, -0.000000000000000000 ) ) ;
#3517 = CARTESIAN_POINT ( 'NONE',  ( -11.49999999999999467, 16.99999999999999645, 10.00000000000000000 ) ) ;
#3518 = ORIENTED_EDGE ( 'NONE', *, *, #966, .F. ) ;
#3519 = CARTESIAN_POINT ( 'NONE',  ( -17.00000000000000000, -4.250000000000000000, 5.000000000000000000 ) ) ;
#3520 = DIRECTION ( 'NONE',  ( -3.336086342942520728E-17, 1.000000000000000000, 0.000000000000000000 ) ) ;
#3521 = FACE_OUTER_BOUND ( 'NONE', #5378, .T. ) ;
#3522 = DIRECTION ( 'NONE',  ( 1.000000000000000000, 0.000000000000000000, 0.000000000000000000 ) ) ;
#3523 = VERTEX_POINT ( 'NONE', #2996 ) ;
#3524 = EDGE_CURVE ( 'NONE', #1728, #5458, #5, .T. ) ;
#3525 = ORIENTED_EDGE ( 'NONE', *, *, #5418, .T. ) ;
#3526 = LINE ( 'NONE', #4311, #5279 ) ;
#3527 = DIRECTION ( 'NONE',  ( 0.000000000000000000, -1.000000000000000000, 0.000000000000000000 ) ) ;
#3528 = DIRECTION ( 'NONE',  ( 1.000000000000000000, 0.000000000000000000, 0.000000000000000000 ) ) ;
#3529 = EDGE_CURVE ( 'NONE', #1534, #5194, #969, .T. ) ;
#3530 = ORIENTED_EDGE ( 'NONE', *, *, #1000, .F. ) ;
#3531 = EDGE_CURVE ( 'NONE', #331, #5068, #2720, .T. ) ;
#3532 = EDGE_CURVE ( 'NONE', #4964, #5592, #3546, .T. ) ;
#3533 = ORIENTED_EDGE ( 'NONE', *, *, #5496, .T. ) ;
#3534 = FACE_OUTER_BOUND ( 'NONE', #543, .T. ) ;
#3535 = FACE_OUTER_BOUND ( 'NONE', #1039, .T. ) ;
#3536 = VERTEX_POINT ( 'NONE', #4811 ) ;
#3537 = EDGE_CURVE ( 'NONE', #3391, #5561, #1419, .T. ) ;
#3538 = CARTESIAN_POINT ( 'NONE',  ( 3.500000000000000888, 18.77658115845374454, 15.49999999999998757 ) ) ;
#3539 = CARTESIAN_POINT ( 'NONE',  ( -6.528035413153459920, 3.158726812816190055, 0.000000000000000000 ) ) ;
#3540 = UNCERTAINTY_MEASURE_WITH_UNIT (LENGTH_MEASURE( 1.000000000000000082E-05 ), #2737, 'distance_accuracy_value', 'NONE');
#3541 = DIRECTION ( 'NONE',  ( 0.000000000000000000, -1.000000000000000000, 0.000000000000000000 ) ) ;
#3542 = LINE ( 'NONE', #2651, #4545 ) ;
#3543 = ORIENTED_EDGE ( 'NONE', *, *, #5283, .T. ) ;
#3544 = DIRECTION ( 'NONE',  ( 0.7071067811865401342, 8.659560562354842879E-17, -0.7071067811865549002 ) ) ;
#3545 = DIRECTION ( 'NONE',  ( 1.000000000000000000, 0.000000000000000000, 0.000000000000000000 ) ) ;
#3546 = LINE ( 'NONE', #3985, #364 ) ;
#3547 = CARTESIAN_POINT ( 'NONE',  ( 12.00000000000000000, -5.500000000000000000, 0.3961689313160968728 ) ) ;
#3548 = ORIENTED_EDGE ( 'NONE', *, *, #3493, .T. ) ;
#3549 = ORIENTED_EDGE ( 'NONE', *, *, #5353, .T. ) ;
#3550 = DIRECTION ( 'NONE',  ( 0.000000000000000000, 0.000000000000000000, 1.000000000000000000 ) ) ;
#3551 = DIRECTION ( 'NONE',  ( 1.000000000000000000, 0.000000000000000000, 0.000000000000000000 ) ) ;
#3552 = LINE ( 'NONE', #83, #1502 ) ;
#3553 = ORIENTED_EDGE ( 'NONE', *, *, #1163, .F. ) ;
#3554 = EDGE_LOOP ( 'NONE', ( #5022, #2781, #5204, #3611, #2991, #4109 ) ) ;
#3555 = CARTESIAN_POINT ( 'NONE',  ( 12.00000000000000000, 17.00000000000000000, 0.3961689313160968728 ) ) ;
#3556 = PLANE ( 'NONE',  #4031 ) ;
#3557 = EDGE_CURVE ( 'NONE', #4335, #366, #5259, .T. ) ;
#3558 = ORIENTED_EDGE ( 'NONE', *, *, #718, .F. ) ;
#3559 = DIRECTION ( 'NONE',  ( 0.000000000000000000, 1.000000000000000000, 0.000000000000000000 ) ) ;
#3560 = DIRECTION ( 'NONE',  ( 0.000000000000000000, 1.000000000000000000, 0.000000000000000000 ) ) ;
#3561 = ADVANCED_FACE ( 'NONE', ( #2661 ), #3180, .T. ) ;
#3562 = CONICAL_SURFACE ( 'NONE', #491, 19.10000000000000142, 0.7853981633974447263 ) ;
#3563 = DIRECTION ( 'NONE',  ( -1.000000000000000000, 0.000000000000000000, 0.000000000000000000 ) ) ;
#3564 = EDGE_CURVE ( 'NONE', #4286, #542, #551, .T. ) ;
#3565 = LINE ( 'NONE', #3684, #5540 ) ;
#3566 = CONICAL_SURFACE ( 'NONE', #1026, 15.00000000000000000, 0.7853981633974378429 ) ;
#3567 = VECTOR ( 'NONE', #2764, 1000.000000000000000 ) ;
#3568 = VECTOR ( 'NONE', #3425, 1000.000000000000000 ) ;
#3569 = PLANE ( 'NONE',  #3915 ) ;
#3570 = DIRECTION ( 'NONE',  ( 0.000000000000000000, -1.000000000000000000, 0.000000000000000000 ) ) ;
#3571 = AXIS2_PLACEMENT_3D ( 'NONE', #4682, #2583, #339 ) ;
#3572 = CYLINDRICAL_SURFACE ( 'NONE', #3452, 0.2999999999999999334 ) ;
#3573 = CIRCLE ( 'NONE', #302, 1.500000000000000000 ) ;
#3574 = PLANE ( 'NONE',  #2458 ) ;
#3575 = CARTESIAN_POINT ( 'NONE',  ( 19.10000000000000142, 0.000000000000000000, 15.49999999999998757 ) ) ;
#3576 = AXIS2_PLACEMENT_3D ( 'NONE', #2649, #499, #3541 ) ;
#3577 = ORIENTED_EDGE ( 'NONE', *, *, #1689, .F. ) ;
#3578 = AXIS2_PLACEMENT_3D ( 'NONE', #3786, #1866, #4102 ) ;
#3579 = EDGE_LOOP ( 'NONE', ( #148, #5303, #604, #738, #357, #271, #3471, #3333 ) ) ;
#3580 = DIRECTION ( 'NONE',  ( 0.000000000000000000, 1.000000000000000000, 0.000000000000000000 ) ) ;
#3581 = SPHERICAL_SURFACE ( 'NONE', #1305, 1.500000000000000000 ) ;
#3582 = DIRECTION ( 'NONE',  ( -0.000000000000000000, -0.000000000000000000, -1.000000000000000000 ) ) ;
#3583 = VECTOR ( 'NONE', #5304, 1000.000000000000000 ) ;
#3584 = ORIENTED_EDGE ( 'NONE', *, *, #5394, .F. ) ;
#3585 = CONICAL_SURFACE ( 'NONE', #1406, 14.50000000000001066, 0.7853981633974466137 ) ;
#3586 = ORIENTED_EDGE ( 'NONE', *, *, #5316, .T. ) ;
#3587 = CONICAL_SURFACE ( 'NONE', #1227, 19.10000000000000142, 0.7853981633974447263 ) ;
#3588 = EDGE_LOOP ( 'NONE', ( #2427, #902, #3548, #4402 ) ) ;
#3589 = VECTOR ( 'NONE', #1985, 1000.000000000000000 ) ;
#3590 = LINE ( 'NONE', #2277, #5365 ) ;
#3591 = LINE ( 'NONE', #2677, #4841 ) ;
#3592 = ORIENTED_EDGE ( 'NONE', *, *, #4598, .T. ) ;
#3593 = CARTESIAN_POINT ( 'NONE',  ( 7.055028863459309463, -13.39999999999999858, 0.5168231408637730118 ) ) ;
#3594 = ADVANCED_FACE ( 'NONE', ( #5234 ), #3572, .F. ) ;
#3595 = LINE ( 'NONE', #3275, #1673 ) ;
#3596 = EDGE_CURVE ( 'NONE', #1589, #234, #4785, .T. ) ;
#3597 = CARTESIAN_POINT ( 'NONE',  ( 5.156871141020695326, 22.41446503967331338, 20.17513522595096731 ) ) ;
#3598 = DIRECTION ( 'NONE',  ( -1.000000000000000000, 0.000000000000000000, 0.000000000000000000 ) ) ;
#3599 = EDGE_CURVE ( 'NONE', #4365, #1150, #2629, .T. ) ;
#3600 = CYLINDRICAL_SURFACE ( 'NONE', #32, 19.10000000000000142 ) ;
#3601 = DIRECTION ( 'NONE',  ( 0.000000000000000000, 0.000000000000000000, -1.000000000000000000 ) ) ;
#3602 = LINE ( 'NONE', #1441, #2954 ) ;
#3603 = DIRECTION ( 'NONE',  ( 0.000000000000000000, 1.000000000000000000, 0.000000000000000000 ) ) ;
#3604 = ORIENTED_EDGE ( 'NONE', *, *, #1968, .T. ) ;
#3605 = ORIENTED_EDGE ( 'NONE', *, *, #862, .T. ) ;
#3606 = EDGE_CURVE ( 'NONE', #3508, #1961, #2240, .T. ) ;
#3607 = CARTESIAN_POINT ( 'NONE',  ( 5.000000000000001776, -22.44994432064364887, 16.49999999999999289 ) ) ;
#3608 = DIRECTION ( 'NONE',  ( -0.4439972812101554145, 0.5503330030790331007, 0.7071067811865497932 ) ) ;
#3609 = LINE ( 'NONE', #5327, #4395 ) ;
#3610 = LINE ( 'NONE', #2554, #2576 ) ;
#3611 = ORIENTED_EDGE ( 'NONE', *, *, #433, .T. ) ;
#3612 = EDGE_LOOP ( 'NONE', ( #1999, #4602, #4614, #375 ) ) ;
#3613 = ORIENTED_EDGE ( 'NONE', *, *, #4661, .F. ) ;
#3614 = FACE_OUTER_BOUND ( 'NONE', #1595, .T. ) ;
#3615 = DIRECTION ( 'NONE',  ( 0.000000000000000000, 0.000000000000000000, 1.000000000000000000 ) ) ;
#3616 = ORIENTED_EDGE ( 'NONE', *, *, #860, .T. ) ;
#3617 = LINE ( 'NONE', #120, #4447 ) ;
#3618 = LINE ( 'NONE', #4347, #1577 ) ;
#3619 = LINE ( 'NONE', #3646, #678 ) ;
#3620 = DIRECTION ( 'NONE',  ( -1.000000000000000000, 8.587739980083199972E-17, 0.000000000000000000 ) ) ;
#3621 = DIRECTION ( 'NONE',  ( 1.000000000000000000, 0.000000000000000000, 0.000000000000000000 ) ) ;
#3622 = CARTESIAN_POINT ( 'NONE',  ( -9.000000000000001776, -16.99999999999999645, 8.142135623730919036 ) ) ;
#3623 = CYLINDRICAL_SURFACE ( 'NONE', #2908, 3.249999999999999556 ) ;
#3624 = PLANE ( 'NONE',  #4896 ) ;
#3625 = SHAPE_REPRESENTATION_RELATIONSHIP ( 'NONE' , 'NONE' ,  #2555, #3079 ) ;
#3626 = EDGE_CURVE ( 'NONE', #1198, #3290, #4843, .T. ) ;
#3627 = EDGE_CURVE ( 'NONE', #4600, #2977, #4413, .T. ) ;
#3628 = ORIENTED_EDGE ( 'NONE', *, *, #1756, .F. ) ;
#3629 = ORIENTED_EDGE ( 'NONE', *, *, #3140, .F. ) ;
#3630 = DIRECTION ( 'NONE',  ( -1.000000000000000000, 0.000000000000000000, 0.000000000000000000 ) ) ;
#3631 = FACE_OUTER_BOUND ( 'NONE', #3588, .T. ) ;
#3632 = ADVANCED_FACE ( 'NONE', ( #469 ), #76, .T. ) ;
#3633 = CARTESIAN_POINT ( 'NONE',  ( -9.000000000000001776, 18.50000000000000000, 8.142135623730919036 ) ) ;
#3634 = CARTESIAN_POINT ( 'NONE',  ( -20.50000000000000000, 18.50000000000000000, 8.142135623730919036 ) ) ;
#3635 = ADVANCED_FACE ( 'NONE', ( #5293 ), #2209, .T. ) ;
#3636 = AXIS2_PLACEMENT_3D ( 'NONE', #5139, #3738, #2941 ) ;
#3637 = ORIENTED_EDGE ( 'NONE', *, *, #3216, .T. ) ;
#3638 = ORIENTED_EDGE ( 'NONE', *, *, #4115, .T. ) ;
#3639 = CARTESIAN_POINT ( 'NONE',  ( -11.19534881331188814, 1.978501931817854276, 1.675798190074681004 ) ) ;
#3640 = FACE_OUTER_BOUND ( 'NONE', #1983, .T. ) ;
#3641 = VERTEX_POINT ( 'NONE', #555 ) ;
#3642 = EDGE_LOOP ( 'NONE', ( #2095, #2204, #502, #2027, #5262, #2215, #4938, #3294, #2505 ) ) ;
#3643 = ORIENTED_EDGE ( 'NONE', *, *, #395, .F. ) ;
#3644 = DIRECTION ( 'NONE',  ( -1.162880573482506019E-46, -1.000000000000000000, -5.446634458108700403E-32 ) ) ;
#3645 = CARTESIAN_POINT ( 'NONE',  ( -20.50000000000000000, -5.500000000000000000, 8.142135623730919036 ) ) ;
#3646 = CARTESIAN_POINT ( 'NONE',  ( 33.50000000000000000, -5.500000000000000000, 6.000000000000000000 ) ) ;
#3647 = B_SPLINE_CURVE_WITH_KNOTS ( 'NONE', 3,
 ( #1811, #2239, #2658, #908 ),
 .UNSPECIFIED., .F., .F.,
 ( 4, 4 ),
 ( 0.000000000000000000, 0.0008224920524220665505 ),
 .UNSPECIFIED. ) ;
#3648 = FACE_OUTER_BOUND ( 'NONE', #428, .T. ) ;
#3649 = VECTOR ( 'NONE', #5543, 1000.000000000000000 ) ;
#3650 = CYLINDRICAL_SURFACE ( 'NONE', #1035, 1.749999999999999778 ) ;
#3651 = CARTESIAN_POINT ( 'NONE',  ( 0.000000000000000000, 0.000000000000000000, 10.00000000000000000 ) ) ;
#3652 = CARTESIAN_POINT ( 'NONE',  ( 11.50000000000000000, 0.7500000000000000000, 28.00000000000000000 ) ) ;
#3653 = DIRECTION ( 'NONE',  ( 0.000000000000000000, 1.000000000000000000, 0.000000000000000000 ) ) ;
#3654 = AXIS2_PLACEMENT_3D ( 'NONE', #959, #3559, #4040 ) ;
#3655 = CIRCLE ( 'NONE', #3475, 1.499999999999999556 ) ;
#3656 = AXIS2_PLACEMENT_3D ( 'NONE', #4686, #2529, #4261 ) ;
#3657 = VERTEX_POINT ( 'NONE', #4017 ) ;
#3658 = ORIENTED_EDGE ( 'NONE', *, *, #2823, .T. ) ;
#3659 = VECTOR ( 'NONE', #890, 1000.000000000000000 ) ;
#3660 = VECTOR ( 'NONE', #3522, 1000.000000000000000 ) ;
#3661 = CIRCLE ( 'NONE', #4655, 23.00000000000000000 ) ;
#3662 = CARTESIAN_POINT ( 'NONE',  ( -7.004487272054069180, -13.89999999999999858, 0.000000000000000000 ) ) ;
#3663 = EDGE_CURVE ( 'NONE', #366, #2977, #2727, .T. ) ;
#3664 = CARTESIAN_POINT ( 'NONE',  ( 11.50000000000000000, -4.250000000000000000, 3.250000000000000000 ) ) ;
#3665 = SPHERICAL_SURFACE ( 'NONE', #5568, 1.500000000000000000 ) ;
#3666 = EDGE_LOOP ( 'NONE', ( #983, #4334, #1814, #2550, #4092, #4163, #4203, #2494 ) ) ;
#3667 = VECTOR ( 'NONE', #3458, 1000.000000000000000 ) ;
#3668 = CIRCLE ( 'NONE', #5101, 1.268857754044952824 ) ;
#3669 = EDGE_CURVE ( 'NONE', #597, #4589, #443, .T. ) ;
#3670 = VERTEX_POINT ( 'NONE', #3085 ) ;
#3671 = ORIENTED_EDGE ( 'NONE', *, *, #505, .T. ) ;
#3672 = AXIS2_PLACEMENT_3D ( 'NONE', #1291, #4752, #3516 ) ;
#3673 = EDGE_CURVE ( 'NONE', #5470, #4588, #2353, .T. ) ;
#3674 = AXIS2_PLACEMENT_3D ( 'NONE', #2552, #1259, #4290 ) ;
#3675 = CARTESIAN_POINT ( 'NONE',  ( 5.525464524938950461, -18.28345350187190377, 20.64454088183439140 ) ) ;
#3676 = ORIENTED_EDGE ( 'NONE', *, *, #3827, .T. ) ;
#3677 = VECTOR ( 'NONE', #947, 1000.000000000000000 ) ;
#3678 = VERTEX_POINT ( 'NONE', #3686 ) ;
#3679 = CARTESIAN_POINT ( 'NONE',  ( 0.000000000000000000, 0.000000000000000000, 10.49999999999999112 ) ) ;
#3680 = LINE ( 'NONE', #4177, #949 ) ;
#3681 = EDGE_CURVE ( 'NONE', #5061, #3217, #2412, .T. ) ;
#3682 = AXIS2_PLACEMENT_3D ( 'NONE', #1700, #1220, #3436 ) ;
#3683 = CARTESIAN_POINT ( 'NONE',  ( -7.004487272054069180, 17.30000000000000071, 1.084202172485503941E-16 ) ) ;
#3684 = CARTESIAN_POINT ( 'NONE',  ( 14.99999999999999645, -15.55988431833605112, 24.49999999999999289 ) ) ;
#3685 = CARTESIAN_POINT ( 'NONE',  ( -11.95000000000000107, 0.7500000000000000000, 33.00000000000000000 ) ) ;
#3686 = CARTESIAN_POINT ( 'NONE',  ( 14.49999999999999289, 15.55988431833605290, 25.00000000000000000 ) ) ;
#3687 = CIRCLE ( 'NONE', #1241, 18.60000000000000853 ) ;
#3688 = CARTESIAN_POINT ( 'NONE',  ( 14.99999999999999645, 16.73320053068151125, -39.06504476178464813 ) ) ;
#3689 = CARTESIAN_POINT ( 'NONE',  ( 0.000000000000000000, 0.000000000000000000, 0.000000000000000000 ) ) ;
#3690 = VERTEX_POINT ( 'NONE', #3166 ) ;
#3691 = ORIENTED_EDGE ( 'NONE', *, *, #4115, .F. ) ;
#3692 = ORIENTED_EDGE ( 'NONE', *, *, #3074, .T. ) ;
#3693 = LINE ( 'NONE', #3207, #3020 ) ;
#3694 = LINE ( 'NONE', #2012, #779 ) ;
#3695 = DIRECTION ( 'NONE',  ( -0.000000000000000000, -0.000000000000000000, 1.000000000000000000 ) ) ;
#3696 = EDGE_LOOP ( 'NONE', ( #1760, #3932, #1363, #2237 ) ) ;
#3697 = VERTEX_POINT ( 'NONE', #3713 ) ;
#3698 = CARTESIAN_POINT ( 'NONE',  ( 13.49999999999999645, -15.55988431833605290, 15.00000000000000178 ) ) ;
#3699 = CARTESIAN_POINT ( 'NONE',  ( -3.499999999999999112, -20.20000000000000284, -26.00195117308443216 ) ) ;
#3700 = ORIENTED_EDGE ( 'NONE', *, *, #4937, .F. ) ;
#3701 = B_SPLINE_CURVE_WITH_KNOTS ( 'NONE', 3,
 ( #3227, #1945, #1175, #3305 ),
 .UNSPECIFIED., .F., .F.,
 ( 4, 4 ),
 ( 3.469446951953614189E-18, 0.0007130620058688312297 ),
 .UNSPECIFIED. ) ;
#3702 = VERTEX_POINT ( 'NONE', #2328 ) ;
#3703 = EDGE_CURVE ( 'NONE', #4754, #4710, #4524, .T. ) ;
#3704 = EDGE_CURVE ( 'NONE', #3072, #4275, #4548, .T. ) ;
#3705 = ORIENTED_EDGE ( 'NONE', *, *, #3323, .T. ) ;
#3706 = ORIENTED_EDGE ( 'NONE', *, *, #4521, .T. ) ;
#3707 = CARTESIAN_POINT ( 'NONE',  ( 9.000000000000001776, -19.49999999999999289, 10.00000000000000000 ) ) ;
#3708 = CARTESIAN_POINT ( 'NONE',  ( 12.00000000000000000, 5.500000000000000000, 0.3961689313160968728 ) ) ;
#3709 = LINE ( 'NONE', #5420, #5467 ) ;
#3710 = EDGE_CURVE ( 'NONE', #5161, #4292, #4050, .T. ) ;
#3711 = FACE_OUTER_BOUND ( 'NONE', #3054, .T. ) ;
#3712 = LINE ( 'NONE', #727, #5090 ) ;
#3713 = CARTESIAN_POINT ( 'NONE',  ( 9.000000000000001776, -19.49999999999999289, 10.00000000000000000 ) ) ;
#3714 = CARTESIAN_POINT ( 'NONE',  ( -3.000000000000001776, -18.35647024893403412, 15.00000000000000178 ) ) ;
#3715 = ORIENTED_EDGE ( 'NONE', *, *, #3703, .F. ) ;
#3716 = ORIENTED_EDGE ( 'NONE', *, *, #224, .T. ) ;
#3717 = LINE ( 'NONE', #248, #5184 ) ;
#3718 = CARTESIAN_POINT ( 'NONE',  ( 6.208387876660290239, 3.819331721568715476, 30.00000000000000000 ) ) ;
#3719 = CARTESIAN_POINT ( 'NONE',  ( -3.000000000000002220, 0.000000000000000000, 15.00000000000000178 ) ) ;
#3720 = ORIENTED_EDGE ( 'NONE', *, *, #159, .F. ) ;
#3721 = ORIENTED_EDGE ( 'NONE', *, *, #3066, .F. ) ;
#3722 = VERTEX_POINT ( 'NONE', #161 ) ;
#3723 = CYLINDRICAL_SURFACE ( 'NONE', #1569, 1.499999999999999556 ) ;
#3724 = FACE_OUTER_BOUND ( 'NONE', #4528, .T. ) ;
#3725 = ORIENTED_EDGE ( 'NONE', *, *, #1641, .F. ) ;
#3726 = VERTEX_POINT ( 'NONE', #2435 ) ;
#3727 = AXIS2_PLACEMENT_3D ( 'NONE', #4226, #333, #3601 ) ;
#3728 = LINE ( 'NONE', #3250, #2743 ) ;
#3729 = CARTESIAN_POINT ( 'NONE',  ( -12.00000000000000000, -16.99999999999999645, 0.3961689313160864367 ) ) ;
#3730 = ADVANCED_FACE ( 'NONE', ( #4138 ), #1892, .F. ) ;
#3731 = ADVANCED_FACE ( 'NONE', ( #5375 ), #3623, .F. ) ;
#3732 = ORIENTED_EDGE ( 'NONE', *, *, #2034, .T. ) ;
#3733 = DIRECTION ( 'NONE',  ( 0.000000000000000000, 0.000000000000000000, -1.000000000000000000 ) ) ;
#3734 = DIRECTION ( 'NONE',  ( 0.000000000000000000, 1.000000000000000000, 0.000000000000000000 ) ) ;
#3735 = ADVANCED_FACE ( 'NONE', ( #2772, #1504, #3281, #1440, #5004 ), #4892, .F. ) ;
#3736 = LINE ( 'NONE', #4266, #4826 ) ;
#3737 = EDGE_CURVE ( 'NONE', #1957, #1815, #2797, .T. ) ;
#3738 = DIRECTION ( 'NONE',  ( -0.000000000000000000, -0.000000000000000000, -1.000000000000000000 ) ) ;
#3739 = ORIENTED_EDGE ( 'NONE', *, *, #2793, .T. ) ;
#3740 = ORIENTED_EDGE ( 'NONE', *, *, #2351, .T. ) ;
#3741 = CARTESIAN_POINT ( 'NONE',  ( 5.000000000000001776, -22.44994432064364887, 19.60076268735663163 ) ) ;
#3742 = DIRECTION ( 'NONE',  ( 0.000000000000000000, 0.000000000000000000, 1.000000000000000000 ) ) ;
#3743 = DIRECTION ( 'NONE',  ( 0.000000000000000000, 1.000000000000000000, -0.000000000000000000 ) ) ;
#3744 = ORIENTED_EDGE ( 'NONE', *, *, #2790, .F. ) ;
#3745 = CIRCLE ( 'NONE', #670, 10.00000000000000000 ) ;
#3746 = AXIS2_PLACEMENT_3D ( 'NONE', #2232, #92, #548 ) ;
#3747 = VECTOR ( 'NONE', #1803, 1000.000000000000000 ) ;
#3748 = ORIENTED_EDGE ( 'NONE', *, *, #1799, .F. ) ;
#3749 = LINE ( 'NONE', #2394, #5178 ) ;
#3750 = DIRECTION ( 'NONE',  ( 0.000000000000000000, 1.000000000000000000, 0.000000000000000000 ) ) ;
#3751 = CIRCLE ( 'NONE', #4462, 1.118033988749895347 ) ;
#3752 = AXIS2_PLACEMENT_3D ( 'NONE', #191, #1874, #4420 ) ;
#3753 = ORIENTED_EDGE ( 'NONE', *, *, #2446, .F. ) ;
#3754 = ORIENTED_EDGE ( 'NONE', *, *, #5590, .F. ) ;
#3755 = CIRCLE ( 'NONE', #5290, 14.50000000000001066 ) ;
#3756 = DIRECTION ( 'NONE',  ( 1.000000000000000000, 0.000000000000000000, 0.000000000000000000 ) ) ;
#3757 = CARTESIAN_POINT ( 'NONE',  ( 7.004487272054069180, 18.50000000000000000, 5.421010862427519705E-17 ) ) ;
#3758 = LINE ( 'NONE', #5481, #3032 ) ;
#3759 = ORIENTED_EDGE ( 'NONE', *, *, #3976, .F. ) ;
#3760 = LINE ( 'NONE', #4633, #2944 ) ;
#3761 = AXIS2_PLACEMENT_3D ( 'NONE', #3241, #4963, #2803 ) ;
#3762 = AXIS2_PLACEMENT_3D ( 'NONE', #5048, #4171, #5438 ) ;
#3763 = CARTESIAN_POINT ( 'NONE',  ( -11.50000000000000000, -2.250000000000000000, 5.000000000000000000 ) ) ;
#3764 = ADVANCED_FACE ( 'NONE', ( #4955 ), #4172, .T. ) ;
#3765 = AXIS2_PLACEMENT_3D ( 'NONE', #556, #4391, #1869 ) ;
#3766 =( NAMED_UNIT ( * ) PLANE_ANGLE_UNIT ( ) SI_UNIT ( $, .RADIAN. ) );
#3767 = VECTOR ( 'NONE', #2271, 1000.000000000000000 ) ;
#3768 = DIRECTION ( 'NONE',  ( 0.000000000000000000, 0.000000000000000000, 1.000000000000000000 ) ) ;
#3769 = EDGE_CURVE ( 'NONE', #3678, #3702, #4074, .T. ) ;
#3770 = ADVANCED_FACE ( 'NONE', ( #1076 ), #4103, .F. ) ;
#3771 = EDGE_CURVE ( 'NONE', #609, #4131, #1102, .T. ) ;
#3772 = EDGE_LOOP ( 'NONE', ( #4596, #3456, #5323, #3716 ) ) ;
#3773 = VERTEX_POINT ( 'NONE', #268 ) ;
#3774 = DIRECTION ( 'NONE',  ( -1.162880573482506019E-46, -1.000000000000000000, 5.446634458108700403E-32 ) ) ;
#3775 = DIRECTION ( 'NONE',  ( -1.000000000000000000, 0.000000000000000000, 0.000000000000000000 ) ) ;
#3776 = DIRECTION ( 'NONE',  ( 1.000802005371233895E-16, 1.000000000000000000, 0.000000000000000000 ) ) ;
#3777 = ADVANCED_FACE ( 'NONE', ( #216 ), #5342, .F. ) ;
#3778 = EDGE_LOOP ( 'NONE', ( #1618, #190, #957, #679 ) ) ;
#3779 = ORIENTED_EDGE ( 'NONE', *, *, #3872, .T. ) ;
#3780 = DIRECTION ( 'NONE',  ( 1.000802005371233895E-16, 1.000000000000000000, 0.000000000000000000 ) ) ;
#3781 = LINE ( 'NONE', #3888, #2855 ) ;
#3782 = ORIENTED_EDGE ( 'NONE', *, *, #2345, .F. ) ;
#3783 = VERTEX_POINT ( 'NONE', #1632 ) ;
#3784 = CARTESIAN_POINT ( 'NONE',  ( -7.021564347915049353, 1.449999999999999956, 0.000000000000000000 ) ) ;
#3785 = DIRECTION ( 'NONE',  ( -1.000000000000000000, 0.000000000000000000, 0.000000000000000000 ) ) ;
#3786 = CARTESIAN_POINT ( 'NONE',  ( 11.50000000000000000, 4.250000000000000000, 28.00000000000000000 ) ) ;
#3787 = ORIENTED_EDGE ( 'NONE', *, *, #3606, .T. ) ;
#3788 = DIRECTION ( 'NONE',  ( 1.000000000000000000, 0.000000000000000000, 0.000000000000000000 ) ) ;
#3789 = CARTESIAN_POINT ( 'NONE',  ( 4.999999999999996447, 23.45501736395210557, 21.00000000000000000 ) ) ;
#3790 = CARTESIAN_POINT ( 'NONE',  ( -3.499999999999999112, -18.77658115845374454, 15.49999999999998757 ) ) ;
#3791 = DIRECTION ( 'NONE',  ( -0.000000000000000000, -0.7071067811865500152, -0.7071067811865451302 ) ) ;
#3792 = ORIENTED_EDGE ( 'NONE', *, *, #4486, .T. ) ;
#3793 = LINE ( 'NONE', #4245, #4005 ) ;
#3794 = ORIENTED_EDGE ( 'NONE', *, *, #4042, .F. ) ;
#3795 =( LENGTH_UNIT ( ) NAMED_UNIT ( * ) SI_UNIT ( .MILLI., .METRE. ) );
#3796 = CARTESIAN_POINT ( 'NONE',  ( 0.000000000000000000, 5.500000000000000000, 0.000000000000000000 ) ) ;
#3797 = ADVANCED_FACE ( 'NONE', ( #4610 ), #4692, .T. ) ;
#3798 = DIRECTION ( 'NONE',  ( 0.000000000000000000, 0.000000000000000000, 1.000000000000000000 ) ) ;
#3799 = DIRECTION ( 'NONE',  ( 0.000000000000000000, -1.000000000000000000, 0.000000000000000000 ) ) ;
#3800 = ORIENTED_EDGE ( 'NONE', *, *, #122, .F. ) ;
#3801 = ORIENTED_EDGE ( 'NONE', *, *, #2757, .F. ) ;
#3802 = VERTEX_POINT ( 'NONE', #2491 ) ;
#3803 = EDGE_CURVE ( 'NONE', #5356, #5093, #3315, .T. ) ;
#3804 = DIRECTION ( 'NONE',  ( -0.000000000000000000, -0.000000000000000000, 1.000000000000000000 ) ) ;
#3805 = CARTESIAN_POINT ( 'NONE',  ( -3.000000000000002220, 0.000000000000000000, 15.00000000000000178 ) ) ;
#3806 = ORIENTED_EDGE ( 'NONE', *, *, #2425, .F. ) ;
#3807 = EDGE_CURVE ( 'NONE', #1471, #1061, #4893, .T. ) ;
#3808 = ORIENTED_EDGE ( 'NONE', *, *, #4173, .T. ) ;
#3809 = ORIENTED_EDGE ( 'NONE', *, *, #3506, .F. ) ;
#3810 = CARTESIAN_POINT ( 'NONE',  ( 14.99999999999999645, 15.55988431833605290, -39.06504476178464813 ) ) ;
#3811 = CARTESIAN_POINT ( 'NONE',  ( 0.000000000000000000, 0.000000000000000000, 0.000000000000000000 ) ) ;
#3812 = ORIENTED_EDGE ( 'NONE', *, *, #572, .F. ) ;
#3813 = CARTESIAN_POINT ( 'NONE',  ( -7.291612123339699991, 1.580668278431285101, 30.00000000000000000 ) ) ;
#3814 = CARTESIAN_POINT ( 'NONE',  ( -6.604487272054069713, 18.50000000000000000, 0.2999999999999999889 ) ) ;
#3815 = AXIS2_PLACEMENT_3D ( 'NONE', #1581, #2910, #5035 ) ;
#3816 = CARTESIAN_POINT ( 'NONE',  ( 12.00000000000000000, -4.250000000000000000, 28.00000000000000000 ) ) ;
#3817 = CARTESIAN_POINT ( 'NONE',  ( -11.50000000000000000, -2.250000000000000000, 28.00000000000000000 ) ) ;
#3818 = APPLICATION_PROTOCOL_DEFINITION ( 'draft international standard', 'automotive_design', 1998, #892 ) ;
#3819 = ORIENTED_EDGE ( 'NONE', *, *, #2867, .F. ) ;
#3820 = CARTESIAN_POINT ( 'NONE',  ( 13.49999999999999645, 16.73320053068151125, 25.00000000000000000 ) ) ;
#3821 = DIRECTION ( 'NONE',  ( -0.000000000000000000, -0.000000000000000000, -1.000000000000000000 ) ) ;
#3822 = DIRECTION ( 'NONE',  ( 0.000000000000000000, 0.000000000000000000, -1.000000000000000000 ) ) ;
#3823 = CARTESIAN_POINT ( 'NONE',  ( -1.592040838891560328E-16, -8.899999999999998579, -1.000000000000000000 ) ) ;
#3824 = DIRECTION ( 'NONE',  ( 0.000000000000000000, 0.000000000000000000, 1.000000000000000000 ) ) ;
#3825 = VERTEX_POINT ( 'NONE', #5059 ) ;
#3826 = ORIENTED_EDGE ( 'NONE', *, *, #3461, .T. ) ;
#3827 = EDGE_CURVE ( 'NONE', #2918, #2137, #1824, .T. ) ;
#3828 = ORIENTED_EDGE ( 'NONE', *, *, #2324, .T. ) ;
#3829 = VECTOR ( 'NONE', #2732, 999.9999999999998863 ) ;
#3830 = VECTOR ( 'NONE', #5599, 1000.000000000000000 ) ;
#3831 = DIRECTION ( 'NONE',  ( 0.000000000000000000, -1.000000000000000000, 0.000000000000000000 ) ) ;
#3832 = CARTESIAN_POINT ( 'NONE',  ( -14.75000000000000000, -2.250000000000000000, 5.000000000000000000 ) ) ;
#3833 = ORIENTED_EDGE ( 'NONE', *, *, #462, .F. ) ;
#3834 = EDGE_CURVE ( 'NONE', #4121, #5430, #1460, .T. ) ;
#3835 = CIRCLE ( 'NONE', #5273, 3.249999999999999556 ) ;
#3836 = AXIS2_PLACEMENT_3D ( 'NONE', #4072, #3256, #181 ) ;
#3837 = ORIENTED_EDGE ( 'NONE', *, *, #4946, .F. ) ;
#3838 = ADVANCED_FACE ( 'NONE', ( #5486 ), #5538, .F. ) ;
#3839 = ORIENTED_EDGE ( 'NONE', *, *, #2588, .T. ) ;
#3840 = CARTESIAN_POINT ( 'NONE',  ( 10.50000000000000000, -16.99999999999999645, 8.142135623730929694 ) ) ;
#3841 = CIRCLE ( 'NONE', #4195, 3.249999999999999556 ) ;
#3842 = AXIS2_PLACEMENT_3D ( 'NONE', #356, #4647, #4273 ) ;
#3843 = FACE_OUTER_BOUND ( 'NONE', #399, .T. ) ;
#3844 = AXIS2_PLACEMENT_3D ( 'NONE', #3943, #4025, #1425 ) ;
#3845 = CARTESIAN_POINT ( 'NONE',  ( -9.000000000000001776, 16.99999999999999645, 10.00000000000000000 ) ) ;
#3846 = EDGE_LOOP ( 'NONE', ( #1179, #1433, #4603, #2460 ) ) ;
#3847 = CIRCLE ( 'NONE', #767, 19.60000000000000497 ) ;
#3848 = AXIS2_PLACEMENT_3D ( 'NONE', #72, #5597, #1807 ) ;
#3849 = ADVANCED_FACE ( 'NONE', ( #2535 ), #2060, .T. ) ;
#3850 = FACE_OUTER_BOUND ( 'NONE', #2640, .T. ) ;
#3851 = CIRCLE ( 'NONE', #3674, 15.00000000000000000 ) ;
#3852 = DIRECTION ( 'NONE',  ( 0.000000000000000000, 0.000000000000000000, 1.000000000000000000 ) ) ;
#3853 = VECTOR ( 'NONE', #196, 1000.000000000000000 ) ;
#3854 = ORIENTED_EDGE ( 'NONE', *, *, #1417, .F. ) ;
#3855 = AXIS2_PLACEMENT_3D ( 'NONE', #3041, #5527, #1255 ) ;
#3856 = CARTESIAN_POINT ( 'NONE',  ( 10.50000000000000000, 16.99999999999999645, 9.000000000000000000 ) ) ;
#3857 = SURFACE_STYLE_FILL_AREA ( #770 ) ;
#3858 = FACE_OUTER_BOUND ( 'NONE', #2799, .T. ) ;
#3859 = CARTESIAN_POINT ( 'NONE',  ( -11.50000000000000000, -4.250000000000000000, 26.25000000000000000 ) ) ;
#3860 = CARTESIAN_POINT ( 'NONE',  ( -9.000000000000001776, -16.99999999999999645, 10.00000000000000000 ) ) ;
#3861 = ORIENTED_EDGE ( 'NONE', *, *, #2875, .F. ) ;
#3862 = ORIENTED_EDGE ( 'NONE', *, *, #2624, .T. ) ;
#3863 = LINE ( 'NONE', #827, #385 ) ;
#3864 = CARTESIAN_POINT ( 'NONE',  ( -5.859999999999999432, -13.89999999999999858, 6.000000000000000000 ) ) ;
#3865 = VERTEX_POINT ( 'NONE', #372 ) ;
#3866 = ORIENTED_EDGE ( 'NONE', *, *, #2142, .T. ) ;
#3867 = FACE_OUTER_BOUND ( 'NONE', #1351, .T. ) ;
#3868 = EDGE_CURVE ( 'NONE', #896, #3075, #3989, .T. ) ;
#3869 = LINE ( 'NONE', #2961, #5104 ) ;
#3870 = DIRECTION ( 'NONE',  ( 1.000000000000000000, 0.000000000000000000, 0.000000000000000000 ) ) ;
#3871 = ADVANCED_FACE ( 'NONE', ( #5118 ), #5511, .T. ) ;
#3872 = EDGE_CURVE ( 'NONE', #2981, #724, #1373, .T. ) ;
#3873 = ORIENTED_EDGE ( 'NONE', *, *, #2070, .T. ) ;
#3874 = DIRECTION ( 'NONE',  ( 0.000000000000000000, 1.000000000000000000, 0.000000000000000000 ) ) ;
#3875 = LINE ( 'NONE', #5164, #4748 ) ;
#3876 = ADVANCED_FACE ( 'NONE', ( #4718 ), #4670, .T. ) ;
#3877 = DIRECTION ( 'NONE',  ( -1.849736814544524867E-16, -0.000000000000000000, 1.000000000000000000 ) ) ;
#3878 = ORIENTED_EDGE ( 'NONE', *, *, #5009, .T. ) ;
#3879 = FACE_OUTER_BOUND ( 'NONE', #3469, .T. ) ;
#3880 = CARTESIAN_POINT ( 'NONE',  ( 14.44186046511627808, 17.90063312584534216, 25.00000000000000000 ) ) ;
#3881 = DIRECTION ( 'NONE',  ( 1.000000000000000000, -7.885106708985490266E-17, 0.000000000000000000 ) ) ;
#3882 = CARTESIAN_POINT ( 'NONE',  ( -9.799999999999998934, 4.250000000000000000, 33.00000000000000000 ) ) ;
#3883 = FACE_OUTER_BOUND ( 'NONE', #4063, .T. ) ;
#3884 = VERTEX_POINT ( 'NONE', #4240 ) ;
#3885 = ORIENTED_EDGE ( 'NONE', *, *, #4849, .T. ) ;
#3886 = FACE_OUTER_BOUND ( 'NONE', #3465, .T. ) ;
#3887 = DIRECTION ( 'NONE',  ( 0.000000000000000000, 0.000000000000000000, -1.000000000000000000 ) ) ;
#3888 = CARTESIAN_POINT ( 'NONE',  ( -13.50000000000000000, -5.500000000000000000, 0.9999999999999701350 ) ) ;
#3889 = ORIENTED_EDGE ( 'NONE', *, *, #5000, .T. ) ;
#3890 = ORIENTED_EDGE ( 'NONE', *, *, #2830, .T. ) ;
#3891 = CARTESIAN_POINT ( 'NONE',  ( 14.12790697674418006, -17.51148892745739261, 25.00000000000000000 ) ) ;
#3892 = CARTESIAN_POINT ( 'NONE',  ( -6.604487272054069713, -13.39999999999999858, -0.2000000000000025091 ) ) ;
#3893 = FACE_OUTER_BOUND ( 'NONE', #5523, .T. ) ;
#3894 = EDGE_LOOP ( 'NONE', ( #4053, #5310, #1642, #4327 ) ) ;
#3895 = EDGE_CURVE ( 'NONE', #4880, #4939, #1245, .T. ) ;
#3896 = DIRECTION ( 'NONE',  ( 0.5234181058748001991, -0.8520759863078153362, 0.000000000000000000 ) ) ;
#3897 = ADVANCED_FACE ( 'NONE', ( #1183 ), #3427, .F. ) ;
#3898 = CARTESIAN_POINT ( 'NONE',  ( 12.00000000000000000, -16.99999999999999645, 0.3961689313160968728 ) ) ;
#3899 = AXIS2_PLACEMENT_3D ( 'NONE', #3817, #2885, #1159 ) ;
#3900 = ADVANCED_FACE ( 'NONE', ( #839 ), #1608, .T. ) ;
#3901 = CYLINDRICAL_SURFACE ( 'NONE', #4277, 1.499999999999999556 ) ;
#3902 = ORIENTED_EDGE ( 'NONE', *, *, #1487, .T. ) ;
#3903 = FACE_OUTER_BOUND ( 'NONE', #362, .T. ) ;
#3904 = EDGE_CURVE ( 'NONE', #1600, #3825, #4637, .T. ) ;
#3905 = AXIS2_PLACEMENT_3D ( 'NONE', #793, #4184, #1693 ) ;
#3906 = LINE ( 'NONE', #3961, #1667 ) ;
#3907 = CARTESIAN_POINT ( 'NONE',  ( 3.500000000000000888, -20.20000000000000284, 15.49999999999998579 ) ) ;
#3908 = CARTESIAN_POINT ( 'NONE',  ( -12.00000000000000000, 0.000000000000000000, 28.00000000000000000 ) ) ;
#3909 = ORIENTED_EDGE ( 'NONE', *, *, #4178, .T. ) ;
#3910 = ORIENTED_EDGE ( 'NONE', *, *, #922, .T. ) ;
#3911 = PLANE ( 'NONE',  #3844 ) ;
#3912 = DIRECTION ( 'NONE',  ( -0.5734623443633289908, 0.000000000000000000, 0.8192319205190400355 ) ) ;
#3913 = FACE_OUTER_BOUND ( 'NONE', #1472, .T. ) ;
#3914 = ORIENTED_EDGE ( 'NONE', *, *, #3827, .F. ) ;
#3915 = AXIS2_PLACEMENT_3D ( 'NONE', #4433, #3194, #74 ) ;
#3916 = VERTEX_POINT ( 'NONE', #3019 ) ;
#3917 = DIRECTION ( 'NONE',  ( 0.000000000000000000, 0.000000000000000000, -1.000000000000000000 ) ) ;
#3918 = DIRECTION ( 'NONE',  ( 0.000000000000000000, -1.000000000000000000, 0.000000000000000000 ) ) ;
#3919 = VECTOR ( 'NONE', #3917, 1000.000000000000000 ) ;
#3920 = DIRECTION ( 'NONE',  ( 0.000000000000000000, 0.000000000000000000, 1.000000000000000000 ) ) ;
#3921 = AXIS2_PLACEMENT_3D ( 'NONE', #1285, #810, #2983 ) ;
#3922 = CIRCLE ( 'NONE', #2202, 5.000000000000000888 ) ;
#3923 = EDGE_LOOP ( 'NONE', ( #2962, #2919, #3878, #3498 ) ) ;
#3924 = AXIS2_PLACEMENT_3D ( 'NONE', #2333, #4142, #599 ) ;
#3925 = VECTOR ( 'NONE', #2144, 1000.000000000000000 ) ;
#3926 = CARTESIAN_POINT ( 'NONE',  ( 3.500000000000000888, -18.94608041734636217, 24.66662914088455594 ) ) ;
#3927 = DIRECTION ( 'NONE',  ( 1.334402673828311860E-16, 1.000000000000000000, 0.000000000000000000 ) ) ;
#3928 = COLOUR_RGB ( '',0.7921568627450980005, 0.8196078431372548767, 0.9333333333333333481 ) ;
#3929 = CIRCLE ( 'NONE', #5013, 1.499999999999999556 ) ;
#3930 = EDGE_CURVE ( 'NONE', #3697, #3973, #2222, .T. ) ;
#3931 = CARTESIAN_POINT ( 'NONE',  ( 0.000000000000000000, 0.000000000000000000, 24.49999999999998579 ) ) ;
#3932 = ORIENTED_EDGE ( 'NONE', *, *, #3704, .F. ) ;
#3933 = VECTOR ( 'NONE', #4511, 1000.000000000000114 ) ;
#3934 = EDGE_CURVE ( 'NONE', #230, #1728, #5286, .T. ) ;
#3935 = DIRECTION ( 'NONE',  ( 0.000000000000000000, 0.000000000000000000, -1.000000000000000000 ) ) ;
#3936 = CYLINDRICAL_SURFACE ( 'NONE', #1463, 10.00000000000000000 ) ;
#3937 =( BOUNDED_CURVE ( )  B_SPLINE_CURVE ( 3, ( #998, #1426, #3152, #1475 ),
 .UNSPECIFIED., .F., .T. ) 
 B_SPLINE_CURVE_WITH_KNOTS ( ( 4, 4 ),
 ( 4.161931810213319594, 4.851296801330319930 ),
 .UNSPECIFIED. ) 
 CURVE ( )  GEOMETRIC_REPRESENTATION_ITEM ( )  RATIONAL_B_SPLINE_CURVE ( ( 1.000000000000000000, 0.9607885227449090015, 0.9607885227449090015, 1.000000000000000000 ) ) 
 REPRESENTATION_ITEM ( '' )  );
#3938 = ADVANCED_FACE ( 'NONE', ( #44 ), #3957, .T. ) ;
#3939 = EDGE_CURVE ( 'NONE', #230, #5458, #4294, .T. ) ;
#3940 = VECTOR ( 'NONE', #3240, 1000.000000000000000 ) ;
#3941 = VERTEX_POINT ( 'NONE', #2623 ) ;
#3942 = ORIENTED_EDGE ( 'NONE', *, *, #3537, .T. ) ;
#3943 = CARTESIAN_POINT ( 'NONE',  ( -20.50000000000000000, 17.30000000000000071, 8.142135623730919036 ) ) ;
#3944 = AXIS2_PLACEMENT_3D ( 'NONE', #3408, #334, #1638 ) ;
#3945 = DIRECTION ( 'NONE',  ( 0.000000000000000000, 0.000000000000000000, -1.000000000000000000 ) ) ;
#3946 = DIRECTION ( 'NONE',  ( 0.5773502691896303940, -0.5773502691896303940, 0.5773502691896164052 ) ) ;
#3947 = EDGE_CURVE ( 'NONE', #1140, #5297, #3875, .T. ) ;
#3948 = ORIENTED_EDGE ( 'NONE', *, *, #284, .F. ) ;
#3949 = EDGE_LOOP ( 'NONE', ( #1680, #4089 ) ) ;
#3950 = LINE ( 'NONE', #2614, #5453 ) ;
#3951 = FACE_OUTER_BOUND ( 'NONE', #1091, .T. ) ;
#3952 = ORIENTED_EDGE ( 'NONE', *, *, #1690, .F. ) ;
#3953 = VECTOR ( 'NONE', #1893, 1000.000000000000000 ) ;
#3954 = EDGE_LOOP ( 'NONE', ( #1232, #4029, #4794, #203, #195, #2982, #3792, #1277, #3478 ) ) ;
#3955 = CYLINDRICAL_SURFACE ( 'NONE', #4825, 3.249999999999999556 ) ;
#3956 = CARTESIAN_POINT ( 'NONE',  ( -10.50000000000000000, -16.99999999999999645, 9.000000000000000000 ) ) ;
#3957 = CYLINDRICAL_SURFACE ( 'NONE', #3125, 0.2999999999999999334 ) ;
#3958 = CYLINDRICAL_SURFACE ( 'NONE', #4565, 1.499999999999999556 ) ;
#3959 = VERTEX_POINT ( 'NONE', #2197 ) ;
#3960 = DIRECTION ( 'NONE',  ( 0.000000000000000000, 1.000000000000000000, 0.000000000000000000 ) ) ;
#3961 = CARTESIAN_POINT ( 'NONE',  ( -10.50000000000000000, 0.000000000000000000, 8.142135623730919036 ) ) ;
#3962 = CARTESIAN_POINT ( 'NONE',  ( 9.010594162098090720, 5.535079271003109369, 33.00000000000000000 ) ) ;
#3963 = DIRECTION ( 'NONE',  ( 1.000000000000000000, 0.000000000000000000, 0.000000000000000000 ) ) ;
#3964 =( LENGTH_UNIT ( ) NAMED_UNIT ( * ) SI_UNIT ( .MILLI., .METRE. ) );
#3965 = ORIENTED_EDGE ( 'NONE', *, *, #4900, .F. ) ;
#3966 = EDGE_LOOP ( 'NONE', ( #2869, #4001, #867, #3118 ) ) ;
#3967 = DIRECTION ( 'NONE',  ( 0.000000000000000000, 0.000000000000000000, 1.000000000000000000 ) ) ;
#3968 = EDGE_CURVE ( 'NONE', #5419, #3641, #4568, .T. ) ;
#3969 = LINE ( 'NONE', #3063, #3298 ) ;
#3970 = ADVANCED_FACE ( 'NONE', ( #94 ), #4860, .F. ) ;
#3971 = DIRECTION ( 'NONE',  ( 1.000000000000000000, 0.000000000000000000, -0.000000000000000000 ) ) ;
#3972 = ADVANCED_FACE ( 'NONE', ( #4350, #1806 ), #1326, .T. ) ;
#3973 = VERTEX_POINT ( 'NONE', #879 ) ;
#3974 = ORIENTED_EDGE ( 'NONE', *, *, #3506, .T. ) ;
#3975 = LINE ( 'NONE', #2252, #2199 ) ;
#3976 = EDGE_CURVE ( 'NONE', #5430, #4121, #1222, .T. ) ;
#3977 = CYLINDRICAL_SURFACE ( 'NONE', #2127, 1.749999999999999778 ) ;
#3978 = ORIENTED_EDGE ( 'NONE', *, *, #2514, .F. ) ;
#3979 = CARTESIAN_POINT ( 'NONE',  ( 0.000000000000000000, -4.250000000000000000, 0.000000000000000000 ) ) ;
#3980 = DIRECTION ( 'NONE',  ( 1.000000000000000000, -0.000000000000000000, 0.000000000000000000 ) ) ;
#3981 = DIRECTION ( 'NONE',  ( 0.7391304347826088694, 0.000000000000000000, 0.6735623210795504967 ) ) ;
#3982 = DIRECTION ( 'NONE',  ( -0.000000000000000000, -0.7071067811865500152, 0.7071067811865451302 ) ) ;
#3983 = DIRECTION ( 'NONE',  ( -1.000000000000000000, 0.000000000000000000, 0.000000000000000000 ) ) ;
#3984 = DIRECTION ( 'NONE',  ( 1.000000000000000000, 0.000000000000000000, 0.000000000000000000 ) ) ;
#3985 = CARTESIAN_POINT ( 'NONE',  ( 7.055028863459309463, -13.89999999999999858, 0.5168231408637730118 ) ) ;
#3986 = CARTESIAN_POINT ( 'NONE',  ( -13.50000000000000000, -16.99999999999999645, 0.3961689313160864367 ) ) ;
#3987 = CARTESIAN_POINT ( 'NONE',  ( 12.00000000000000000, 16.99999999999999645, 0.9999999999999701350 ) ) ;
#3988 = ORIENTED_EDGE ( 'NONE', *, *, #1029, .F. ) ;
#3989 = CIRCLE ( 'NONE', #3636, 19.10000000000000142 ) ;
#3990 = VERTEX_POINT ( 'NONE', #461 ) ;
#3991 = CARTESIAN_POINT ( 'NONE',  ( -12.00000000000000000, 0.7500000000000000000, 28.00000000000000000 ) ) ;
#3992 = DIRECTION ( 'NONE',  ( 0.000000000000000000, -1.000000000000000000, 0.000000000000000000 ) ) ;
#3993 = PLANE ( 'NONE',  #1229 ) ;
#3994 = ADVANCED_FACE ( 'NONE', ( #2599 ), #4325, .F. ) ;
#3995 = ORIENTED_EDGE ( 'NONE', *, *, #1487, .F. ) ;
#3996 = EDGE_LOOP ( 'NONE', ( #3013, #4490, #2763, #3592 ) ) ;
#3997 = DIRECTION ( 'NONE',  ( 0.000000000000000000, 1.000000000000000000, 0.000000000000000000 ) ) ;
#3998 = DIRECTION ( 'NONE',  ( -0.5773502691896303940, -0.5773502691896303940, -0.5773502691896164052 ) ) ;
#3999 = ADVANCED_FACE ( 'NONE', ( #5229 ), #1355, .F. ) ;
#4000 = ADVANCED_FACE ( 'NONE', ( #4780 ), #929, .T. ) ;
#4001 = ORIENTED_EDGE ( 'NONE', *, *, #5521, .T. ) ;
#4002 = CARTESIAN_POINT ( 'NONE',  ( 14.44186046511627453, -17.90063312584533506, 21.00000000000000000 ) ) ;
#4003 = CARTESIAN_POINT ( 'NONE',  ( 7.500000000000000000, -25.50000000000000000, 6.000000000000000000 ) ) ;
#4004 = AXIS2_PLACEMENT_3D ( 'NONE', #3163, #4861, #1465 ) ;
#4005 = VECTOR ( 'NONE', #3055, 1000.000000000000000 ) ;
#4006 = ADVANCED_FACE ( 'NONE', ( #5253 ), #3105, .F. ) ;
#4007 = DIRECTION ( 'NONE',  ( -0.000000000000000000, -0.000000000000000000, -1.000000000000000000 ) ) ;
#4008 = EDGE_CURVE ( 'NONE', #3973, #4340, #2682, .T. ) ;
#4009 = CYLINDRICAL_SURFACE ( 'NONE', #4835, 1.749999999999999778 ) ;
#4010 = AXIS2_PLACEMENT_3D ( 'NONE', #5357, #1514, #4966 ) ;
#4011 = CIRCLE ( 'NONE', #1391, 3.249999999999999556 ) ;
#4012 = VECTOR ( 'NONE', #4582, 1000.000000000000000 ) ;
#4013 = CARTESIAN_POINT ( 'NONE',  ( -11.49999999999999467, -16.99999999999999645, 10.00000000000000000 ) ) ;
#4014 = CARTESIAN_POINT ( 'NONE',  ( 5.000000000000001776, -22.44994432064364887, 19.50000000000000000 ) ) ;
#4015 = AXIS2_PLACEMENT_3D ( 'NONE', #4559, #5381, #2826 ) ;
#4016 = AXIS2_PLACEMENT_3D ( 'NONE', #1725, #3462, #2916 ) ;
#4017 = CARTESIAN_POINT ( 'NONE',  ( 10.73213150326320076, 5.500000000000000000, 6.000000000000000000 ) ) ;
#4018 = VECTOR ( 'NONE', #3501, 1000.000000000000114 ) ;
#4019 = CARTESIAN_POINT ( 'NONE',  ( -7.021564347915049353, 1.149999999999999911, 0.000000000000000000 ) ) ;
#4020 = CARTESIAN_POINT ( 'NONE',  ( 1.084202172485503941E-16, 4.250000000000000000, 0.000000000000000000 ) ) ;
#4021 = CIRCLE ( 'NONE', #2309, 19.10000000000000142 ) ;
#4022 = VERTEX_POINT ( 'NONE', #2259 ) ;
#4023 = VECTOR ( 'NONE', #2540, 1000.000000000000000 ) ;
#4024 = ORIENTED_EDGE ( 'NONE', *, *, #5136, .F. ) ;
#4025 = DIRECTION ( 'NONE',  ( -0.000000000000000000, 1.000000000000000000, 0.000000000000000000 ) ) ;
#4026 = CARTESIAN_POINT ( 'NONE',  ( 17.00000000000000000, 0.7500000000000000000, 5.000000000000000000 ) ) ;
#4027 = DIRECTION ( 'NONE',  ( -0.000000000000000000, 0.000000000000000000, -1.000000000000000000 ) ) ;
#4028 = VECTOR ( 'NONE', #2387, 1000.000000000000000 ) ;
#4029 = ORIENTED_EDGE ( 'NONE', *, *, #3673, .T. ) ;
#4030 = CARTESIAN_POINT ( 'NONE',  ( 3.500000000000000888, 18.77658115845374454, 24.49999999999999289 ) ) ;
#4031 = AXIS2_PLACEMENT_3D ( 'NONE', #5272, #1882, #3615 ) ;
#4032 = ORIENTED_EDGE ( 'NONE', *, *, #2001, .T. ) ;
#4033 = CIRCLE ( 'NONE', #1591, 1.500000000000000000 ) ;
#4034 = ORIENTED_EDGE ( 'NONE', *, *, #4943, .T. ) ;
#4035 = VECTOR ( 'NONE', #3352, 1000.000000000000000 ) ;
#4036 = CARTESIAN_POINT ( 'NONE',  ( 4.999999999999996447, 23.45501736395210557, 21.00000000000000000 ) ) ;
#4037 = FACE_OUTER_BOUND ( 'NONE', #4763, .T. ) ;
#4038 = ORIENTED_EDGE ( 'NONE', *, *, #3004, .F. ) ;
#4039 = VERTEX_POINT ( 'NONE', #4097 ) ;
#4040 = DIRECTION ( 'NONE',  ( 0.000000000000000000, 0.000000000000000000, 1.000000000000000000 ) ) ;
#4041 = CARTESIAN_POINT ( 'NONE',  ( 5.859999999999999432, 17.30000000000000071, 3.000000000000000000 ) ) ;
#4042 = EDGE_CURVE ( 'NONE', #1599, #384, #1863, .T. ) ;
#4043 = EDGE_CURVE ( 'NONE', #4365, #4983, #1850, .T. ) ;
#4044 = DIRECTION ( 'NONE',  ( 0.000000000000000000, 0.000000000000000000, 1.000000000000000000 ) ) ;
#4045 = DIRECTION ( 'NONE',  ( 1.000000000000000000, 0.000000000000000000, 0.000000000000000000 ) ) ;
#4046 = EDGE_CURVE ( 'NONE', #4481, #3487, #4460, .T. ) ;
#4047 = LINE ( 'NONE', #4387, #3206 ) ;
#4048 = DIRECTION ( 'NONE',  ( 1.000000000000000000, 0.000000000000000000, 0.000000000000000000 ) ) ;
#4049 = EDGE_CURVE ( 'NONE', #4884, #522, #2619, .T. ) ;
#4050 = LINE ( 'NONE', #4924, #5343 ) ;
#4051 = DIRECTION ( 'NONE',  ( -3.336086342942520728E-17, 1.000000000000000000, 0.000000000000000000 ) ) ;
#4052 = ORIENTED_EDGE ( 'NONE', *, *, #587, .F. ) ;
#4053 = ORIENTED_EDGE ( 'NONE', *, *, #996, .F. ) ;
#4054 = CYLINDRICAL_SURFACE ( 'NONE', #1652, 1.499999999999999556 ) ;
#4055 = CARTESIAN_POINT ( 'NONE',  ( -7.500000000000000000, -5.500000000000000000, 6.000000000000000000 ) ) ;
#4056 = DIRECTION ( 'NONE',  ( 0.000000000000000000, 0.000000000000000000, 1.000000000000000000 ) ) ;
#4057 = AXIS2_PLACEMENT_3D ( 'NONE', #1469, #4075, #1078 ) ;
#4058 = FACE_OUTER_BOUND ( 'NONE', #2751, .T. ) ;
#4059 = ORIENTED_EDGE ( 'NONE', *, *, #517, .F. ) ;
#4060 = ORIENTED_EDGE ( 'NONE', *, *, #18, .F. ) ;
#4061 = PLANE ( 'NONE',  #568 ) ;
#4062 = LINE ( 'NONE', #4909, #1498 ) ;
#4063 = EDGE_LOOP ( 'NONE', ( #5513, #2672, #912 ) ) ;
#4064 = EDGE_LOOP ( 'NONE', ( #4567, #3902 ) ) ;
#4065 = EDGE_LOOP ( 'NONE', ( #1839, #2423, #5542, #3885, #695, #3637, #3384, #67, #5103, #1809, #2969, #3328 ) ) ;
#4066 = LINE ( 'NONE', #1434, #4196 ) ;
#4067 = CARTESIAN_POINT ( 'NONE',  ( -7.500000000000000000, 17.30000000000000071, 6.000000000000000000 ) ) ;
#4068 = ORIENTED_EDGE ( 'NONE', *, *, #459, .F. ) ;
#4069 = CARTESIAN_POINT ( 'NONE',  ( -3.000000000000001776, -18.35647024893403412, 15.00000000000000178 ) ) ;
#4070 = CARTESIAN_POINT ( 'NONE',  ( -7.291612123339699991, 1.580668278431285101, 0.000000000000000000 ) ) ;
#4071 = ADVANCED_FACE ( 'NONE', ( #1045 ), #1887, .T. ) ;
#4072 = CARTESIAN_POINT ( 'NONE',  ( 0.000000000000000000, 0.000000000000000000, 15.00000000000000178 ) ) ;
#4073 = DIRECTION ( 'NONE',  ( 0.7071067811865524577, 0.000000000000000000, 0.7071067811865426878 ) ) ;
#4074 = LINE ( 'NONE', #2856, #5071 ) ;
#4075 = DIRECTION ( 'NONE',  ( -0.000000000000000000, -0.000000000000000000, -1.000000000000000000 ) ) ;
#4076 = EDGE_CURVE ( 'NONE', #4589, #3181, #3595, .T. ) ;
#4077 = CARTESIAN_POINT ( 'NONE',  ( -6.843786046090368558, 4.094448893849951254, 3.699783161223059835 ) ) ;
#4078 = ORIENTED_EDGE ( 'NONE', *, *, #3704, .T. ) ;
#4079 = ADVANCED_FACE ( 'NONE', ( #5313 ), #4888, .F. ) ;
#4080 = EDGE_LOOP ( 'NONE', ( #1025, #2775, #5598, #260 ) ) ;
#4081 = ORIENTED_EDGE ( 'NONE', *, *, #4771, .T. ) ;
#4082 = LINE ( 'NONE', #598, #857 ) ;
#4083 = DIRECTION ( 'NONE',  ( 0.000000000000000000, 0.000000000000000000, -1.000000000000000000 ) ) ;
#4084 = LINE ( 'NONE', #4617, #3853 ) ;
#4085 = ORIENTED_EDGE ( 'NONE', *, *, #640, .T. ) ;
#4086 = VECTOR ( 'NONE', #621, 1000.000000000000000 ) ;
#4087 = EDGE_CURVE ( 'NONE', #2557, #1214, #3619, .T. ) ;
#4088 = ORIENTED_EDGE ( 'NONE', *, *, #1791, .T. ) ;
#4089 = ORIENTED_EDGE ( 'NONE', *, *, #5344, .T. ) ;
#4090 = DIRECTION ( 'NONE',  ( 7.885106708985490266E-17, 1.000000000000000000, 0.000000000000000000 ) ) ;
#4091 = LINE ( 'NONE', #5412, #3933 ) ;
#4092 = ORIENTED_EDGE ( 'NONE', *, *, #3316, .F. ) ;
#4093 = ORIENTED_EDGE ( 'NONE', *, *, #5174, .F. ) ;
#4094 = ORIENTED_EDGE ( 'NONE', *, *, #3346, .F. ) ;
#4095 = DIRECTION ( 'NONE',  ( 0.000000000000000000, -0.000000000000000000, -1.000000000000000000 ) ) ;
#4096 = DIRECTION ( 'NONE',  ( -0.000000000000000000, -0.000000000000000000, -1.000000000000000000 ) ) ;
#4097 = CARTESIAN_POINT ( 'NONE',  ( -7.500000000000000000, -18.50000000000000000, 6.000000000000000000 ) ) ;
#4098 = CARTESIAN_POINT ( 'NONE',  ( 6.499999999999997335, 22.06241147291020965, 21.00000000000000000 ) ) ;
#4099 = CIRCLE ( 'NONE', #1387, 10.00000000000000178 ) ;
#4100 = CIRCLE ( 'NONE', #843, 1.118033988749895347 ) ;
#4101 = CARTESIAN_POINT ( 'NONE',  ( 3.166168487925629549, -18.49768630934686442, 15.16616848792562244 ) ) ;
#4102 = DIRECTION ( 'NONE',  ( -1.000000000000000000, 0.000000000000000000, 2.135044278125301343E-15 ) ) ;
#4103 = PLANE ( 'NONE',  #732 ) ;
#4104 = DIRECTION ( 'NONE',  ( 0.000000000000000000, 0.000000000000000000, -1.000000000000000000 ) ) ;
#4105 = CIRCLE ( 'NONE', #4010, 1.499999999999999556 ) ;
#4106 = VECTOR ( 'NONE', #5504, 999.9999999999998863 ) ;
#4107 = CIRCLE ( 'NONE', #478, 1.500000000000000000 ) ;
#4108 = VERTEX_POINT ( 'NONE', #239 ) ;
#4109 = ORIENTED_EDGE ( 'NONE', *, *, #3317, .T. ) ;
#4110 = VECTOR ( 'NONE', #4734, 1000.000000000000000 ) ;
#4111 =( GEOMETRIC_REPRESENTATION_CONTEXT ( 3 ) GLOBAL_UNCERTAINTY_ASSIGNED_CONTEXT ( ( #2612 ) ) GLOBAL_UNIT_ASSIGNED_CONTEXT ( ( #5452, #3198, #1553 ) ) REPRESENTATION_CONTEXT ( 'NONE', 'WORKASPACE' ) );
#4112 = AXIS2_PLACEMENT_3D ( 'NONE', #4399, #514, #4764 ) ;
#4113 = CARTESIAN_POINT ( 'NONE',  ( 9.000000000000001776, -16.99999999999999645, 10.00000000000000000 ) ) ;
#4114 = LINE ( 'NONE', #709, #2227 ) ;
#4115 = EDGE_CURVE ( 'NONE', #1186, #5167, #5368, .T. ) ;
#4116 = EDGE_CURVE ( 'NONE', #1186, #4360, #2035, .T. ) ;
#4117 = CARTESIAN_POINT ( 'NONE',  ( -5.860000000000002984, -13.40000000000000924, 2.999999999999966249 ) ) ;
#4118 = AXIS2_PLACEMENT_3D ( 'NONE', #504, #3491, #3545 ) ;
#4119 = AXIS2_PLACEMENT_3D ( 'NONE', #588, #2792, #4045 ) ;
#4120 = ORIENTED_EDGE ( 'NONE', *, *, #5136, .T. ) ;
#4121 = VERTEX_POINT ( 'NONE', #4494 ) ;
#4122 = VECTOR ( 'NONE', #3191, 1000.000000000000000 ) ;
#4123 = CARTESIAN_POINT ( 'NONE',  ( -11.50000000000000000, -2.250000000000000000, 28.00000000000000000 ) ) ;
#4124 = AXIS2_PLACEMENT_3D ( 'NONE', #4453, #4485, #4369 ) ;
#4125 = DIRECTION ( 'NONE',  ( -1.000000000000000000, 0.000000000000000000, 0.000000000000000000 ) ) ;
#4126 = ADVANCED_FACE ( 'NONE', ( #1497 ), #3253, .F. ) ;
#4127 =( BOUNDED_CURVE ( )  B_SPLINE_CURVE ( 3, ( #2413, #2798, #1980, #3197 ),
 .UNSPECIFIED., .F., .T. ) 
 B_SPLINE_CURVE_WITH_KNOTS ( ( 4, 4 ),
 ( 1.431888505849260085, 2.121253496966264862 ),
 .UNSPECIFIED. ) 
 CURVE ( )  GEOMETRIC_REPRESENTATION_ITEM ( )  RATIONAL_B_SPLINE_CURVE ( ( 1.000000000000000000, 0.9607885227449100007, 0.9607885227449100007, 1.000000000000000000 ) ) 
 REPRESENTATION_ITEM ( '' )  );
#4128 = VECTOR ( 'NONE', #3289, 1000.000000000000000 ) ;
#4129 = ORIENTED_EDGE ( 'NONE', *, *, #712, .T. ) ;
#4130 = VECTOR ( 'NONE', #2585, 1000.000000000000000 ) ;
#4131 = VERTEX_POINT ( 'NONE', #2767 ) ;
#4132 = DIRECTION ( 'NONE',  ( -0.7071067811865512365, 0.000000000000000000, 0.7071067811865439090 ) ) ;
#4133 = DIRECTION ( 'NONE',  ( -1.000000000000000000, 0.000000000000000000, 0.000000000000000000 ) ) ;
#4134 = AXIS2_PLACEMENT_3D ( 'NONE', #3823, #1615, #4677 ) ;
#4135 = DIRECTION ( 'NONE',  ( 0.000000000000000000, 1.000000000000000000, 0.000000000000000000 ) ) ;
#4136 = PLANE ( 'NONE',  #2121 ) ;
#4137 = AXIS2_PLACEMENT_3D ( 'NONE', #4358, #4844, #1332 ) ;
#4138 = FACE_OUTER_BOUND ( 'NONE', #4148, .T. ) ;
#4139 = CARTESIAN_POINT ( 'NONE',  ( -20.50000000000000000, -18.50000000000000000, 8.142135623730919036 ) ) ;
#4140 = ORIENTED_EDGE ( 'NONE', *, *, #5144, .F. ) ;
#4141 = ORIENTED_EDGE ( 'NONE', *, *, #4042, .T. ) ;
#4142 = DIRECTION ( 'NONE',  ( 0.000000000000000000, 0.000000000000000000, 1.000000000000000000 ) ) ;
#4143 = DIRECTION ( 'NONE',  ( 0.000000000000000000, 0.000000000000000000, -1.000000000000000000 ) ) ;
#4144 = CARTESIAN_POINT ( 'NONE',  ( 6.604487272054069713, 17.30000000000000071, 0.2999999999999999889 ) ) ;
#4145 = ORIENTED_EDGE ( 'NONE', *, *, #790, .F. ) ;
#4146 = EDGE_CURVE ( 'NONE', #4625, #4153, #306, .T. ) ;
#4147 = EDGE_CURVE ( 'NONE', #2693, #869, #4917, .T. ) ;
#4148 = EDGE_LOOP ( 'NONE', ( #2728, #2976, #1003, #338 ) ) ;
#4149 = CARTESIAN_POINT ( 'NONE',  ( 3.500000000000000888, -20.20000000000000284, -26.00195117308443216 ) ) ;
#4150 = DIRECTION ( 'NONE',  ( 1.000000000000000000, 0.000000000000000000, 0.000000000000000000 ) ) ;
#4151 = ORIENTED_EDGE ( 'NONE', *, *, #4529, .F. ) ;
#4152 = ADVANCED_FACE ( 'NONE', ( #1976 ), #210, .F. ) ;
#4153 = VERTEX_POINT ( 'NONE', #3683 ) ;
#4154 = DIRECTION ( 'NONE',  ( -1.000000000000000000, -8.673617379884035472E-17, 0.000000000000000000 ) ) ;
#4155 = CARTESIAN_POINT ( 'NONE',  ( 6.440804985062399979E-17, 0.7500000000000000000, 33.00000000000000000 ) ) ;
#4156 = ORIENTED_EDGE ( 'NONE', *, *, #5595, .T. ) ;
#4157 = CARTESIAN_POINT ( 'NONE',  ( 12.00000000000000000, 0.7500000000000000000, 33.00000000000000000 ) ) ;
#4158 = CARTESIAN_POINT ( 'NONE',  ( 13.50000000000000000, -5.500000000000000000, 0.9999999999999701350 ) ) ;
#4159 = CARTESIAN_POINT ( 'NONE',  ( 5.859999999999999432, 17.30000000000000071, 3.000000000000000000 ) ) ;
#4160 = DIRECTION ( 'NONE',  ( 1.000802005371233895E-16, -1.000000000000000000, 0.000000000000000000 ) ) ;
#4161 = CARTESIAN_POINT ( 'NONE',  ( -9.799999999999998934, 4.250000000000000000, 2.230072203107100304 ) ) ;
#4162 = EDGE_LOOP ( 'NONE', ( #2948, #3586, #4451, #1908 ) ) ;
#4163 = ORIENTED_EDGE ( 'NONE', *, *, #3276, .T. ) ;
#4164 = CARTESIAN_POINT ( 'NONE',  ( -14.75000000000000000, -2.250000000000000000, 28.00000000000000000 ) ) ;
#4165 = SPHERICAL_SURFACE ( 'NONE', #1951, 1.500000000000000000 ) ;
#4166 = CARTESIAN_POINT ( 'NONE',  ( -10.50000000000000000, -16.99999999999999645, 10.00000000000000000 ) ) ;
#4167 = ORIENTED_EDGE ( 'NONE', *, *, #5352, .T. ) ;
#4168 = ORIENTED_EDGE ( 'NONE', *, *, #3463, .T. ) ;
#4169 = ORIENTED_EDGE ( 'NONE', *, *, #4840, .T. ) ;
#4170 = CARTESIAN_POINT ( 'NONE',  ( 9.799999999999998934, 4.250000000000000000, 30.76992779689290103 ) ) ;
#4171 = DIRECTION ( 'NONE',  ( -0.000000000000000000, 1.000000000000000000, -0.000000000000000000 ) ) ;
#4172 = CONICAL_SURFACE ( 'NONE', #3364, 0.9999999999999956701, 0.7853981633974452814 ) ;
#4173 = EDGE_CURVE ( 'NONE', #234, #1695, #4021, .T. ) ;
#4174 = ORIENTED_EDGE ( 'NONE', *, *, #1645, .F. ) ;
#4175 = VERTEX_POINT ( 'NONE', #1123 ) ;
#4176 = CYLINDRICAL_SURFACE ( 'NONE', #3200, 10.00000000000000000 ) ;
#4177 = CARTESIAN_POINT ( 'NONE',  ( 13.50000000000000000, 5.500000000000000000, 0.9999999999999701350 ) ) ;
#4178 = EDGE_CURVE ( 'NONE', #4259, #3009, #3709, .T. ) ;
#4179 = VERTEX_POINT ( 'NONE', #123 ) ;
#4180 = DIRECTION ( 'NONE',  ( 0.000000000000000000, 1.000000000000000000, 0.000000000000000000 ) ) ;
#4181 = EDGE_CURVE ( 'NONE', #5244, #5458, #585, .T. ) ;
#4182 = EDGE_CURVE ( 'NONE', #3783, #1318, #5196, .T. ) ;
#4183 = DIRECTION ( 'NONE',  ( 0.000000000000000000, 0.000000000000000000, -1.000000000000000000 ) ) ;
#4184 = DIRECTION ( 'NONE',  ( -0.000000000000000000, -0.000000000000000000, -1.000000000000000000 ) ) ;
#4185 = EDGE_CURVE ( 'NONE', #3523, #2872, #5079, .T. ) ;
#4186 = VERTEX_POINT ( 'NONE', #4157 ) ;
#4187 = ORIENTED_EDGE ( 'NONE', *, *, #996, .T. ) ;
#4188 = VERTEX_POINT ( 'NONE', #4689 ) ;
#4189 = CARTESIAN_POINT ( 'NONE',  ( -11.50000000000000000, -2.250000000000000000, 5.000000000000000000 ) ) ;
#4190 = AXIS2_PLACEMENT_3D ( 'NONE', #4123, #4090, #5472 ) ;
#4191 = DIRECTION ( 'NONE',  ( -0.000000000000000000, -0.000000000000000000, -1.000000000000000000 ) ) ;
#4192 = LINE ( 'NONE', #5384, #2315 ) ;
#4193 = CARTESIAN_POINT ( 'NONE',  ( 14.75000000000000000, -2.250000000000000000, 5.000000000000000000 ) ) ;
#4194 = ORIENTED_EDGE ( 'NONE', *, *, #1918, .F. ) ;
#4195 = AXIS2_PLACEMENT_3D ( 'NONE', #4620, #3780, #1194 ) ;
#4196 = VECTOR ( 'NONE', #4913, 1000.000000000000000 ) ;
#4197 = VECTOR ( 'NONE', #3018, 1000.000000000000000 ) ;
#4198 = ORIENTED_EDGE ( 'NONE', *, *, #4173, .F. ) ;
#4199 = PLANE ( 'NONE',  #483 ) ;
#4200 = PLANE ( 'NONE',  #3220 ) ;
#4201 = VECTOR ( 'NONE', #5169, 1000.000000000000000 ) ;
#4202 = VECTOR ( 'NONE', #4744, 1000.000000000000000 ) ;
#4203 = ORIENTED_EDGE ( 'NONE', *, *, #1378, .T. ) ;
#4204 = VECTOR ( 'NONE', #2106, 1000.000000000000114 ) ;
#4205 = ORIENTED_EDGE ( 'NONE', *, *, #2281, .F. ) ;
#4206 = AXIS2_PLACEMENT_3D ( 'NONE', #741, #3750, #1113 ) ;
#4207 = DIRECTION ( 'NONE',  ( -1.000000000000000000, -1.000802005371235004E-16, 0.000000000000000000 ) ) ;
#4208 = PLANE ( 'NONE',  #3390 ) ;
#4209 = DIRECTION ( 'NONE',  ( 0.000000000000000000, 1.000000000000000000, 0.000000000000000000 ) ) ;
#4210 = ORIENTED_EDGE ( 'NONE', *, *, #4725, .T. ) ;
#4211 = FACE_OUTER_BOUND ( 'NONE', #2741, .T. ) ;
#4212 = AXIS2_PLACEMENT_3D ( 'NONE', #1573, #1653, #3788 ) ;
#4213 = VECTOR ( 'NONE', #4027, 1000.000000000000000 ) ;
#4214 = CARTESIAN_POINT ( 'NONE',  ( -11.50000000000000000, 12.75000000000000000, 28.00000000000000000 ) ) ;
#4215 = ADVANCED_FACE ( 'NONE', ( #1628 ), #2028, .T. ) ;
#4216 = CIRCLE ( 'NONE', #4134, 1.500000000000000000 ) ;
#4217 = CARTESIAN_POINT ( 'NONE',  ( -13.50000000000000000, -16.99999999999999645, 0.000000000000000000 ) ) ;
#4218 = EDGE_CURVE ( 'NONE', #5476, #5329, #286, .T. ) ;
#4219 = VECTOR ( 'NONE', #1699, 1000.000000000000000 ) ;
#4220 = DIRECTION ( 'NONE',  ( 0.7391304347826088694, 0.000000000000000000, 0.6735623210795504967 ) ) ;
#4221 = SHAPE_DEFINITION_REPRESENTATION ( #1341, #5239 ) ;
#4222 = VERTEX_POINT ( 'NONE', #3813 ) ;
#4223 = ORIENTED_EDGE ( 'NONE', *, *, #4446, .T. ) ;
#4224 = EDGE_CURVE ( 'NONE', #730, #603, #2366, .T. ) ;
#4225 = DIRECTION ( 'NONE',  ( -0.000000000000000000, -1.000000000000000000, 0.000000000000000000 ) ) ;
#4226 = CARTESIAN_POINT ( 'NONE',  ( 12.00000000000000000, -16.99999999999999645, 0.3961689313160968728 ) ) ;
#4227 = DIRECTION ( 'NONE',  ( -8.587739980083199972E-17, 1.000000000000000000, 0.000000000000000000 ) ) ;
#4228 = CARTESIAN_POINT ( 'NONE',  ( -14.75000000000000000, 12.75000000000000000, 28.00000000000000000 ) ) ;
#4229 = ORIENTED_EDGE ( 'NONE', *, *, #2971, .T. ) ;
#4230 = EDGE_LOOP ( 'NONE', ( #3121, #1535, #653, #3094 ) ) ;
#4231 = DIRECTION ( 'NONE',  ( -1.000000000000000000, 0.000000000000000000, 2.668805347656626481E-15 ) ) ;
#4232 = CARTESIAN_POINT ( 'NONE',  ( 5.050173215726878162, 18.42026545310647023, 19.89751322578697668 ) ) ;
#4233 = ORIENTED_EDGE ( 'NONE', *, *, #4601, .F. ) ;
#4234 = ORIENTED_EDGE ( 'NONE', *, *, #324, .F. ) ;
#4235 = CARTESIAN_POINT ( 'NONE',  ( 10.50000000000000000, 0.000000000000000000, 10.00000000000000000 ) ) ;
#4236 = EDGE_LOOP ( 'NONE', ( #5515, #3129, #3759, #656, #1651, #1174 ) ) ;
#4237 = DIRECTION ( 'NONE',  ( 0.000000000000000000, 1.000000000000000000, 0.000000000000000000 ) ) ;
#4238 = CARTESIAN_POINT ( 'NONE',  ( 0.000000000000000000, 0.000000000000000000, 15.50000000000001243 ) ) ;
#4239 = DIRECTION ( 'NONE',  ( 0.000000000000000000, 0.000000000000000000, -1.000000000000000000 ) ) ;
#4240 = CARTESIAN_POINT ( 'NONE',  ( -14.75000000000000000, 0.7500000000000000000, 28.00000000000000000 ) ) ;
#4241 = APPLICATION_PROTOCOL_DEFINITION ( 'draft international standard', 'automotive_design', 1998, #1747 ) ;
#4242 = PRODUCT_DEFINITION ( 'æœ', '', #2305, #2234 ) ;
#4243 = EDGE_CURVE ( 'NONE', #5335, #4625, #5508, .T. ) ;
#4244 = ORIENTED_EDGE ( 'NONE', *, *, #5119, .F. ) ;
#4245 = CARTESIAN_POINT ( 'NONE',  ( 8.250000000000000000, 12.75000000000000000, 5.000000000000000000 ) ) ;
#4246 = EDGE_LOOP ( 'NONE', ( #1994, #5263, #2063 ) ) ;
#4247 = FACE_OUTER_BOUND ( 'NONE', #4366, .T. ) ;
#4248 = EDGE_CURVE ( 'NONE', #4502, #1640, #5023, .T. ) ;
#4249 = CARTESIAN_POINT ( 'NONE',  ( 3.500000000000000888, -18.77658115845374454, 24.49999999999999289 ) ) ;
#4250 = FACE_BOUND ( 'NONE', #1787, .T. ) ;
#4251 = DIRECTION ( 'NONE',  ( 0.000000000000000000, -0.000000000000000000, 1.000000000000000000 ) ) ;
#4252 = VERTEX_POINT ( 'NONE', #5056 ) ;
#4253 = ADVANCED_FACE ( 'NONE', ( #2906 ), #2510, .T. ) ;
#4254 = EDGE_LOOP ( 'NONE', ( #4930, #951, #4480, #5197 ) ) ;
#4255 = VERTEX_POINT ( 'NONE', #5134 ) ;
#4256 = CARTESIAN_POINT ( 'NONE',  ( 0.000000000000000000, 0.000000000000000000, 0.000000000000000000 ) ) ;
#4257 = CARTESIAN_POINT ( 'NONE',  ( 6.309163207141377683, 18.02902239582801869, 21.00000000000000355 ) ) ;
#4258 = ADVANCED_FACE ( 'NONE', ( #2081 ), #3308, .F. ) ;
#4259 = VERTEX_POINT ( 'NONE', #1260 ) ;
#4260 = ORIENTED_EDGE ( 'NONE', *, *, #2822, .F. ) ;
#4261 = DIRECTION ( 'NONE',  ( 1.000000000000000000, 0.000000000000000000, 0.000000000000000000 ) ) ;
#4262 = PLANE ( 'NONE',  #2940 ) ;
#4263 = CARTESIAN_POINT ( 'NONE',  ( 12.00000000000000000, 4.898042755699219985E-15, 5.000000000000000000 ) ) ;
#4264 = ORIENTED_EDGE ( 'NONE', *, *, #4591, .F. ) ;
#4265 = AXIS2_PLACEMENT_3D ( 'NONE', #728, #326, #348 ) ;
#4266 = CARTESIAN_POINT ( 'NONE',  ( -5.360000000000012754, -13.89999999999999858, 0.000000000000000000 ) ) ;
#4267 = CARTESIAN_POINT ( 'NONE',  ( 0.000000000000000000, -19.49999999999999289, 10.00000000000000000 ) ) ;
#4268 = ORIENTED_EDGE ( 'NONE', *, *, #5243, .T. ) ;
#4269 = DIRECTION ( 'NONE',  ( 0.000000000000000000, 0.000000000000000000, 1.000000000000000000 ) ) ;
#4270 = DIRECTION ( 'NONE',  ( 0.000000000000000000, -1.000000000000000000, 0.000000000000000000 ) ) ;
#4271 = LINE ( 'NONE', #3370, #4219 ) ;
#4272 = CARTESIAN_POINT ( 'NONE',  ( 11.95000000000000107, 0.7500000000000000000, 24.78130461211380009 ) ) ;
#4273 = DIRECTION ( 'NONE',  ( 1.000000000000000000, 0.000000000000000000, 0.000000000000000000 ) ) ;
#4274 = EDGE_CURVE ( 'NONE', #384, #2015, #5383, .T. ) ;
#4275 = VERTEX_POINT ( 'NONE', #5444 ) ;
#4276 = ORIENTED_EDGE ( 'NONE', *, *, #5248, .F. ) ;
#4277 = AXIS2_PLACEMENT_3D ( 'NONE', #527, #1742, #4781 ) ;
#4278 = EDGE_CURVE ( 'NONE', #5346, #1559, #3760, .T. ) ;
#4279 = AXIS2_PLACEMENT_3D ( 'NONE', #5085, #1247, #2970 ) ;
#4280 = DIRECTION ( 'NONE',  ( 0.000000000000000000, 0.000000000000000000, 1.000000000000000000 ) ) ;
#4281 = ADVANCED_FACE ( 'NONE', ( #5483 ), #1239, .T. ) ;
#4282 = CARTESIAN_POINT ( 'NONE',  ( -5.479744811588823872, -13.89999999999999858, 2.637127190577122526 ) ) ;
#4283 = AXIS2_PLACEMENT_3D ( 'NONE', #3418, #343, #1649 ) ;
#4284 = AXIS2_PLACEMENT_3D ( 'NONE', #2375, #1182, #673 ) ;
#4285 = EDGE_LOOP ( 'NONE', ( #4370, #3259, #62, #5534 ) ) ;
#4286 = VERTEX_POINT ( 'NONE', #5567 ) ;
#4287 = PLANE ( 'NONE',  #1842 ) ;
#4288 = ADVANCED_FACE ( 'NONE', ( #4211 ), #1688, .F. ) ;
#4289 = AXIS2_PLACEMENT_3D ( 'NONE', #4851, #2695, #977 ) ;
#4290 = DIRECTION ( 'NONE',  ( 1.000000000000000000, 0.000000000000000000, 0.000000000000000000 ) ) ;
#4291 = AXIS2_PLACEMENT_3D ( 'NONE', #665, #699, #4492 ) ;
#4292 = VERTEX_POINT ( 'NONE', #1605 ) ;
#4293 = CYLINDRICAL_SURFACE ( 'NONE', #686, 3.249999999999999556 ) ;
#4294 = CIRCLE ( 'NONE', #5288, 1.500000000000000666 ) ;
#4295 = ORIENTED_EDGE ( 'NONE', *, *, #3895, .T. ) ;
#4296 = VECTOR ( 'NONE', #215, 1000.000000000000000 ) ;
#4297 = AXIS2_PLACEMENT_3D ( 'NONE', #4352, #4806, #463 ) ;
#4298 = LINE ( 'NONE', #2083, #4197 ) ;
#4299 = AXIS2_PLACEMENT_3D ( 'NONE', #1537, #633, #658 ) ;
#4300 = DIRECTION ( 'NONE',  ( -1.000000000000000000, 0.000000000000000000, 0.000000000000000000 ) ) ;
#4301 = DIRECTION ( 'NONE',  ( 1.000000000000000000, -1.000802005371235004E-16, 0.000000000000000000 ) ) ;
#4302 = ORIENTED_EDGE ( 'NONE', *, *, #2032, .F. ) ;
#4303 = AXIS2_PLACEMENT_3D ( 'NONE', #3064, #2671, #106 ) ;
#4304 = DIRECTION ( 'NONE',  ( 0.000000000000000000, 0.000000000000000000, -1.000000000000000000 ) ) ;
#4305 = FACE_BOUND ( 'NONE', #204, .T. ) ;
#4306 = DIRECTION ( 'NONE',  ( -1.000000000000000000, 0.000000000000000000, 0.000000000000000000 ) ) ;
#4307 = CARTESIAN_POINT ( 'NONE',  ( -15.00000000000000000, 0.000000000000000000, 15.50000000000001243 ) ) ;
#4308 = DIRECTION ( 'NONE',  ( 0.000000000000000000, 0.000000000000000000, 1.000000000000000000 ) ) ;
#4309 = VERTEX_POINT ( 'NONE', #1156 ) ;
#4310 = EDGE_LOOP ( 'NONE', ( #3638, #721, #917, #2601 ) ) ;
#4311 = CARTESIAN_POINT ( 'NONE',  ( 0.000000000000000000, 1.149999999999999911, 0.000000000000000000 ) ) ;
#4312 = CARTESIAN_POINT ( 'NONE',  ( -9.000000000000001776, -16.99999999999999645, 10.00000000000000000 ) ) ;
#4313 = CARTESIAN_POINT ( 'NONE',  ( 3.000000000000003553, 18.35647024893403412, 15.00000000000000178 ) ) ;
#4314 = ADVANCED_FACE ( 'NONE', ( #2882 ), #3587, .F. ) ;
#4315 = EDGE_CURVE ( 'NONE', #1471, #1540, #1500, .T. ) ;
#4316 = ORIENTED_EDGE ( 'NONE', *, *, #3626, .F. ) ;
#4317 = ORIENTED_EDGE ( 'NONE', *, *, #5219, .T. ) ;
#4318 = CARTESIAN_POINT ( 'NONE',  ( 12.00000000000000000, 0.7500000000000000000, 28.00000000000000000 ) ) ;
#4319 = CARTESIAN_POINT ( 'NONE',  ( 3.500000000000000888, -20.20000000000000284, 24.00000000000000711 ) ) ;
#4320 = ADVANCED_FACE ( 'NONE', ( #1322 ), #2617, .F. ) ;
#4321 = DIRECTION ( 'NONE',  ( 0.000000000000000000, -1.000000000000000000, 0.000000000000000000 ) ) ;
#4322 = EDGE_CURVE ( 'NONE', #297, #4964, #2193, .T. ) ;
#4323 = EDGE_LOOP ( 'NONE', ( #2405, #4187, #1368, #1646, #4032, #308 ) ) ;
#4324 = LINE ( 'NONE', #5163, #3568 ) ;
#4325 = PLANE ( 'NONE',  #4838 ) ;
#4326 = DIRECTION ( 'NONE',  ( 1.000000000000000000, 0.000000000000000000, 0.000000000000000000 ) ) ;
#4327 = ORIENTED_EDGE ( 'NONE', *, *, #329, .F. ) ;
#4328 = DIRECTION ( 'NONE',  ( 0.000000000000000000, -0.000000000000000000, 1.000000000000000000 ) ) ;
#4329 = B_SPLINE_CURVE_WITH_KNOTS ( 'NONE', 3,
 ( #3514, #549, #3926, #2705 ),
 .UNSPECIFIED., .F., .F.,
 ( 4, 4 ),
 ( 0.000000000000000000, 0.0007130620058688211466 ),
 .UNSPECIFIED. ) ;
#4330 = PLANE ( 'NONE',  #953 ) ;
#4331 = CARTESIAN_POINT ( 'NONE',  ( -7.021564347915049353, 1.449999999999999956, 30.00000000000000000 ) ) ;
#4332 = CARTESIAN_POINT ( 'NONE',  ( 11.19534881331188814, 1.978501931817854276, 24.67579819007467634 ) ) ;
#4333 = CARTESIAN_POINT ( 'NONE',  ( 3.500000000000000888, 18.94608041734636217, 24.66662914088455238 ) ) ;
#4334 = ORIENTED_EDGE ( 'NONE', *, *, #2421, .T. ) ;
#4335 = VERTEX_POINT ( 'NONE', #3154 ) ;
#4336 = LINE ( 'NONE', #2581, #4202 ) ;
#4337 = DIRECTION ( 'NONE',  ( 1.000000000000000000, 0.000000000000000000, 0.000000000000000000 ) ) ;
#4338 = FACE_OUTER_BOUND ( 'NONE', #1276, .T. ) ;
#4339 = ORIENTED_EDGE ( 'NONE', *, *, #720, .T. ) ;
#4340 = VERTEX_POINT ( 'NONE', #2303 ) ;
#4341 = DIRECTION ( 'NONE',  ( 0.000000000000000000, 0.000000000000000000, 1.000000000000000000 ) ) ;
#4342 = PLANE ( 'NONE',  #3399 ) ;
#4343 = EDGE_CURVE ( 'NONE', #5297, #3373, #3402, .T. ) ;
#4344 = DIRECTION ( 'NONE',  ( 0.000000000000000000, 0.000000000000000000, 1.000000000000000000 ) ) ;
#4345 = ORIENTED_EDGE ( 'NONE', *, *, #1242, .F. ) ;
#4346 = EDGE_CURVE ( 'NONE', #4600, #4335, #397, .T. ) ;
#4347 = CARTESIAN_POINT ( 'NONE',  ( 18.60000000000000497, 0.000000000000000000, 15.00000000000000178 ) ) ;
#4348 = ADVANCED_FACE ( 'NONE', ( #1902 ), #5195, .F. ) ;
#4349 = ADVANCED_FACE ( 'NONE', ( #1001 ), #3447, .F. ) ;
#4350 = FACE_OUTER_BOUND ( 'NONE', #3954, .T. ) ;
#4351 = VECTOR ( 'NONE', #2687, 1000.000000000000000 ) ;
#4352 = CARTESIAN_POINT ( 'NONE',  ( -11.50000000000000000, 4.250000000000000000, 5.000000000000000000 ) ) ;
#4353 = EDGE_LOOP ( 'NONE', ( #222, #1774, #2155, #4910 ) ) ;
#4354 = CARTESIAN_POINT ( 'NONE',  ( 14.99999999999999645, 15.55988431833605290, 24.50000000000000000 ) ) ;
#4355 = LINE ( 'NONE', #3027, #4654 ) ;
#4356 = EDGE_CURVE ( 'NONE', #1037, #1388, #3610, .T. ) ;
#4357 = DIRECTION ( 'NONE',  ( -0.000000000000000000, -1.000000000000000000, -0.000000000000000000 ) ) ;
#4358 = CARTESIAN_POINT ( 'NONE',  ( 0.000000000000000000, 0.000000000000000000, 15.00000000000000178 ) ) ;
#4359 = CARTESIAN_POINT ( 'NONE',  ( -7.500000000000000000, -25.50000000000000000, 6.000000000000000000 ) ) ;
#4360 = VERTEX_POINT ( 'NONE', #4030 ) ;
#4361 = ORIENTED_EDGE ( 'NONE', *, *, #1757, .F. ) ;
#4362 = LINE ( 'NONE', #1310, #672 ) ;
#4363 = CARTESIAN_POINT ( 'NONE',  ( -23.00000000000000000, 0.000000000000000000, 24.49999999999999289 ) ) ;
#4364 = DIRECTION ( 'NONE',  ( 1.000000000000000000, 0.000000000000000000, 0.000000000000000000 ) ) ;
#4365 = VERTEX_POINT ( 'NONE', #3049 ) ;
#4366 = EDGE_LOOP ( 'NONE', ( #3045, #1081, #1995, #4052 ) ) ;
#4367 = ORIENTED_EDGE ( 'NONE', *, *, #2212, .T. ) ;
#4368 = CARTESIAN_POINT ( 'NONE',  ( 4.999999999999996447, 22.44994432064364887, 25.00000000000000000 ) ) ;
#4369 = DIRECTION ( 'NONE',  ( 1.000000000000000000, -2.551063935260009690E-17, 0.000000000000000000 ) ) ;
#4370 = ORIENTED_EDGE ( 'NONE', *, *, #797, .F. ) ;
#4371 = CONICAL_SURFACE ( 'NONE', #4642, 22.49999999999999645, 0.7853981633974447263 ) ;
#4372 = VECTOR ( 'NONE', #4095, 1000.000000000000000 ) ;
#4373 = PRESENTATION_LAYER_ASSIGNMENT (  '', '', ( #1209 ) ) ;
#4374 = ORIENTED_EDGE ( 'NONE', *, *, #5316, .F. ) ;
#4375 = CIRCLE ( 'NONE', #294, 3.249999999999999556 ) ;
#4376 = VECTOR ( 'NONE', #1946, 1000.000000000000000 ) ;
#4377 = LINE ( 'NONE', #2283, #3567 ) ;
#4378 = DIRECTION ( 'NONE',  ( -0.000000000000000000, -0.000000000000000000, -1.000000000000000000 ) ) ;
#4379 = PRODUCT_DEFINITION_CONTEXT ( 'detailed design', #1747, 'design' ) ;
#4380 = CARTESIAN_POINT ( 'NONE',  ( 11.50000000000000000, -2.250000000000000000, 5.000000000000000000 ) ) ;
#4381 = PRESENTATION_LAYER_ASSIGNMENT (  '', '', ( #1216 ) ) ;
#4382 = CIRCLE ( 'NONE', #2105, 1.499999999999999556 ) ;
#4383 = DIRECTION ( 'NONE',  ( 0.6735623210795507187, -0.000000000000000000, 0.7391304347826087584 ) ) ;
#4384 = EDGE_CURVE ( 'NONE', #4445, #1909, #5354, .T. ) ;
#4385 = ADVANCED_FACE ( 'NONE', ( #3012, #4775 ), #900, .T. ) ;
#4386 = ORIENTED_EDGE ( 'NONE', *, *, #5276, .T. ) ;
#4387 = CARTESIAN_POINT ( 'NONE',  ( 15.00000000000000000, 1.836970198721029589E-15, 15.50000000000001243 ) ) ;
#4388 = VECTOR ( 'NONE', #344, 1000.000000000000000 ) ;
#4389 = CARTESIAN_POINT ( 'NONE',  ( 9.799999999999998934, 4.250000000000000000, 25.23007220310709897 ) ) ;
#4390 = CARTESIAN_POINT ( 'NONE',  ( 12.51699029126213070, -14.42688303302032082, 15.00000000000000178 ) ) ;
#4391 = DIRECTION ( 'NONE',  ( 0.000000000000000000, 1.000000000000000000, 0.000000000000000000 ) ) ;
#4392 = EDGE_CURVE ( 'NONE', #4481, #1691, #3476, .T. ) ;
#4393 = DIRECTION ( 'NONE',  ( 0.000000000000000000, -1.000000000000000000, 0.000000000000000000 ) ) ;
#4394 = AXIS2_PLACEMENT_3D ( 'NONE', #5160, #4479, #2985 ) ;
#4395 = VECTOR ( 'NONE', #1450, 1000.000000000000000 ) ;
#4396 = EDGE_CURVE ( 'NONE', #3373, #3773, #563, .T. ) ;
#4397 = ORIENTED_EDGE ( 'NONE', *, *, #2618, .F. ) ;
#4398 = ORIENTED_EDGE ( 'NONE', *, *, #1374, .T. ) ;
#4399 = CARTESIAN_POINT ( 'NONE',  ( -10.50000000000000000, 0.000000000000000000, 10.00000000000000000 ) ) ;
#4400 = DIRECTION ( 'NONE',  ( 1.000000000000000000, 0.000000000000000000, 0.000000000000000000 ) ) ;
#4401 = LINE ( 'NONE', #4792, #405 ) ;
#4402 = ORIENTED_EDGE ( 'NONE', *, *, #2650, .F. ) ;
#4403 = ORIENTED_EDGE ( 'NONE', *, *, #2418, .T. ) ;
#4404 = CARTESIAN_POINT ( 'NONE',  ( 4.999999999999996447, 23.45501736395210557, 17.00000000000000000 ) ) ;
#4405 = DIRECTION ( 'NONE',  ( 0.000000000000000000, 0.000000000000000000, 1.000000000000000000 ) ) ;
#4406 = ORIENTED_EDGE ( 'NONE', *, *, #1275, .F. ) ;
#4407 = LINE ( 'NONE', #5336, #1018 ) ;
#4408 = LINE ( 'NONE', #1435, #2480 ) ;
#4409 = CARTESIAN_POINT ( 'NONE',  ( 11.49999999999999467, 16.99999999999999645, 10.00000000000000000 ) ) ;
#4410 = CARTESIAN_POINT ( 'NONE',  ( 3.500000000000000888, 4.800975586542213236, -1.000975586542041773 ) ) ;
#4411 = CARTESIAN_POINT ( 'NONE',  ( 0.000000000000000000, 0.000000000000000000, 21.00000000000000000 ) ) ;
#4412 = DIRECTION ( 'NONE',  ( 0.000000000000000000, 0.000000000000000000, 1.000000000000000000 ) ) ;
#4413 = LINE ( 'NONE', #990, #2370 ) ;
#4414 = ADVANCED_FACE ( 'NONE', ( #4058 ), #4293, .F. ) ;
#4415 = CARTESIAN_POINT ( 'NONE',  ( 0.000000000000000000, 0.1499999999999999667, 24.99999999999999645 ) ) ;
#4416 = CARTESIAN_POINT ( 'NONE',  ( 14.99999999999999822, -16.73320053068150060, 24.50000000000000000 ) ) ;
#4417 = VERTEX_POINT ( 'NONE', #4444 ) ;
#4418 = ORIENTED_EDGE ( 'NONE', *, *, #5570, .T. ) ;
#4419 = ADVANCED_FACE ( 'NONE', ( #3893 ), #5591, .T. ) ;
#4420 = DIRECTION ( 'NONE',  ( 0.4336462817275460457, 0.000000000000000000, 0.9010831828104849395 ) ) ;
#4421 = CYLINDRICAL_SURFACE ( 'NONE', #2766, 23.00000000000000000 ) ;
#4422 = EDGE_CURVE ( 'NONE', #1030, #697, #5328, .T. ) ;
#4423 = ORIENTED_EDGE ( 'NONE', *, *, #91, .T. ) ;
#4424 = ORIENTED_EDGE ( 'NONE', *, *, #5456, .T. ) ;
#4425 = PLANE ( 'NONE',  #2738 ) ;
#4426 = CARTESIAN_POINT ( 'NONE',  ( -23.00000000000000000, 2.816687638038912352E-15, 10.49999999999999112 ) ) ;
#4427 = EDGE_CURVE ( 'NONE', #4625, #1909, #1592, .T. ) ;
#4428 = ORIENTED_EDGE ( 'NONE', *, *, #4147, .T. ) ;
#4429 = PLANE ( 'NONE',  #3746 ) ;
#4430 = DIRECTION ( 'NONE',  ( 0.000000000000000000, 1.000000000000000000, 0.000000000000000000 ) ) ;
#4431 = CARTESIAN_POINT ( 'NONE',  ( -9.010594162098090720, 5.535079271003109369, 33.00000000000000000 ) ) ;
#4432 = CYLINDRICAL_SURFACE ( 'NONE', #2571, 5.000000000000000888 ) ;
#4433 = CARTESIAN_POINT ( 'NONE',  ( 11.50000000000000000, -2.250000000000000000, 5.000000000000000000 ) ) ;
#4434 = LINE ( 'NONE', #3165, #4296 ) ;
#4435 = DIRECTION ( 'NONE',  ( 0.000000000000000000, 1.000000000000000000, 0.000000000000000000 ) ) ;
#4436 = DIRECTION ( 'NONE',  ( 1.000000000000000000, -7.950815931560366901E-15, 0.000000000000000000 ) ) ;
#4437 = LINE ( 'NONE', #4359, #2208 ) ;
#4438 = ORIENTED_EDGE ( 'NONE', *, *, #820, .T. ) ;
#4439 = VECTOR ( 'NONE', #1527, 1000.000000000000000 ) ;
#4440 = VERTEX_POINT ( 'NONE', #3322 ) ;
#4441 = DIRECTION ( 'NONE',  ( 0.5234181058748001991, -0.8520759863078153362, 0.000000000000000000 ) ) ;
#4442 = LINE ( 'NONE', #25, #315 ) ;
#4443 = VERTEX_POINT ( 'NONE', #5465 ) ;
#4444 = CARTESIAN_POINT ( 'NONE',  ( 6.208387876660290239, 3.819331721568715476, 0.000000000000000000 ) ) ;
#4445 = VERTEX_POINT ( 'NONE', #1511 ) ;
#4446 = EDGE_CURVE ( 'NONE', #5356, #569, #227, .T. ) ;
#4447 = VECTOR ( 'NONE', #1461, 1000.000000000000000 ) ;
#4448 = ORIENTED_EDGE ( 'NONE', *, *, #292, .F. ) ;
#4449 = EDGE_CURVE ( 'NONE', #5052, #280, #1558, .T. ) ;
#4450 = ADVANCED_FACE ( 'NONE', ( #5043 ), #3665, .T. ) ;
#4451 = ORIENTED_EDGE ( 'NONE', *, *, #1971, .F. ) ;
#4452 = CARTESIAN_POINT ( 'NONE',  ( 9.799999999999998934, 4.250000000000000000, 30.76992779689290103 ) ) ;
#4453 = CARTESIAN_POINT ( 'NONE',  ( 1.084202172485503941E-16, 4.250000000000000000, 30.00000000000000000 ) ) ;
#4454 = ORIENTED_EDGE ( 'NONE', *, *, #4519, .F. ) ;
#4455 = PRODUCT ( 'WG110-\X2\624b59574e0e\X0\pico tracker\X2\8fde63a54ef6\X0\-00A \X2\88c5914d4f53\X0\1', 'WG110-\X2\624b59574e0e\X0\pico tracker\X2\8fde63a54ef6\X0\-00A \X2\88c5914d4f53\X0\1', '', ( #3401 ) ) ;
#4456 = EDGE_CURVE ( 'NONE', #1640, #4179, #1060, .T. ) ;
#4457 = LINE ( 'NONE', #582, #574 ) ;
#4458 = DIRECTION ( 'NONE',  ( 1.000000000000000000, 0.000000000000000000, 0.000000000000000000 ) ) ;
#4459 = VECTOR ( 'NONE', #1536, 1000.000000000000000 ) ;
#4460 = LINE ( 'NONE', #1436, #4122 ) ;
#4461 = LINE ( 'NONE', #2408, #1404 ) ;
#4462 = AXIS2_PLACEMENT_3D ( 'NONE', #1022, #5350, #2864 ) ;
#4463 = CIRCLE ( 'NONE', #1751, 5.000000000000000000 ) ;
#4464 = DIRECTION ( 'NONE',  ( 1.000000000000000000, 0.000000000000000000, 0.000000000000000000 ) ) ;
#4465 = DIRECTION ( 'NONE',  ( -1.000000000000000000, 0.000000000000000000, 0.000000000000000000 ) ) ;
#4466 =( GEOMETRIC_REPRESENTATION_CONTEXT ( 3 ) GLOBAL_UNCERTAINTY_ASSIGNED_CONTEXT ( ( #3008 ) ) GLOBAL_UNIT_ASSIGNED_CONTEXT ( ( #3795, #4674, #529 ) ) REPRESENTATION_CONTEXT ( 'NONE', 'WORKASPACE' ) );
#4467 = VECTOR ( 'NONE', #3147, 1000.000000000000000 ) ;
#4468 = DIRECTION ( 'NONE',  ( -0.000000000000000000, -0.000000000000000000, -1.000000000000000000 ) ) ;
#4469 = VECTOR ( 'NONE', #4430, 1000.000000000000000 ) ;
#4470 = CARTESIAN_POINT ( 'NONE',  ( -9.799999999999998934, 4.250000000000000000, 30.76992779689290103 ) ) ;
#4471 = VERTEX_POINT ( 'NONE', #652 ) ;
#4472 = AXIS2_PLACEMENT_3D ( 'NONE', #4113, #1448, #5431 ) ;
#4473 = VERTEX_POINT ( 'NONE', #710 ) ;
#4474 = CARTESIAN_POINT ( 'NONE',  ( -10.50000000000000000, -16.99999999999999645, 8.142135623730919036 ) ) ;
#4475 = CARTESIAN_POINT ( 'NONE',  ( 0.000000000000000000, 0.000000000000000000, 17.00000000000000000 ) ) ;
#4476 = CARTESIAN_POINT ( 'NONE',  ( 0.000000000000000000, 0.1499999999999999667, 24.99999999999999645 ) ) ;
#4477 = VECTOR ( 'NONE', #250, 1000.000000000000114 ) ;
#4478 = EDGE_LOOP ( 'NONE', ( #1067, #2679, #4339, #3812, #3088, #5127 ) ) ;
#4479 = DIRECTION ( 'NONE',  ( 7.885106708985490266E-17, 1.000000000000000000, 0.000000000000000000 ) ) ;
#4480 = ORIENTED_EDGE ( 'NONE', *, *, #4049, .F. ) ;
#4481 = VERTEX_POINT ( 'NONE', #4532 ) ;
#4482 = EDGE_LOOP ( 'NONE', ( #1224, #3889 ) ) ;
#4483 = VECTOR ( 'NONE', #1590, 1000.000000000000114 ) ;
#4484 = CARTESIAN_POINT ( 'NONE',  ( 7.004487272054069180, -13.89999999999999858, 0.000000000000000000 ) ) ;
#4485 = DIRECTION ( 'NONE',  ( 2.551063935260009690E-17, 1.000000000000000000, 0.000000000000000000 ) ) ;
#4486 = EDGE_CURVE ( 'NONE', #440, #2183, #4935, .T. ) ;
#4487 = EDGE_CURVE ( 'NONE', #4502, #3515, #2441, .T. ) ;
#4488 = ORIENTED_EDGE ( 'NONE', *, *, #5106, .T. ) ;
#4489 = ORIENTED_EDGE ( 'NONE', *, *, #2313, .F. ) ;
#4490 = ORIENTED_EDGE ( 'NONE', *, *, #2650, .T. ) ;
#4491 = DIRECTION ( 'NONE',  ( 0.000000000000000000, 1.000000000000000000, 0.000000000000000000 ) ) ;
#4492 = DIRECTION ( 'NONE',  ( 0.000000000000000000, 0.000000000000000000, 1.000000000000000000 ) ) ;
#4493 = ADVANCED_FACE ( 'NONE', ( #4562 ), #2868, .T. ) ;
#4494 = CARTESIAN_POINT ( 'NONE',  ( 8.250000000000000000, -2.250000000000000000, 5.000000000000000000 ) ) ;
#4495 = EDGE_CURVE ( 'NONE', #4964, #1375, #42, .T. ) ;
#4496 = DIRECTION ( 'NONE',  ( 0.000000000000000000, 1.000000000000000000, 0.000000000000000000 ) ) ;
#4497 = DIRECTION ( 'NONE',  ( 0.000000000000000000, -1.000000000000000000, 0.000000000000000000 ) ) ;
#4498 = DIRECTION ( 'NONE',  ( 1.000000000000000000, 0.000000000000000000, 0.000000000000000000 ) ) ;
#4499 = CARTESIAN_POINT ( 'NONE',  ( 3.000000000000003997, 0.000000000000000000, 15.00000000000000178 ) ) ;
#4500 = DIRECTION ( 'NONE',  ( 0.000000000000000000, 0.000000000000000000, 1.000000000000000000 ) ) ;
#4501 = DIRECTION ( 'NONE',  ( 1.000000000000000000, 0.000000000000000000, 0.000000000000000000 ) ) ;
#4502 = VERTEX_POINT ( 'NONE', #4507 ) ;
#4503 = VERTEX_POINT ( 'NONE', #5016 ) ;
#4504 = DIRECTION ( 'NONE',  ( -0.000000000000000000, -0.000000000000000000, 1.000000000000000000 ) ) ;
#4505 = CARTESIAN_POINT ( 'NONE',  ( -9.010594162098090720, 5.535079271003109369, 0.000000000000000000 ) ) ;
#4506 = LINE ( 'NONE', #628, #3503 ) ;
#4507 = CARTESIAN_POINT ( 'NONE',  ( 14.44186046511627808, 17.90063312584534216, 24.49999999999999289 ) ) ;
#4508 = ORIENTED_EDGE ( 'NONE', *, *, #4703, .T. ) ;
#4509 = ORIENTED_EDGE ( 'NONE', *, *, #1244, .F. ) ;
#4510 = FACE_OUTER_BOUND ( 'NONE', #3448, .T. ) ;
#4511 = DIRECTION ( 'NONE',  ( -0.7071067811865451302, 0.000000000000000000, 0.7071067811865500152 ) ) ;
#4512 = ORIENTED_EDGE ( 'NONE', *, *, #1342, .F. ) ;
#4513 = ORIENTED_EDGE ( 'NONE', *, *, #1641, .T. ) ;
#4514 = ORIENTED_EDGE ( 'NONE', *, *, #2274, .T. ) ;
#4515 = CARTESIAN_POINT ( 'NONE',  ( 12.00000000000000000, 0.7500000000000000000, 5.000000000000000000 ) ) ;
#4516 = FACE_OUTER_BOUND ( 'NONE', #275, .T. ) ;
#4517 = EDGE_CURVE ( 'NONE', #4039, #4684, #4084, .T. ) ;
#4518 = DIRECTION ( 'NONE',  ( 0.000000000000000000, 0.7071067811865389130, -0.7071067811865561215 ) ) ;
#4519 = EDGE_CURVE ( 'NONE', #3941, #5244, #1533, .T. ) ;
#4520 = CARTESIAN_POINT ( 'NONE',  ( 15.50000000000000000, 1.898202538678397163E-15, 15.00000000000000178 ) ) ;
#4521 = EDGE_CURVE ( 'NONE', #1640, #3702, #4192, .T. ) ;
#4522 = EDGE_CURVE ( 'NONE', #3423, #1589, #1410, .T. ) ;
#4523 = DIRECTION ( 'NONE',  ( 1.000000000000000000, 0.000000000000000000, 0.000000000000000000 ) ) ;
#4524 = LINE ( 'NONE', #1550, #4439 ) ;
#4525 = DIRECTION ( 'NONE',  ( -0.000000000000000000, -0.000000000000000000, 1.000000000000000000 ) ) ;
#4526 = DIRECTION ( 'NONE',  ( 1.000000000000000000, 0.000000000000000000, 0.000000000000000000 ) ) ;
#4527 = EDGE_LOOP ( 'NONE', ( #3182, #3782, #744, #533 ) ) ;
#4528 = EDGE_LOOP ( 'NONE', ( #4821, #2276, #3260, #1903, #2955, #4120 ) ) ;
#4529 = EDGE_CURVE ( 'NONE', #3959, #5225, #3263, .T. ) ;
#4530 = FACE_OUTER_BOUND ( 'NONE', #5395, .T. ) ;
#4531 = CARTESIAN_POINT ( 'NONE',  ( 14.99999999999999645, 16.73320053068151125, 20.99999999999999645 ) ) ;
#4532 = CARTESIAN_POINT ( 'NONE',  ( -17.00000000000000000, -4.250000000000000000, 28.00000000000000000 ) ) ;
#4533 = ORIENTED_EDGE ( 'NONE', *, *, #5138, .T. ) ;
#4534 = EDGE_LOOP ( 'NONE', ( #60, #950, #2041, #1942 ) ) ;
#4535 = PLANE ( 'NONE',  #4190 ) ;
#4536 = DIRECTION ( 'NONE',  ( -1.000000000000000000, 0.000000000000000000, 0.000000000000000000 ) ) ;
#4537 = EDGE_LOOP ( 'NONE', ( #1884, #342, #73, #4769 ) ) ;
#4538 = ORIENTED_EDGE ( 'NONE', *, *, #5165, .F. ) ;
#4539 = VERTEX_POINT ( 'NONE', #2045 ) ;
#4540 = EDGE_LOOP ( 'NONE', ( #1781, #2369, #1665, #1446 ) ) ;
#4541 = CARTESIAN_POINT ( 'NONE',  ( 12.00000000000000000, -18.50000000000000000, 0.000000000000000000 ) ) ;
#4542 = DIRECTION ( 'NONE',  ( 1.000000000000000000, 0.000000000000000000, 0.000000000000000000 ) ) ;
#4543 = DIRECTION ( 'NONE',  ( 0.000000000000000000, 0.000000000000000000, -1.000000000000000000 ) ) ;
#4544 = CARTESIAN_POINT ( 'NONE',  ( -6.528035413153459920, 3.158726812816190055, 30.00000000000000000 ) ) ;
#4545 = VECTOR ( 'NONE', #500, 1000.000000000000000 ) ;
#4546 = CONICAL_SURFACE ( 'NONE', #1654, 0.9999999999999956701, 0.7853981633974452814 ) ;
#4547 =( LENGTH_UNIT ( ) NAMED_UNIT ( * ) SI_UNIT ( .MILLI., .METRE. ) );
#4548 = LINE ( 'NONE', #592, #4987 ) ;
#4549 = CARTESIAN_POINT ( 'NONE',  ( 4.999999999999996447, 23.45501736395210557, 19.50000000000000000 ) ) ;
#4550 = SURFACE_STYLE_FILL_AREA ( #646 ) ;
#4551 = AXIS2_PLACEMENT_3D ( 'NONE', #4609, #702, #2058 ) ;
#4552 = VECTOR ( 'NONE', #267, 1000.000000000000000 ) ;
#4553 = ADVANCED_FACE ( 'NONE', ( #1960 ), #2321, .F. ) ;
#4554 = ORIENTED_EDGE ( 'NONE', *, *, #3606, .F. ) ;
#4555 = ORIENTED_EDGE ( 'NONE', *, *, #3006, .T. ) ;
#4556 = VECTOR ( 'NONE', #3912, 1000.000000000000000 ) ;
#4557 = VECTOR ( 'NONE', #5092, 1000.000000000000000 ) ;
#4558 = VECTOR ( 'NONE', #5443, 1000.000000000000000 ) ;
#4559 = CARTESIAN_POINT ( 'NONE',  ( 0.000000000000000000, 0.000000000000000000, 25.00000000000000000 ) ) ;
#4560 = EDGE_CURVE ( 'NONE', #2330, #5592, #965, .T. ) ;
#4561 = CARTESIAN_POINT ( 'NONE',  ( 3.500000000000000888, 20.19999999999999574, -26.00195117308443216 ) ) ;
#4562 = FACE_OUTER_BOUND ( 'NONE', #4527, .T. ) ;
#4563 = ADVANCED_FACE ( 'NONE', ( #4250, #2124 ), #5064, .F. ) ;
#4564 = AXIS2_PLACEMENT_3D ( 'NONE', #5291, #3056, #1418 ) ;
#4565 = AXIS2_PLACEMENT_3D ( 'NONE', #5256, #1381, #5141 ) ;
#4566 = VERTEX_POINT ( 'NONE', #822 ) ;
#4567 = ORIENTED_EDGE ( 'NONE', *, *, #1585, .T. ) ;
#4568 = CIRCLE ( 'NONE', #2126, 1.749999999999999778 ) ;
#4569 = PLANE ( 'NONE',  #4824 ) ;
#4570 = VECTOR ( 'NONE', #5107, 1000.000000000000000 ) ;
#4571 = FACE_OUTER_BOUND ( 'NONE', #663, .T. ) ;
#4572 = EDGE_LOOP ( 'NONE', ( #3302, #2655, #558, #1485 ) ) ;
#4573 = VECTOR ( 'NONE', #432, 1000.000000000000000 ) ;
#4574 = EDGE_LOOP ( 'NONE', ( #5154, #3837, #4233, #2495 ) ) ;
#4575 = VECTOR ( 'NONE', #3005, 1000.000000000000000 ) ;
#4576 = ORIENTED_EDGE ( 'NONE', *, *, #85, .T. ) ;
#4577 = CARTESIAN_POINT ( 'NONE',  ( -7.321564347915050064, 1.449999999999999956, 0.000000000000000000 ) ) ;
#4578 = CARTESIAN_POINT ( 'NONE',  ( -3.499999999999999112, -20.20000000000000284, 15.49999999999998579 ) ) ;
#4579 = AXIS2_PLACEMENT_3D ( 'NONE', #2604, #5091, #1724 ) ;
#4580 = CARTESIAN_POINT ( 'NONE',  ( -7.021564347915049353, 1.449999999999999956, 30.00000000000000000 ) ) ;
#4581 = CARTESIAN_POINT ( 'NONE',  ( 20.50000000000000000, 17.00000000000000000, 8.142135623730929694 ) ) ;
#4582 = DIRECTION ( 'NONE',  ( -1.000000000000000000, 0.000000000000000000, 0.000000000000000000 ) ) ;
#4583 = CIRCLE ( 'NONE', #1872, 1.749999999999999778 ) ;
#4584 = CARTESIAN_POINT ( 'NONE',  ( 5.859999999999999432, -13.40000000000001279, 3.000000000000000000 ) ) ;
#4585 = CIRCLE ( 'NONE', #1631, 1.499999999999999556 ) ;
#4586 = DIRECTION ( 'NONE',  ( 0.000000000000000000, 0.000000000000000000, 1.000000000000000000 ) ) ;
#4587 = DIRECTION ( 'NONE',  ( 1.000000000000000000, -1.849736814544525113E-16, 1.849736814544525113E-16 ) ) ;
#4588 = VERTEX_POINT ( 'NONE', #851 ) ;
#4589 = VERTEX_POINT ( 'NONE', #4307 ) ;
#4590 = DIRECTION ( 'NONE',  ( -0.000000000000000000, -1.000000000000000000, -0.000000000000000000 ) ) ;
#4591 = EDGE_CURVE ( 'NONE', #3916, #1733, #4216, .T. ) ;
#4592 = CARTESIAN_POINT ( 'NONE',  ( 4.999999999999996447, 18.43393609623295148, 19.50000000000000000 ) ) ;
#4593 = DIRECTION ( 'NONE',  ( 0.000000000000000000, 0.000000000000000000, 1.000000000000000000 ) ) ;
#4594 = ADVANCED_FACE ( 'NONE', ( #2997 ), #801, .T. ) ;
#4595 = ORIENTED_EDGE ( 'NONE', *, *, #1444, .F. ) ;
#4596 = ORIENTED_EDGE ( 'NONE', *, *, #901, .T. ) ;
#4597 = LINE ( 'NONE', #1934, #1657 ) ;
#4598 = EDGE_CURVE ( 'NONE', #4589, #559, #2134, .T. ) ;
#4599 = DIRECTION ( 'NONE',  ( 0.000000000000000000, 0.000000000000000000, -1.000000000000000000 ) ) ;
#4600 = VERTEX_POINT ( 'NONE', #3859 ) ;
#4601 = EDGE_CURVE ( 'NONE', #3217, #1246, #2090, .T. ) ;
#4602 = ORIENTED_EDGE ( 'NONE', *, *, #3383, .T. ) ;
#4603 = ORIENTED_EDGE ( 'NONE', *, *, #3557, .T. ) ;
#4604 = DIRECTION ( 'NONE',  ( 0.6980844347081630596, 0.6980844347081628376, 0.1592364406672323873 ) ) ;
#4605 = CARTESIAN_POINT ( 'NONE',  ( 6.604487272054069713, 18.50000000000000000, 0.2999999999999999889 ) ) ;
#4606 = ADVANCED_FACE ( 'NONE', ( #5603 ), #772, .T. ) ;
#4607 = ORIENTED_EDGE ( 'NONE', *, *, #4274, .F. ) ;
#4608 = DIRECTION ( 'NONE',  ( -4.081702296416015011E-16, 1.000000000000000000, 0.000000000000000000 ) ) ;
#4609 = CARTESIAN_POINT ( 'NONE',  ( -12.00000000000000000, 5.500000000000000000, 0.3961689313160864367 ) ) ;
#4610 = FACE_OUTER_BOUND ( 'NONE', #1840, .T. ) ;
#4611 = CIRCLE ( 'NONE', #2463, 3.249999999999999556 ) ;
#4612 = APPLICATION_PROTOCOL_DEFINITION ( 'draft international standard', 'automotive_design', 1998, #4971 ) ;
#4613 = EDGE_LOOP ( 'NONE', ( #4068, #2810, #5557 ) ) ;
#4614 = ORIENTED_EDGE ( 'NONE', *, *, #3043, .F. ) ;
#4615 = CARTESIAN_POINT ( 'NONE',  ( 5.203629905532488387, -22.40369396367928090, 20.26107113994606834 ) ) ;
#4616 = CARTESIAN_POINT ( 'NONE',  ( 14.99999999999999822, -16.73320053068151125, -39.06504476178464813 ) ) ;
#4617 = CARTESIAN_POINT ( 'NONE',  ( 0.000000000000000000, -18.50000000000000000, 6.000000000000000000 ) ) ;
#4618 = ORIENTED_EDGE ( 'NONE', *, *, #3596, .T. ) ;
#4619 = ORIENTED_EDGE ( 'NONE', *, *, #2929, .T. ) ;
#4620 = CARTESIAN_POINT ( 'NONE',  ( -11.50000000000000000, 0.7500000000000000000, 5.000000000000000000 ) ) ;
#4621 = DIRECTION ( 'NONE',  ( 0.5773502691896303940, -0.5773502691896303940, -0.5773502691896164052 ) ) ;
#4622 = VECTOR ( 'NONE', #2037, 1000.000000000000000 ) ;
#4623 = EDGE_CURVE ( 'NONE', #3941, #4710, #5300, .T. ) ;
#4624 = CIRCLE ( 'NONE', #735, 9.999999999999998224 ) ;
#4625 = VERTEX_POINT ( 'NONE', #5494 ) ;
#4626 = ORIENTED_EDGE ( 'NONE', *, *, #4076, .T. ) ;
#4627 = DIRECTION ( 'NONE',  ( -1.000000000000000000, 0.000000000000000000, 2.135044278125301343E-15 ) ) ;
#4628 = CARTESIAN_POINT ( 'NONE',  ( 3.500000000000000888, -20.20000000000000284, -26.00195117308443216 ) ) ;
#4629 = LINE ( 'NONE', #5318, #1943 ) ;
#4630 = SHAPE_REPRESENTATION ( 'WG110-\X2\624b59574e0e\X0\pico tracker\X2\8fde63a54ef6\X0\-00A \X2\88c5914d4f53\X0\1', ( #5095, #1938, #1041 ), #5012 ) ;
#4631 = VERTEX_POINT ( 'NONE', #2067 ) ;
#4632 = EDGE_CURVE ( 'NONE', #1062, #3865, #5579, .T. ) ;
#4633 = CARTESIAN_POINT ( 'NONE',  ( -11.70000000000000107, -25.50000000000000000, 0.000000000000000000 ) ) ;
#4634 = EDGE_CURVE ( 'NONE', #2844, #869, #2859, .T. ) ;
#4635 = DIRECTION ( 'NONE',  ( 1.000000000000000000, 0.000000000000000000, 0.000000000000000000 ) ) ;
#4636 = DIRECTION ( 'NONE',  ( 0.000000000000000000, -1.000000000000000000, 0.000000000000000000 ) ) ;
#4637 = LINE ( 'NONE', #760, #3488 ) ;
#4638 = CIRCLE ( 'NONE', #2196, 23.00000000000000000 ) ;
#4639 = ORIENTED_EDGE ( 'NONE', *, *, #284, .T. ) ;
#4640 = ORIENTED_EDGE ( 'NONE', *, *, #2900, .F. ) ;
#4641 = CARTESIAN_POINT ( 'NONE',  ( 5.156435605934930777, -22.41456538880371951, 20.17433035274994069 ) ) ;
#4642 = AXIS2_PLACEMENT_3D ( 'NONE', #2511, #5422, #1547 ) ;
#4643 = AXIS2_PLACEMENT_3D ( 'NONE', #1118, #2902, #5053 ) ;
#4644 = DIRECTION ( 'NONE',  ( 1.000000000000000000, -8.673617379884035472E-17, 8.673617379884035472E-16 ) ) ;
#4645 = VECTOR ( 'NONE', #4859, 999.9999999999998863 ) ;
#4646 = DIRECTION ( 'NONE',  ( 0.000000000000000000, 0.000000000000000000, -1.000000000000000000 ) ) ;
#4647 = DIRECTION ( 'NONE',  ( 0.000000000000000000, 0.000000000000000000, -1.000000000000000000 ) ) ;
#4648 = ORIENTED_EDGE ( 'NONE', *, *, #2170, .F. ) ;
#4649 = AXIS2_PLACEMENT_3D ( 'NONE', #3689, #5403, #3236 ) ;
#4650 = VECTOR ( 'NONE', #3151, 1000.000000000000114 ) ;
#4651 = VERTEX_POINT ( 'NONE', #3344 ) ;
#4652 = LINE ( 'NONE', #5499, #2838 ) ;
#4653 = CARTESIAN_POINT ( 'NONE',  ( 5.320703269174229533, -18.34403278850238550, 20.43225205425329349 ) ) ;
#4654 = VECTOR ( 'NONE', #5600, 1000.000000000000000 ) ;
#4655 = AXIS2_PLACEMENT_3D ( 'NONE', #3357, #1176, #4816 ) ;
#4656 = VERTEX_POINT ( 'NONE', #1273 ) ;
#4657 = ORIENTED_EDGE ( 'NONE', *, *, #1344, .T. ) ;
#4658 = AXIS2_PLACEMENT_3D ( 'NONE', #5078, #2708, #1015 ) ;
#4659 = CARTESIAN_POINT ( 'NONE',  ( -1.166666666666627883, -17.86666666666663161, 13.16666666666667140 ) ) ;
#4660 = FACE_OUTER_BOUND ( 'NONE', #4728, .T. ) ;
#4661 = EDGE_CURVE ( 'NONE', #3702, #3515, #1231, .T. ) ;
#4662 = VERTEX_POINT ( 'NONE', #2951 ) ;
#4663 = CARTESIAN_POINT ( 'NONE',  ( 4.999999999999996447, 22.27914582980753266, 16.66671376562264228 ) ) ;
#4664 = AXIS2_PLACEMENT_3D ( 'NONE', #3634, #1024, #456 ) ;
#4665 = FACE_OUTER_BOUND ( 'NONE', #4789, .T. ) ;
#4666 = ADVANCED_FACE ( 'NONE', ( #1250 ), #5519, .T. ) ;
#4667 = PLANE ( 'NONE',  #5008 ) ;
#4668 = AXIS2_PLACEMENT_3D ( 'NONE', #2573, #4191, #3775 ) ;
#4669 = EDGE_CURVE ( 'NONE', #2302, #609, #1226, .T. ) ;
#4670 = CYLINDRICAL_SURFACE ( 'NONE', #3905, 15.00000000000000000 ) ;
#4671 = EDGE_LOOP ( 'NONE', ( #1554, #4948, #2166, #4514, #4968, #1283, #4424, #2800, #1160 ) ) ;
#4672 = DIRECTION ( 'NONE',  ( 0.000000000000000000, -1.000000000000000000, 0.000000000000000000 ) ) ;
#4673 = ORIENTED_EDGE ( 'NONE', *, *, #538, .F. ) ;
#4674 =( NAMED_UNIT ( * ) PLANE_ANGLE_UNIT ( ) SI_UNIT ( $, .RADIAN. ) );
#4675 = EDGE_CURVE ( 'NONE', #2356, #4947, #444, .T. ) ;
#4676 = FACE_OUTER_BOUND ( 'NONE', #3996, .T. ) ;
#4677 = DIRECTION ( 'NONE',  ( 1.000000000000000000, 0.000000000000000000, 0.000000000000000000 ) ) ;
#4678 = CARTESIAN_POINT ( 'NONE',  ( 23.00000000000000000, 2.816687638038912352E-15, 25.00000000000000000 ) ) ;
#4679 = ORIENTED_EDGE ( 'NONE', *, *, #3868, .F. ) ;
#4680 = ORIENTED_EDGE ( 'NONE', *, *, #1918, .T. ) ;
#4681 = ORIENTED_EDGE ( 'NONE', *, *, #1171, .F. ) ;
#4682 = CARTESIAN_POINT ( 'NONE',  ( 0.000000000000000000, 0.000000000000000000, 16.49999999999999289 ) ) ;
#4683 = LINE ( 'NONE', #2074, #689 ) ;
#4684 = VERTEX_POINT ( 'NONE', #3371 ) ;
#4685 = ORIENTED_EDGE ( 'NONE', *, *, #288, .T. ) ;
#4686 = CARTESIAN_POINT ( 'NONE',  ( 0.000000000000000000, 0.000000000000000000, 10.00000000000000000 ) ) ;
#4687 = DIRECTION ( 'NONE',  ( -1.000000000000000000, 0.000000000000000000, 0.000000000000000000 ) ) ;
#4688 = ORIENTED_EDGE ( 'NONE', *, *, #694, .F. ) ;
#4689 = CARTESIAN_POINT ( 'NONE',  ( 14.44186046511627453, 17.90063312584533506, 21.00000000000000000 ) ) ;
#4690 = DIRECTION ( 'NONE',  ( -1.000000000000000000, 0.000000000000000000, 0.000000000000000000 ) ) ;
#4691 = DIRECTION ( 'NONE',  ( 1.000000000000000000, 0.000000000000000000, 0.000000000000000000 ) ) ;
#4692 = PLANE ( 'NONE',  #4265 ) ;
#4693 = EDGE_CURVE ( 'NONE', #4939, #2147, #2521, .T. ) ;
#4694 = SHAPE_DEFINITION_REPRESENTATION ( #68, #4630 ) ;
#4695 = EDGE_CURVE ( 'NONE', #4782, #3670, #408, .T. ) ;
#4696 = EDGE_CURVE ( 'NONE', #1007, #3865, #1804, .T. ) ;
#4697 = ORIENTED_EDGE ( 'NONE', *, *, #2796, .F. ) ;
#4698 = DIRECTION ( 'NONE',  ( -0.7071067811865500152, 0.000000000000000000, 0.7071067811865451302 ) ) ;
#4699 = CARTESIAN_POINT ( 'NONE',  ( 6.500000000000002665, -22.06241147291020610, 21.00000000000000000 ) ) ;
#4700 = DIRECTION ( 'NONE',  ( -1.000000000000000000, 0.000000000000000000, 0.000000000000000000 ) ) ;
#4701 = DIRECTION ( 'NONE',  ( 0.000000000000000000, 0.7071067811865500152, 0.7071067811865450192 ) ) ;
#4702 = CARTESIAN_POINT ( 'NONE',  ( -9.000000000000001776, -19.49999999999999289, 10.00000000000000000 ) ) ;
#4703 = EDGE_CURVE ( 'NONE', #1907, #1375, #4812, .T. ) ;
#4704 = EDGE_LOOP ( 'NONE', ( #534, #1105, #4198, #4081, #251, #3616 ) ) ;
#4705 = EDGE_LOOP ( 'NONE', ( #3360, #3417, #4847, #2492 ) ) ;
#4706 = CARTESIAN_POINT ( 'NONE',  ( 3.500000000000000888, -18.77658115845374454, 15.00000000000000178 ) ) ;
#4707 = DIRECTION ( 'NONE',  ( 1.000000000000000000, 0.000000000000000000, 0.000000000000000000 ) ) ;
#4708 = VERTEX_POINT ( 'NONE', #4019 ) ;
#4709 = ORIENTED_EDGE ( 'NONE', *, *, #1582, .F. ) ;
#4710 = VERTEX_POINT ( 'NONE', #15 ) ;
#4711 = CARTESIAN_POINT ( 'NONE',  ( -5.859999999999999432, 17.30000000000000071, 3.000000000000000000 ) ) ;
#4712 = CARTESIAN_POINT ( 'NONE',  ( 14.99999999999999822, -16.73320053068151125, 20.99999999999999645 ) ) ;
#4713 = CARTESIAN_POINT ( 'NONE',  ( -11.50000000000000000, 12.75000000000000000, 5.000000000000000000 ) ) ;
#4714 = VERTEX_POINT ( 'NONE', #3986 ) ;
#4715 = AXIS2_PLACEMENT_3D ( 'NONE', #410, #3400, #5574 ) ;
#4716 = LINE ( 'NONE', #1210, #764 ) ;
#4717 = EDGE_LOOP ( 'NONE', ( #3890, #4871, #1454, #3324, #5245, #1519, #5120 ) ) ;
#4718 = FACE_OUTER_BOUND ( 'NONE', #2449, .T. ) ;
#4719 = CARTESIAN_POINT ( 'NONE',  ( -12.00000000000000000, 18.50000000000000000, 0.000000000000000000 ) ) ;
#4720 = ORIENTED_EDGE ( 'NONE', *, *, #4661, .T. ) ;
#4721 = DIRECTION ( 'NONE',  ( 1.000000000000000000, 0.000000000000000000, 0.000000000000000000 ) ) ;
#4722 = CARTESIAN_POINT ( 'NONE',  ( 5.010049945285796724, -22.44771270370143768, 19.69976529682965705 ) ) ;
#4723 = CARTESIAN_POINT ( 'NONE',  ( 0.000000000000000000, 0.000000000000000000, 15.50000000000001243 ) ) ;
#4724 = EDGE_CURVE ( 'NONE', #5563, #4906, #4033, .T. ) ;
#4725 = EDGE_CURVE ( 'NONE', #2147, #4108, #5475, .T. ) ;
#4726 = DIRECTION ( 'NONE',  ( 0.000000000000000000, 0.000000000000000000, -1.000000000000000000 ) ) ;
#4727 = CARTESIAN_POINT ( 'NONE',  ( 7.021564347915039583, 1.449999999999999956, 0.000000000000000000 ) ) ;
#4728 = EDGE_LOOP ( 'NONE', ( #2927, #5126, #804, #4418, #3243, #2782, #4969, #1941, #4194, #3385, #4657, #3826 ) ) ;
#4729 = ORIENTED_EDGE ( 'NONE', *, *, #4182, .F. ) ;
#4730 = ADVANCED_FACE ( 'NONE', ( #134 ), #594, .T. ) ;
#4731 = AXIS2_PLACEMENT_3D ( 'NONE', #5536, #266, #4635 ) ;
#4732 = DIRECTION ( 'NONE',  ( -0.000000000000000000, -0.000000000000000000, 1.000000000000000000 ) ) ;
#4733 = VECTOR ( 'NONE', #1466, 1000.000000000000000 ) ;
#4734 = DIRECTION ( 'NONE',  ( -0.000000000000000000, -0.000000000000000000, 1.000000000000000000 ) ) ;
#4735 = CARTESIAN_POINT ( 'NONE',  ( 13.50000000000000000, 5.500000000000000000, 0.000000000000000000 ) ) ;
#4736 = ADVANCED_FACE ( 'NONE', ( #2291 ), #77, .T. ) ;
#4737 = VECTOR ( 'NONE', #1063, 1000.000000000000000 ) ;
#4738 = AXIS2_PLACEMENT_3D ( 'NONE', #3860, #3030, #5495 ) ;
#4739 = COLOUR_RGB ( '',0.7921568627450980005, 0.8196078431372548767, 0.9333333333333333481 ) ;
#4740 = ORIENTED_EDGE ( 'NONE', *, *, #2793, .F. ) ;
#4741 = ORIENTED_EDGE ( 'NONE', *, *, #3934, .F. ) ;
#4742 = CARTESIAN_POINT ( 'NONE',  ( -11.70000000000000107, 5.500000000000000000, 0.000000000000000000 ) ) ;
#4743 = VECTOR ( 'NONE', #683, 1000.000000000000000 ) ;
#4744 = DIRECTION ( 'NONE',  ( 0.000000000000000000, 0.000000000000000000, -1.000000000000000000 ) ) ;
#4745 = CARTESIAN_POINT ( 'NONE',  ( -3.499999999999999112, -19.28496823953828709, 25.00000000000000000 ) ) ;
#4746 = AXIS2_PLACEMENT_3D ( 'NONE', #3306, #1974, #5417 ) ;
#4747 = DIRECTION ( 'NONE',  ( 1.000000000000000000, 0.000000000000000000, 0.000000000000000000 ) ) ;
#4748 = VECTOR ( 'NONE', #71, 1000.000000000000000 ) ;
#4749 = ORIENTED_EDGE ( 'NONE', *, *, #3140, .T. ) ;
#4750 = CIRCLE ( 'NONE', #4118, 19.10000000000000142 ) ;
#4751 = CARTESIAN_POINT ( 'NONE',  ( -12.00000000000000000, -17.00000000000000000, 0.3961689313160864367 ) ) ;
#4752 = DIRECTION ( 'NONE',  ( 0.000000000000000000, 0.000000000000000000, 1.000000000000000000 ) ) ;
#4753 = CARTESIAN_POINT ( 'NONE',  ( 12.51699029126213070, 14.42688303302032082, 24.49999999999999289 ) ) ;
#4754 = VERTEX_POINT ( 'NONE', #2736 ) ;
#4755 = AXIS2_PLACEMENT_3D ( 'NONE', #5578, #3822, #4700 ) ;
#4756 = FACE_OUTER_BOUND ( 'NONE', #3696, .T. ) ;
#4757 = CARTESIAN_POINT ( 'NONE',  ( 3.500000000000000888, -19.28496823953827999, 25.00000000000000000 ) ) ;
#4758 = CARTESIAN_POINT ( 'NONE',  ( -15.00000000000000000, 0.000000000000000000, 17.00000000000000000 ) ) ;
#4759 = CARTESIAN_POINT ( 'NONE',  ( 9.799999999999998934, 4.250000000000000000, 25.23007220310709897 ) ) ;
#4760 = DIRECTION ( 'NONE',  ( 1.000000000000000000, 0.000000000000000000, 0.000000000000000000 ) ) ;
#4761 = ORIENTED_EDGE ( 'NONE', *, *, #4218, .F. ) ;
#4762 = ADVANCED_FACE ( 'NONE', ( #1813 ), #1754, .F. ) ;
#4763 = EDGE_LOOP ( 'NONE', ( #5529, #414, #2722, #3155 ) ) ;
#4764 = DIRECTION ( 'NONE',  ( 0.000000000000000000, 0.000000000000000000, 1.000000000000000000 ) ) ;
#4765 = DIRECTION ( 'NONE',  ( -0.000000000000000000, 1.000000000000000000, -0.000000000000000000 ) ) ;
#4766 = CARTESIAN_POINT ( 'NONE',  ( 5.000000000000003553, -18.43393609623295859, 19.70339174192965004 ) ) ;
#4767 = EDGE_LOOP ( 'NONE', ( #2393, #1152 ) ) ;
#4768 = EDGE_CURVE ( 'NONE', #4222, #1288, #3602, .T. ) ;
#4769 = ORIENTED_EDGE ( 'NONE', *, *, #1335, .F. ) ;
#4770 = EDGE_CURVE ( 'NONE', #3270, #5470, #936, .T. ) ;
#4771 = EDGE_CURVE ( 'NONE', #234, #1104, #4585, .T. ) ;
#4772 = ORIENTED_EDGE ( 'NONE', *, *, #2431, .F. ) ;
#4773 = CARTESIAN_POINT ( 'NONE',  ( 13.49999999999999645, -16.73320053068151125, 25.00000000000000000 ) ) ;
#4774 = DIRECTION ( 'NONE',  ( 0.000000000000000000, 0.7071067811865451302, 0.7071067811865500152 ) ) ;
#4775 = FACE_OUTER_BOUND ( 'NONE', #4064, .T. ) ;
#4776 = ORIENTED_EDGE ( 'NONE', *, *, #1077, .F. ) ;
#4777 = EDGE_CURVE ( 'NONE', #1085, #4651, #970, .T. ) ;
#4778 = CARTESIAN_POINT ( 'NONE',  ( 10.50000000000000000, 18.50000000000000000, 8.142135623730929694 ) ) ;
#4779 = ORIENTED_EDGE ( 'NONE', *, *, #3529, .T. ) ;
#4780 = FACE_OUTER_BOUND ( 'NONE', #2, .T. ) ;
#4781 = DIRECTION ( 'NONE',  ( -1.000000000000000000, 0.000000000000000000, 0.000000000000000000 ) ) ;
#4782 = VERTEX_POINT ( 'NONE', #3116 ) ;
#4783 = DIRECTION ( 'NONE',  ( 0.000000000000000000, 0.000000000000000000, -1.000000000000000000 ) ) ;
#4784 = FACE_OUTER_BOUND ( 'NONE', #138, .T. ) ;
#4785 = LINE ( 'NONE', #4390, #2539 ) ;
#4786 = CARTESIAN_POINT ( 'NONE',  ( -20.50000000000000000, 16.99999999999999645, 8.142135623730919036 ) ) ;
#4787 = CYLINDRICAL_SURFACE ( 'NONE', #2116, 1.500000000000000000 ) ;
#4788 = ORIENTED_EDGE ( 'NONE', *, *, #5174, .T. ) ;
#4789 = EDGE_LOOP ( 'NONE', ( #4174, #858, #3965, #2590 ) ) ;
#4790 = LINE ( 'NONE', #747, #5462 ) ;
#4791 = FACE_OUTER_BOUND ( 'NONE', #2048, .T. ) ;
#4792 = CARTESIAN_POINT ( 'NONE',  ( -22.49999999999999645, 0.000000000000000000, 25.00000000000000000 ) ) ;
#4793 = ORIENTED_EDGE ( 'NONE', *, *, #1171, .T. ) ;
#4794 = ORIENTED_EDGE ( 'NONE', *, *, #4870, .T. ) ;
#4795 = CARTESIAN_POINT ( 'NONE',  ( 9.799999999999998934, 4.250000000000000000, 7.769927796892919680 ) ) ;
#4796 = FACE_OUTER_BOUND ( 'NONE', #2014, .T. ) ;
#4797 = ADVANCED_FACE ( 'NONE', ( #4894 ), #3936, .F. ) ;
#4798 = EDGE_CURVE ( 'NONE', #3722, #3416, #4624, .T. ) ;
#4799 = ORIENTED_EDGE ( 'NONE', *, *, #927, .F. ) ;
#4800 = CARTESIAN_POINT ( 'NONE',  ( 0.000000000000000000, 0.000000000000000000, 0.000000000000000000 ) ) ;
#4801 = LINE ( 'NONE', #1886, #213 ) ;
#4802 = EDGE_CURVE ( 'NONE', #869, #2844, #1731, .T. ) ;
#4803 = DIRECTION ( 'NONE',  ( 0.000000000000000000, 0.000000000000000000, 1.000000000000000000 ) ) ;
#4804 = ADVANCED_FACE ( 'NONE', ( #3521 ), #3574, .T. ) ;
#4805 = AXIS2_PLACEMENT_3D ( 'NONE', #3652, #4160, #3234 ) ;
#4806 = DIRECTION ( 'NONE',  ( 0.000000000000000000, -1.000000000000000000, 0.000000000000000000 ) ) ;
#4807 = B_SPLINE_CURVE_WITH_KNOTS ( 'NONE', 3,
 ( #2896, #1488, #3221, #4942, #1064, #2784, #3675, #4967, #4653, #2158, #3468, #1620, #4766, #1644 ),
 .UNSPECIFIED., .F., .F.,
 ( 4, 2, 2, 2, 2, 2, 4 ),
 ( 0.000000000000000000, 0.0006008746150398061332, 0.0009013119225597091997, 0.001201749230079612266, 0.001502186537599515224, 0.001802623845119418399, 0.002403498460159222364 ),
 .UNSPECIFIED. ) ;
#4808 = EDGE_LOOP ( 'NONE', ( #90, #4060, #3952 ) ) ;
#4809 = DIRECTION ( 'NONE',  ( 0.000000000000000000, 0.000000000000000000, 1.000000000000000000 ) ) ;
#4810 = CARTESIAN_POINT ( 'NONE',  ( 3.500000000000000888, -20.20000000000000284, 25.00000000000000000 ) ) ;
#4811 = CARTESIAN_POINT ( 'NONE',  ( 11.95000000000000107, 0.7500000000000000000, 33.00000000000000000 ) ) ;
#4812 = LINE ( 'NONE', #2242, #2582 ) ;
#4813 = DIRECTION ( 'NONE',  ( 0.000000000000000000, 0.000000000000000000, 1.000000000000000000 ) ) ;
#4814 = ORIENTED_EDGE ( 'NONE', *, *, #2757, .T. ) ;
#4815 = ORIENTED_EDGE ( 'NONE', *, *, #1582, .T. ) ;
#4816 = DIRECTION ( 'NONE',  ( 1.000000000000000000, 0.000000000000000000, 0.000000000000000000 ) ) ;
#4817 = CARTESIAN_POINT ( 'NONE',  ( -1.592040838891560328E-16, -8.899999999999998579, -1.000000000000000000 ) ) ;
#4818 = CARTESIAN_POINT ( 'NONE',  ( -11.70000000000000107, 17.30000000000000071, 0.000000000000000000 ) ) ;
#4819 = ORIENTED_EDGE ( 'NONE', *, *, #2823, .F. ) ;
#4820 = CIRCLE ( 'NONE', #1944, 1.268857754044952824 ) ;
#4821 = ORIENTED_EDGE ( 'NONE', *, *, #4777, .F. ) ;
#4822 = DIRECTION ( 'NONE',  ( 0.7071067811865456854, 0.000000000000000000, 0.7071067811865493491 ) ) ;
#4823 = CARTESIAN_POINT ( 'NONE',  ( 0.000000000000000000, 0.000000000000000000, 10.49999999999999112 ) ) ;
#4824 = AXIS2_PLACEMENT_3D ( 'NONE', #657, #200, #2806 ) ;
#4825 = AXIS2_PLACEMENT_3D ( 'NONE', #2318, #3076, #69 ) ;
#4826 = VECTOR ( 'NONE', #371, 1000.000000000000000 ) ;
#4827 = ORIENTED_EDGE ( 'NONE', *, *, #4346, .T. ) ;
#4828 = CONICAL_SURFACE ( 'NONE', #1125, 2.499999999999995115, 0.7853981633974456145 ) ;
#4829 = AXIS2_PLACEMENT_3D ( 'NONE', #2880, #3190, #4542 ) ;
#4830 = CARTESIAN_POINT ( 'NONE',  ( -3.499999999999999112, 19.28496823953828354, 25.00000000000000000 ) ) ;
#4831 = LINE ( 'NONE', #4778, #4469 ) ;
#4832 = ADVANCED_FACE ( 'NONE', ( #1053 ), #3624, .T. ) ;
#4833 = CARTESIAN_POINT ( 'NONE',  ( 12.00000000000000000, -16.99999999999999645, 0.3961689313160968728 ) ) ;
#4834 = CIRCLE ( 'NONE', #865, 19.60000000000000497 ) ;
#4835 = AXIS2_PLACEMENT_3D ( 'NONE', #4952, #552, #3231 ) ;
#4836 = EDGE_CURVE ( 'NONE', #2786, #1726, #5426, .T. ) ;
#4837 = FACE_OUTER_BOUND ( 'NONE', #5362, .T. ) ;
#4838 = AXIS2_PLACEMENT_3D ( 'NONE', #437, #5202, #4803 ) ;
#4839 = DIRECTION ( 'NONE',  ( 0.000000000000000000, -1.000000000000000000, 0.000000000000000000 ) ) ;
#4840 = EDGE_CURVE ( 'NONE', #2414, #3283, #1919, .T. ) ;
#4841 = VECTOR ( 'NONE', #2312, 1000.000000000000000 ) ;
#4842 = LINE ( 'NONE', #4810, #3667 ) ;
#4843 = LINE ( 'NONE', #4866, #643 ) ;
#4844 = DIRECTION ( 'NONE',  ( -0.000000000000000000, -0.000000000000000000, 1.000000000000000000 ) ) ;
#4845 = CARTESIAN_POINT ( 'NONE',  ( -20.50000000000000000, -17.00000000000000000, 8.142135623730919036 ) ) ;
#4846 = AXIS2_PLACEMENT_3D ( 'NONE', #3796, #2541, #5089 ) ;
#4847 = ORIENTED_EDGE ( 'NONE', *, *, #159, .T. ) ;
#4848 = ORIENTED_EDGE ( 'NONE', *, *, #509, .T. ) ;
#4849 = EDGE_CURVE ( 'NONE', #1388, #2674, #418, .T. ) ;
#4850 = CARTESIAN_POINT ( 'NONE',  ( -12.00000000000000000, -16.99999999999999645, 0.9999999999999701350 ) ) ;
#4851 = CARTESIAN_POINT ( 'NONE',  ( 0.000000000000000000, 5.500000000000000000, 0.000000000000000000 ) ) ;
#4852 = CARTESIAN_POINT ( 'NONE',  ( 11.50000000000000000, 4.250000000000000000, 5.000000000000000000 ) ) ;
#4853 = VERTEX_POINT ( 'NONE', #5377 ) ;
#4854 = ORIENTED_EDGE ( 'NONE', *, *, #4798, .T. ) ;
#4855 = CARTESIAN_POINT ( 'NONE',  ( 11.19534881331188814, 1.978501931817854276, 31.32420180992531655 ) ) ;
#4856 = DIRECTION ( 'NONE',  ( 0.9001592514155136726, -0.4355609281042803205, 0.000000000000000000 ) ) ;
#4857 = ORIENTED_EDGE ( 'NONE', *, *, #654, .T. ) ;
#4858 = DIRECTION ( 'NONE',  ( 0.000000000000000000, 0.000000000000000000, 1.000000000000000000 ) ) ;
#4859 = DIRECTION ( 'NONE',  ( -0.4355609281042803760, -0.9001592514155136726, 0.000000000000000000 ) ) ;
#4860 = PLANE ( 'NONE',  #4927 ) ;
#4861 = DIRECTION ( 'NONE',  ( -0.000000000000000000, -0.000000000000000000, -1.000000000000000000 ) ) ;
#4862 = CARTESIAN_POINT ( 'NONE',  ( -7.500000000000000000, 17.30000000000000071, 6.000000000000000000 ) ) ;
#4863 = VECTOR ( 'NONE', #4525, 1000.000000000000000 ) ;
#4864 = LINE ( 'NONE', #989, #5558 ) ;
#4865 = EDGE_CURVE ( 'NONE', #4255, #5130, #2436, .T. ) ;
#4866 = CARTESIAN_POINT ( 'NONE',  ( 14.99999999999999645, 23.43538973435889616, 20.99999999999999645 ) ) ;
#4867 = DIRECTION ( 'NONE',  ( 1.000000000000000000, 0.000000000000000000, 0.000000000000000000 ) ) ;
#4868 = LINE ( 'NONE', #2711, #5191 ) ;
#4869 = EDGE_CURVE ( 'NONE', #5061, #1534, #3282, .T. ) ;
#4870 = EDGE_CURVE ( 'NONE', #4588, #1962, #3687, .T. ) ;
#4871 = ORIENTED_EDGE ( 'NONE', *, *, #188, .T. ) ;
#4872 = ORIENTED_EDGE ( 'NONE', *, *, #2214, .F. ) ;
#4873 = LINE ( 'NONE', #997, #3300 ) ;
#4874 = CARTESIAN_POINT ( 'NONE',  ( 0.000000000000000000, 0.000000000000000000, 21.00000000000000000 ) ) ;
#4875 = PLANE ( 'NONE',  #2131 ) ;
#4876 = ORIENTED_EDGE ( 'NONE', *, *, #2254, .T. ) ;
#4877 = DIRECTION ( 'NONE',  ( 0.000000000000000000, 0.000000000000000000, 1.000000000000000000 ) ) ;
#4878 = ORIENTED_EDGE ( 'NONE', *, *, #2212, .F. ) ;
#4879 = EDGE_CURVE ( 'NONE', #742, #5159, #4127, .T. ) ;
#4880 = VERTEX_POINT ( 'NONE', #4161 ) ;
#4881 = ORIENTED_EDGE ( 'NONE', *, *, #2254, .F. ) ;
#4882 = LINE ( 'NONE', #452, #3015 ) ;
#4883 = CARTESIAN_POINT ( 'NONE',  ( 3.500000000000000888, 21.19999999999998863, 25.00000000000000000 ) ) ;
#4884 = VERTEX_POINT ( 'NONE', #3714 ) ;
#4885 = DIRECTION ( 'NONE',  ( 0.000000000000000000, 0.000000000000000000, -1.000000000000000000 ) ) ;
#4886 = CARTESIAN_POINT ( 'NONE',  ( -15.00000000000000000, 0.000000000000000000, 16.50000000000001066 ) ) ;
#4887 = ORIENTED_EDGE ( 'NONE', *, *, #1038, .F. ) ;
#4888 = PLANE ( 'NONE',  #5562 ) ;
#4889 = DIRECTION ( 'NONE',  ( 1.000000000000000000, 0.000000000000000000, 0.000000000000000000 ) ) ;
#4890 = DIRECTION ( 'NONE',  ( 1.000000000000000000, 0.000000000000000000, 0.000000000000000000 ) ) ;
#4891 = CARTESIAN_POINT ( 'NONE',  ( 9.000000000000001776, 18.50000000000000000, 8.142135623730929694 ) ) ;
#4892 = PLANE ( 'NONE',  #1008 ) ;
#4893 = CIRCLE ( 'NONE', #2182, 1.500000000000000666 ) ;
#4894 = FACE_OUTER_BOUND ( 'NONE', #4897, .T. ) ;
#4895 =( NAMED_UNIT ( * ) PLANE_ANGLE_UNIT ( ) SI_UNIT ( $, .RADIAN. ) );
#4896 = AXIS2_PLACEMENT_3D ( 'NONE', #622, #4586, #2821 ) ;
#4897 = EDGE_LOOP ( 'NONE', ( #4854, #427, #4729, #2251, #837, #252, #2053, #2638 ) ) ;
#4898 = EDGE_LOOP ( 'NONE', ( #5044, #4793, #4088, #4140, #4788, #975, #798, #5221, #321, #2101, #731, #2953, #5017, #1399, #492, #5102, #4078, #2587, #2761, #5502 ) ) ;
#4899 = PLANE ( 'NONE',  #3752 ) ;
#4900 = EDGE_CURVE ( 'NONE', #3181, #1284, #2153, .T. ) ;
#4901 = CARTESIAN_POINT ( 'NONE',  ( 0.000000000000000000, 0.000000000000000000, 15.49999999999998757 ) ) ;
#4902 = ADVANCED_FACE ( 'NONE', ( #185 ), #1505, .F. ) ;
#4903 = CARTESIAN_POINT ( 'NONE',  ( 0.000000000000000000, 0.000000000000000000, 10.00000000000000000 ) ) ;
#4904 = DIRECTION ( 'NONE',  ( 0.000000000000000000, 0.000000000000000000, -1.000000000000000000 ) ) ;
#4905 = VERTEX_POINT ( 'NONE', #1528 ) ;
#4906 = VERTEX_POINT ( 'NONE', #4926 ) ;
#4907 = DIRECTION ( 'NONE',  ( 1.000000000000000000, 1.265177859526988718E-16, 0.000000000000000000 ) ) ;
#4908 = ADVANCED_FACE ( 'NONE', ( #2329 ), #1954, .T. ) ;
#4909 = CARTESIAN_POINT ( 'NONE',  ( -7.852348993288590151, 5.500000000000000000, 5.496644295302020033 ) ) ;
#4910 = ORIENTED_EDGE ( 'NONE', *, *, #2622, .T. ) ;
#4911 = ORIENTED_EDGE ( 'NONE', *, *, #2249, .T. ) ;
#4912 = ORIENTED_EDGE ( 'NONE', *, *, #4278, .F. ) ;
#4913 = DIRECTION ( 'NONE',  ( -7.885106708985490266E-17, -1.000000000000000000, 0.000000000000000000 ) ) ;
#4914 = DIRECTION ( 'NONE',  ( -0.7071067811865389130, 0.000000000000000000, -0.7071067811865561215 ) ) ;
#4915 = CIRCLE ( 'NONE', #1930, 1.500000000000000000 ) ;
#4916 = CIRCLE ( 'NONE', #17, 23.00000000000000000 ) ;
#4917 = LINE ( 'NONE', #1464, #864 ) ;
#4918 = FACE_OUTER_BOUND ( 'NONE', #745, .T. ) ;
#4919 = CIRCLE ( 'NONE', #2924, 3.249999999999999556 ) ;
#4920 = VECTOR ( 'NONE', #5252, 1000.000000000000000 ) ;
#4921 = DIRECTION ( 'NONE',  ( 0.7071067811865451302, 0.000000000000000000, -0.7071067811865500152 ) ) ;
#4922 = DIRECTION ( 'NONE',  ( 0.000000000000000000, -1.000000000000000000, 0.000000000000000000 ) ) ;
#4923 = AXIS2_PLACEMENT_3D ( 'NONE', #2206, #1359, #1330 ) ;
#4924 = CARTESIAN_POINT ( 'NONE',  ( 5.360000000000012754, -13.89999999999999858, 0.000000000000000000 ) ) ;
#4925 = AXIS2_PLACEMENT_3D ( 'NONE', #889, #3062, #2055 ) ;
#4926 = CARTESIAN_POINT ( 'NONE',  ( -1.118033988749894903, 1.149999999999999911, 24.99999999999999645 ) ) ;
#4927 = AXIS2_PLACEMENT_3D ( 'NONE', #3482, #3563, #3450 ) ;
#4928 = ORIENTED_EDGE ( 'NONE', *, *, #2922, .F. ) ;
#4929 = VECTOR ( 'NONE', #811, 1000.000000000000000 ) ;
#4930 = ORIENTED_EDGE ( 'NONE', *, *, #2313, .T. ) ;
#4931 = FACE_OUTER_BOUND ( 'NONE', #5084, .T. ) ;
#4932 = CARTESIAN_POINT ( 'NONE',  ( -13.50000000000000000, 5.500000000000000000, 0.000000000000000000 ) ) ;
#4933 = CARTESIAN_POINT ( 'NONE',  ( -7.500000000000000000, -25.50000000000000000, 6.000000000000000000 ) ) ;
#4934 = AXIS2_PLACEMENT_3D ( 'NONE', #2780, #274, #736 ) ;
#4935 = LINE ( 'NONE', #3719, #2409 ) ;
#4936 = AXIS2_PLACEMENT_3D ( 'NONE', #3327, #1935, #4150 ) ;
#4937 = EDGE_CURVE ( 'NONE', #3290, #1640, #4956, .T. ) ;
#4938 = ORIENTED_EDGE ( 'NONE', *, *, #613, .T. ) ;
#4939 = VERTEX_POINT ( 'NONE', #644 ) ;
#4940 = CIRCLE ( 'NONE', #2499, 1.749999999999999778 ) ;
#4941 = CARTESIAN_POINT ( 'NONE',  ( -11.49999999999999467, -16.99999999999999645, 10.00000000000000000 ) ) ;
#4942 = CARTESIAN_POINT ( 'NONE',  ( 5.851580931525941054, -18.18180183471038092, 20.85606211791417408 ) ) ;
#4943 = EDGE_CURVE ( 'NONE', #4131, #2336, #4611, .T. ) ;
#4944 = EDGE_LOOP ( 'NONE', ( #5414, #279, #608, #887, #5267, #3605 ) ) ;
#4945 = EDGE_CURVE ( 'NONE', #3512, #1238, #1858, .T. ) ;
#4946 = EDGE_CURVE ( 'NONE', #1246, #2805, #3617, .T. ) ;
#4947 = VERTEX_POINT ( 'NONE', #3189 ) ;
#4948 = ORIENTED_EDGE ( 'NONE', *, *, #388, .T. ) ;
#4949 = DIRECTION ( 'NONE',  ( -0.000000000000000000, -0.000000000000000000, 1.000000000000000000 ) ) ;
#4950 = LINE ( 'NONE', #1542, #2210 ) ;
#4951 = DIRECTION ( 'NONE',  ( 1.000000000000000000, 0.000000000000000000, 0.000000000000000000 ) ) ;
#4952 = CARTESIAN_POINT ( 'NONE',  ( 11.50000000000000000, -7.750000000000000000, 5.000000000000000000 ) ) ;
#4953 = SURFACE_STYLE_USAGE ( .BOTH. , #2794 ) ;
#4954 = DIRECTION ( 'NONE',  ( 1.000000000000000000, 8.587739980083199972E-17, 0.000000000000000000 ) ) ;
#4955 = FACE_OUTER_BOUND ( 'NONE', #2368, .T. ) ;
#4956 = LINE ( 'NONE', #3688, #4863 ) ;
#4957 =( NAMED_UNIT ( * ) PLANE_ANGLE_UNIT ( ) SI_UNIT ( $, .RADIAN. ) );
#4958 = ORIENTED_EDGE ( 'NONE', *, *, #3358, .F. ) ;
#4959 = ORIENTED_EDGE ( 'NONE', *, *, #4248, .T. ) ;
#4960 = ORIENTED_EDGE ( 'NONE', *, *, #5020, .F. ) ;
#4961 = CARTESIAN_POINT ( 'NONE',  ( 9.799999999999998934, 4.250000000000000000, 33.00000000000000000 ) ) ;
#4962 = DIRECTION ( 'NONE',  ( 1.000802005371233895E-16, -1.000000000000000000, 0.000000000000000000 ) ) ;
#4963 = DIRECTION ( 'NONE',  ( 0.000000000000000000, 0.000000000000000000, 1.000000000000000000 ) ) ;
#4964 = VERTEX_POINT ( 'NONE', #3593 ) ;
#4965 = ORIENTED_EDGE ( 'NONE', *, *, #288, .F. ) ;
#4966 = DIRECTION ( 'NONE',  ( 1.000000000000000000, 0.000000000000000000, 0.000000000000000000 ) ) ;
#4967 = CARTESIAN_POINT ( 'NONE',  ( 5.384223375628143238, -18.32554416143788245, 20.50734092880614767 ) ) ;
#4968 = ORIENTED_EDGE ( 'NONE', *, *, #193, .T. ) ;
#4969 = ORIENTED_EDGE ( 'NONE', *, *, #5524, .T. ) ;
#4970 = VERTEX_POINT ( 'NONE', #5280 ) ;
#4971 = APPLICATION_CONTEXT ( 'automotive_design' ) ;
#4972 = DIRECTION ( 'NONE',  ( 0.000000000000000000, -0.000000000000000000, 1.000000000000000000 ) ) ;
#4973 = DIRECTION ( 'NONE',  ( -1.265177859526988718E-16, 1.000000000000000000, -0.000000000000000000 ) ) ;
#4974 = EDGE_CURVE ( 'NONE', #1691, #3237, #4407, .T. ) ;
#4975 = DIRECTION ( 'NONE',  ( 0.000000000000000000, 0.000000000000000000, 1.000000000000000000 ) ) ;
#4976 = CARTESIAN_POINT ( 'NONE',  ( 4.999999999999996447, 22.44994432064364887, 19.50000000000000000 ) ) ;
#4977 = EDGE_CURVE ( 'NONE', #5194, #3067, #2702, .T. ) ;
#4978 = DIRECTION ( 'NONE',  ( 0.000000000000000000, 0.000000000000000000, -1.000000000000000000 ) ) ;
#4979 = EDGE_CURVE ( 'NONE', #4335, #4600, #3014, .T. ) ;
#4980 = DIRECTION ( 'NONE',  ( 1.000000000000000000, 0.000000000000000000, 0.000000000000000000 ) ) ;
#4981 = DIRECTION ( 'NONE',  ( 1.000802005371233895E-16, -1.000000000000000000, 0.000000000000000000 ) ) ;
#4982 = ORIENTED_EDGE ( 'NONE', *, *, #5492, .F. ) ;
#4983 = VERTEX_POINT ( 'NONE', #4830 ) ;
#4984 = CARTESIAN_POINT ( 'NONE',  ( 6.604487272054059943, 18.50000000000000000, -0.2000000000000000111 ) ) ;
#4985 = DIRECTION ( 'NONE',  ( -0.000000000000000000, -0.000000000000000000, 1.000000000000000000 ) ) ;
#4986 = CARTESIAN_POINT ( 'NONE',  ( -7.055028863459309463, -13.89999999999999858, 0.5168231408637700142 ) ) ;
#4987 = VECTOR ( 'NONE', #642, 1000.000000000000000 ) ;
#4988 = ORIENTED_EDGE ( 'NONE', *, *, #4529, .T. ) ;
#4989 = ORIENTED_EDGE ( 'NONE', *, *, #654, .F. ) ;
#4990 = DIRECTION ( 'NONE',  ( 1.265177859526988718E-16, -1.000000000000000000, 0.000000000000000000 ) ) ;
#4991 = LINE ( 'NONE', #3269, #680 ) ;
#4992 = ORIENTED_EDGE ( 'NONE', *, *, #1137, .T. ) ;
#4993 = VERTEX_POINT ( 'NONE', #2646 ) ;
#4994 = ORIENTED_EDGE ( 'NONE', *, *, #1000, .T. ) ;
#4995 = CARTESIAN_POINT ( 'NONE',  ( -11.50000000000000000, -4.250000000000000000, 5.000000000000000000 ) ) ;
#4996 = DIRECTION ( 'NONE',  ( 0.000000000000000000, 0.000000000000000000, 1.000000000000000000 ) ) ;
#4997 = EDGE_LOOP ( 'NONE', ( #1883, #4094, #3242, #3577 ) ) ;
#4998 = CARTESIAN_POINT ( 'NONE',  ( 0.000000000000000000, 0.000000000000000000, 21.00000000000000000 ) ) ;
#4999 = DIRECTION ( 'NONE',  ( 0.000000000000000000, 0.000000000000000000, 1.000000000000000000 ) ) ;
#5000 = EDGE_CURVE ( 'NONE', #2977, #366, #4583, .T. ) ;
#5001 = VECTOR ( 'NONE', #3081, 1000.000000000000000 ) ;
#5002 = CIRCLE ( 'NONE', #1028, 1.499999999999999556 ) ;
#5003 = CARTESIAN_POINT ( 'NONE',  ( -20.50000000000000000, -17.00000000000000000, 8.142135623730919036 ) ) ;
#5004 = FACE_OUTER_BOUND ( 'NONE', #3579, .T. ) ;
#5005 = ADVANCED_FACE ( 'NONE', ( #3160 ), #2472, .T. ) ;
#5006 = AXIS2_PLACEMENT_3D ( 'NONE', #520, #544, #64 ) ;
#5007 = CIRCLE ( 'NONE', #2559, 1.499999999999999556 ) ;
#5008 = AXIS2_PLACEMENT_3D ( 'NONE', #5573, #1262, #1739 ) ;
#5009 = EDGE_CURVE ( 'NONE', #4993, #4970, #524, .T. ) ;
#5010 = ORIENTED_EDGE ( 'NONE', *, *, #4343, .F. ) ;
#5011 = ORIENTED_EDGE ( 'NONE', *, *, #5448, .F. ) ;
#5012 =( GEOMETRIC_REPRESENTATION_CONTEXT ( 3 ) GLOBAL_UNCERTAINTY_ASSIGNED_CONTEXT ( ( #3540 ) ) GLOBAL_UNIT_ASSIGNED_CONTEXT ( ( #2737, #4957, #218 ) ) REPRESENTATION_CONTEXT ( 'NONE', 'WORKASPACE' ) );
#5013 = AXIS2_PLACEMENT_3D ( 'NONE', #2372, #4096, #5054 ) ;
#5014 = LINE ( 'NONE', #3174, #1852 ) ;
#5015 = PLANE ( 'NONE',  #2046 ) ;
#5016 = CARTESIAN_POINT ( 'NONE',  ( -10.73213150326322030, -5.500000000000000000, 6.000000000000000000 ) ) ;
#5017 = ORIENTED_EDGE ( 'NONE', *, *, #3172, .T. ) ;
#5018 = AXIS2_PLACEMENT_3D ( 'NONE', #1012, #4044, #154 ) ;
#5019 = AXIS2_PLACEMENT_3D ( 'NONE', #4189, #4270, #799 ) ;
#5020 = EDGE_CURVE ( 'NONE', #4131, #2015, #4066, .T. ) ;
#5021 = ORIENTED_EDGE ( 'NONE', *, *, #4043, .T. ) ;
#5022 = ORIENTED_EDGE ( 'NONE', *, *, #5067, .T. ) ;
#5023 = CIRCLE ( 'NONE', #404, 1.499999999999999556 ) ;
#5024 = CARTESIAN_POINT ( 'NONE',  ( -10.50000000000000000, 16.99999999999999645, 10.00000000000000000 ) ) ;
#5025 = AXIS2_PLACEMENT_3D ( 'NONE', #4235, #2756, #4405 ) ;
#5026 = DIRECTION ( 'NONE',  ( 0.000000000000000000, 0.7071067811865451302, 0.7071067811865500152 ) ) ;
#5027 = ORIENTED_EDGE ( 'NONE', *, *, #5521, .F. ) ;
#5028 = EDGE_LOOP ( 'NONE', ( #4508, #1257, #3628 ) ) ;
#5029 = VECTOR ( 'NONE', #4143, 1000.000000000000000 ) ;
#5030 = ORIENTED_EDGE ( 'NONE', *, *, #2542, .T. ) ;
#5031 = CARTESIAN_POINT ( 'NONE',  ( -9.799999999999998934, 4.250000000000000000, 7.769927796892919680 ) ) ;
#5032 = LINE ( 'NONE', #1521, #5553 ) ;
#5033 = DIRECTION ( 'NONE',  ( 1.334402673828311860E-16, 1.000000000000000000, 0.000000000000000000 ) ) ;
#5034 = DIRECTION ( 'NONE',  ( 1.000000000000000000, 0.000000000000000000, 0.000000000000000000 ) ) ;
#5035 = DIRECTION ( 'NONE',  ( 0.000000000000000000, 0.000000000000000000, 1.000000000000000000 ) ) ;
#5036 = ORIENTED_EDGE ( 'NONE', *, *, #2203, .T. ) ;
#5037 = ORIENTED_EDGE ( 'NONE', *, *, #1474, .T. ) ;
#5038 = DIRECTION ( 'NONE',  ( 0.000000000000000000, 0.000000000000000000, -1.000000000000000000 ) ) ;
#5039 = ORIENTED_EDGE ( 'NONE', *, *, #1578, .T. ) ;
#5040 = DIRECTION ( 'NONE',  ( -0.000000000000000000, 1.000000000000000000, -0.000000000000000000 ) ) ;
#5041 = ADVANCED_FACE ( 'NONE', ( #1885 ), #1376, .F. ) ;
#5042 = EDGE_CURVE ( 'NONE', #1969, #39, #1043, .T. ) ;
#5043 = FACE_OUTER_BOUND ( 'NONE', #3499, .T. ) ;
#5044 = ORIENTED_EDGE ( 'NONE', *, *, #3895, .F. ) ;
#5045 = ORIENTED_EDGE ( 'NONE', *, *, #761, .T. ) ;
#5046 = ADVANCED_FACE ( 'NONE', ( #2704 ), #4429, .T. ) ;
#5047 = CARTESIAN_POINT ( 'NONE',  ( -6.604487272054069713, -13.89999999999999858, 0.2999999999999999889 ) ) ;
#5048 = CARTESIAN_POINT ( 'NONE',  ( -12.00000000000000000, -5.500000000000000000, 0.3961689313160864367 ) ) ;
#5049 = ORIENTED_EDGE ( 'NONE', *, *, #934, .F. ) ;
#5050 = EDGE_CURVE ( 'NONE', #5466, #4440, #4377, .T. ) ;
#5051 = ORIENTED_EDGE ( 'NONE', *, *, #647, .T. ) ;
#5052 = VERTEX_POINT ( 'NONE', #4002 ) ;
#5053 = DIRECTION ( 'NONE',  ( 1.000000000000000000, 0.000000000000000000, 0.000000000000000000 ) ) ;
#5054 = DIRECTION ( 'NONE',  ( 1.000000000000000000, 0.000000000000000000, 0.000000000000000000 ) ) ;
#5055 = CARTESIAN_POINT ( 'NONE',  ( 10.73213150326320076, -5.500000000000000000, 6.000000000000000000 ) ) ;
#5056 = CARTESIAN_POINT ( 'NONE',  ( -12.00000000000000000, -4.250000000000000000, 33.00000000000000000 ) ) ;
#5057 = CYLINDRICAL_SURFACE ( 'NONE', #4551, 1.500000000000000000 ) ;
#5058 = PRESENTATION_STYLE_ASSIGNMENT (( #4953 ) ) ;
#5059 = CARTESIAN_POINT ( 'NONE',  ( 7.500000000000000000, 17.30000000000000071, 6.000000000000000000 ) ) ;
#5060 = EDGE_LOOP ( 'NONE', ( #4489, #648, #2400, #782 ) ) ;
#5061 = VERTEX_POINT ( 'NONE', #3513 ) ;
#5062 = CARTESIAN_POINT ( 'NONE',  ( 13.50000000000000000, -5.500000000000000000, 0.000000000000000000 ) ) ;
#5063 = DIRECTION ( 'NONE',  ( 0.000000000000000000, 0.000000000000000000, -1.000000000000000000 ) ) ;
#5064 = PLANE ( 'NONE',  #4579 ) ;
#5065 = DIRECTION ( 'NONE',  ( 0.000000000000000000, 0.000000000000000000, 1.000000000000000000 ) ) ;
#5066 = VERTEX_POINT ( 'NONE', #2729 ) ;
#5067 = EDGE_CURVE ( 'NONE', #1907, #5161, #4457, .T. ) ;
#5068 = VERTEX_POINT ( 'NONE', #1775 ) ;
#5069 = CYLINDRICAL_SURFACE ( 'NONE', #2109, 3.249999999999999556 ) ;
#5070 = CARTESIAN_POINT ( 'NONE',  ( 13.50000000000000000, -5.500000000000000000, 0.3961689313160968728 ) ) ;
#5071 = VECTOR ( 'NONE', #183, 1000.000000000000000 ) ;
#5072 = ADVANCED_FACE ( 'NONE', ( #495 ), #3955, .F. ) ;
#5073 = EDGE_LOOP ( 'NONE', ( #1011, #2092, #176, #1304, #416, #2626, #3549, #1233 ) ) ;
#5074 = ADVANCED_FACE ( 'NONE', ( #1802 ), #3100, .F. ) ;
#5075 = ORIENTED_EDGE ( 'NONE', *, *, #3564, .F. ) ;
#5076 = DIRECTION ( 'NONE',  ( -0.000000000000000000, -1.000000000000000000, -0.000000000000000000 ) ) ;
#5077 = DIRECTION ( 'NONE',  ( 0.000000000000000000, -1.000000000000000000, 0.000000000000000000 ) ) ;
#5078 = CARTESIAN_POINT ( 'NONE',  ( 0.000000000000000000, 0.000000000000000000, 17.00000000000000000 ) ) ;
#5079 = LINE ( 'NONE', #5535, #4204 ) ;
#5080 = DIRECTION ( 'NONE',  ( 1.000000000000000000, 0.000000000000000000, 0.000000000000000000 ) ) ;
#5081 = CARTESIAN_POINT ( 'NONE',  ( 9.000000000000001776, 19.49999999999999289, 10.00000000000000000 ) ) ;
#5082 = DIRECTION ( 'NONE',  ( 1.000000000000000000, 0.000000000000000000, 0.000000000000000000 ) ) ;
#5083 =( BOUNDED_CURVE ( )  B_SPLINE_CURVE ( 3, ( #158, #1890, #97, #5340 ),
 .UNSPECIFIED., .F., .T. ) 
 B_SPLINE_CURVE_WITH_KNOTS ( ( 4, 4 ),
 ( 1.431888505849262083, 2.121253496966264862 ),
 .UNSPECIFIED. ) 
 CURVE ( )  GEOMETRIC_REPRESENTATION_ITEM ( )  RATIONAL_B_SPLINE_CURVE ( ( 1.000000000000000000, 0.9607885227449100007, 0.9607885227449100007, 1.000000000000000000 ) ) 
 REPRESENTATION_ITEM ( '' )  );
#5084 = EDGE_LOOP ( 'NONE', ( #3910, #3744, #1565, #4374 ) ) ;
#5085 = CARTESIAN_POINT ( 'NONE',  ( 7.021564347915039583, 1.449999999999999956, 30.00000000000000000 ) ) ;
#5086 = CARTESIAN_POINT ( 'NONE',  ( 5.079182608099768181, -22.43219725663734820, 19.99108517032500387 ) ) ;
#5087 = CIRCLE ( 'NONE', #1841, 1.499999999999999556 ) ;
#5088 = AXIS2_PLACEMENT_3D ( 'NONE', #3679, #4949, #1153 ) ;
#5089 = DIRECTION ( 'NONE',  ( 1.000000000000000000, 0.000000000000000000, 0.000000000000000000 ) ) ;
#5090 = VECTOR ( 'NONE', #1501, 1000.000000000000000 ) ;
#5091 = DIRECTION ( 'NONE',  ( 0.000000000000000000, -1.000000000000000000, 0.000000000000000000 ) ) ;
#5092 = DIRECTION ( 'NONE',  ( 0.000000000000000000, 1.000000000000000000, 0.000000000000000000 ) ) ;
#5093 = VERTEX_POINT ( 'NONE', #4541 ) ;
#5094 = VECTOR ( 'NONE', #3887, 1000.000000000000000 ) ;
#5095 = AXIS2_PLACEMENT_3D ( 'NONE', #5512, #3428, #840 ) ;
#5096 = AXIS2_PLACEMENT_3D ( 'NONE', #178, #5364, #2789 ) ;
#5097 = ORIENTED_EDGE ( 'NONE', *, *, #752, .T. ) ;
#5098 = FACE_OUTER_BOUND ( 'NONE', #1457, .T. ) ;
#5099 = LINE ( 'NONE', #4282, #2322 ) ;
#5100 = VECTOR ( 'NONE', #1383, 1000.000000000000000 ) ;
#5101 = AXIS2_PLACEMENT_3D ( 'NONE', #1780, #2261, #1356 ) ;
#5102 = ORIENTED_EDGE ( 'NONE', *, *, #5595, .F. ) ;
#5103 = ORIENTED_EDGE ( 'NONE', *, *, #2389, .T. ) ;
#5104 = VECTOR ( 'NONE', #5133, 1000.000000000000000 ) ;
#5105 = CARTESIAN_POINT ( 'NONE',  ( 11.50000000000000000, 0.7500000000000000000, 5.000000000000000000 ) ) ;
#5106 = EDGE_CURVE ( 'NONE', #1961, #2536, #4463, .T. ) ;
#5107 = DIRECTION ( 'NONE',  ( 0.000000000000000000, 0.000000000000000000, 1.000000000000000000 ) ) ;
#5108 = VERTEX_POINT ( 'NONE', #261 ) ;
#5109 = CARTESIAN_POINT ( 'NONE',  ( 11.50000000000000000, -2.250000000000000000, 28.00000000000000000 ) ) ;
#5110 = ADVANCED_FACE ( 'NONE', ( #1996 ), #2813, .F. ) ;
#5111 = AXIS2_PLACEMENT_3D ( 'NONE', #836, #1771, #4344 ) ;
#5112 = EDGE_CURVE ( 'NONE', #5161, #297, #3728, .T. ) ;
#5113 = CIRCLE ( 'NONE', #595, 3.249999999999999556 ) ;
#5114 = CARTESIAN_POINT ( 'NONE',  ( -9.000000000000001776, -18.50000000000000000, 8.142135623730919036 ) ) ;
#5115 = B_SPLINE_CURVE_WITH_KNOTS ( 'NONE', 3,
 ( #1021, #5299, #2744, #1816 ),
 .UNSPECIFIED., .F., .F.,
 ( 4, 4 ),
 ( 3.469446951953614189E-18, 0.0007160240478362469001 ),
 .UNSPECIFIED. ) ;
#5116 = AXIS2_PLACEMENT_3D ( 'NONE', #420, #3798, #5124 ) ;
#5117 = CARTESIAN_POINT ( 'NONE',  ( 6.500000000000002665, -22.06241147291020610, 21.00000000000000000 ) ) ;
#5118 = FACE_OUTER_BOUND ( 'NONE', #3188, .T. ) ;
#5119 = EDGE_CURVE ( 'NONE', #1734, #4255, #2403, .T. ) ;
#5120 = ORIENTED_EDGE ( 'NONE', *, *, #1757, .T. ) ;
#5121 = LINE ( 'NONE', #5206, #1204 ) ;
#5122 = CARTESIAN_POINT ( 'NONE',  ( 6.113949148117137966, -22.17326931160449632, 20.96226263503908172 ) ) ;
#5123 = LINE ( 'NONE', #4616, #1187 ) ;
#5124 = DIRECTION ( 'NONE',  ( 1.000000000000000000, 0.000000000000000000, 0.000000000000000000 ) ) ;
#5125 = FACE_OUTER_BOUND ( 'NONE', #2331, .T. ) ;
#5126 = ORIENTED_EDGE ( 'NONE', *, *, #1077, .T. ) ;
#5127 = ORIENTED_EDGE ( 'NONE', *, *, #4560, .F. ) ;
#5128 = DIRECTION ( 'NONE',  ( 0.000000000000000000, 0.000000000000000000, -1.000000000000000000 ) ) ;
#5129 = CARTESIAN_POINT ( 'NONE',  ( 7.321564347915040294, 1.449999999999999956, 30.00000000000000000 ) ) ;
#5130 = VERTEX_POINT ( 'NONE', #177 ) ;
#5131 = ORIENTED_EDGE ( 'NONE', *, *, #1544, .F. ) ;
#5132 = CARTESIAN_POINT ( 'NONE',  ( -13.50000000000000000, -5.500000000000000000, 0.000000000000000000 ) ) ;
#5133 = DIRECTION ( 'NONE',  ( 0.000000000000000000, 0.000000000000000000, 1.000000000000000000 ) ) ;
#5134 = CARTESIAN_POINT ( 'NONE',  ( 14.49999999999999289, -16.73320053068151125, 25.00000000000000000 ) ) ;
#5135 = ORIENTED_EDGE ( 'NONE', *, *, #5276, .F. ) ;
#5136 = EDGE_CURVE ( 'NONE', #4983, #4651, #3701, .T. ) ;
#5137 = CARTESIAN_POINT ( 'NONE',  ( -3.000000000000002220, 19.69999999999999929, 15.00000000000000178 ) ) ;
#5138 = EDGE_CURVE ( 'NONE', #2137, #2918, #4919, .T. ) ;
#5139 = CARTESIAN_POINT ( 'NONE',  ( 0.000000000000000000, 0.000000000000000000, 21.00000000000000000 ) ) ;
#5140 = EDGE_CURVE ( 'NONE', #522, #1085, #1658, .T. ) ;
#5141 = DIRECTION ( 'NONE',  ( -1.000000000000000000, 0.000000000000000000, 0.000000000000000000 ) ) ;
#5142 = EDGE_LOOP ( 'NONE', ( #4397, #20, #5571, #2077, #1675, #1956 ) ) ;
#5143 = CARTESIAN_POINT ( 'NONE',  ( 12.00000000000000000, -4.250000000000000000, 0.000000000000000000 ) ) ;
#5144 = EDGE_CURVE ( 'NONE', #610, #5159, #1973, .T. ) ;
#5145 = ORIENTED_EDGE ( 'NONE', *, *, #5560, .F. ) ;
#5146 = CARTESIAN_POINT ( 'NONE',  ( 14.50000000000001066, 1.806354028742346591E-15, 17.00000000000000000 ) ) ;
#5147 = DIRECTION ( 'NONE',  ( 1.000000000000000000, -2.551063935260009690E-17, 0.000000000000000000 ) ) ;
#5148 = LINE ( 'NONE', #383, #1663 ) ;
#5149 = VERTEX_POINT ( 'NONE', #4577 ) ;
#5150 = ORIENTED_EDGE ( 'NONE', *, *, #5217, .T. ) ;
#5151 = FACE_OUTER_BOUND ( 'NONE', #4704, .T. ) ;
#5152 = CARTESIAN_POINT ( 'NONE',  ( 5.313443986423282972, 18.34662918763131145, 20.43835464162123827 ) ) ;
#5153 = ORIENTED_EDGE ( 'NONE', *, *, #2999, .F. ) ;
#5154 = ORIENTED_EDGE ( 'NONE', *, *, #866, .F. ) ;
#5155 = UNCERTAINTY_MEASURE_WITH_UNIT (LENGTH_MEASURE( 1.000000000000000082E-05 ), #4547, 'distance_accuracy_value', 'NONE');
#5156 = ORIENTED_EDGE ( 'NONE', *, *, #566, .F. ) ;
#5157 = FACE_OUTER_BOUND ( 'NONE', #795, .T. ) ;
#5158 = DIRECTION ( 'NONE',  ( 0.000000000000000000, 0.000000000000000000, 1.000000000000000000 ) ) ;
#5159 = VERTEX_POINT ( 'NONE', #5031 ) ;
#5160 = CARTESIAN_POINT ( 'NONE',  ( -11.50000000000000000, -2.250000000000000000, 5.000000000000000000 ) ) ;
#5161 = VERTEX_POINT ( 'NONE', #281 ) ;
#5162 = VECTOR ( 'NONE', #4357, 1000.000000000000000 ) ;
#5163 = CARTESIAN_POINT ( 'NONE',  ( -13.50000000000000000, 16.99999999999999645, 0.3961689313160864367 ) ) ;
#5164 = CARTESIAN_POINT ( 'NONE',  ( -12.00000000000000000, 18.50000000000000000, 10.00000000000000000 ) ) ;
#5165 = EDGE_CURVE ( 'NONE', #739, #3697, #205, .T. ) ;
#5166 = LINE ( 'NONE', #2566, #1668 ) ;
#5167 = VERTEX_POINT ( 'NONE', #2450 ) ;
#5168 = LINE ( 'NONE', #5514, #3649 ) ;
#5169 = DIRECTION ( 'NONE',  ( 0.000000000000000000, -1.000000000000000000, 0.000000000000000000 ) ) ;
#5170 = EDGE_CURVE ( 'NONE', #1815, #4662, #2200, .T. ) ;
#5171 = DIRECTION ( 'NONE',  ( -0.7071067811865463515, 0.000000000000000000, -0.7071067811865487940 ) ) ;
#5172 = CARTESIAN_POINT ( 'NONE',  ( 13.49999999999999645, 15.55988431833605290, 15.00000000000000178 ) ) ;
#5173 = CARTESIAN_POINT ( 'NONE',  ( -12.00000000000000000, -18.50000000000000000, 0.000000000000000000 ) ) ;
#5174 = EDGE_CURVE ( 'NONE', #610, #1609, #4011, .T. ) ;
#5175 = ADVANCED_FACE ( 'NONE', ( #2475 ), #4176, .F. ) ;
#5176 = ORIENTED_EDGE ( 'NONE', *, *, #1136, .T. ) ;
#5177 = ORIENTED_EDGE ( 'NONE', *, *, #388, .F. ) ;
#5178 = VECTOR ( 'NONE', #716, 1000.000000000000000 ) ;
#5179 = CARTESIAN_POINT ( 'NONE',  ( 33.50000000000000000, -5.500000000000000000, 6.000000000000000000 ) ) ;
#5180 = CIRCLE ( 'NONE', #661, 0.5000000000000000000 ) ;
#5181 = CARTESIAN_POINT ( 'NONE',  ( 0.000000000000000000, 0.000000000000000000, 25.00000000000000000 ) ) ;
#5182 = FACE_OUTER_BOUND ( 'NONE', #601, .T. ) ;
#5183 = EDGE_CURVE ( 'NONE', #3641, #5419, #5454, .T. ) ;
#5184 = VECTOR ( 'NONE', #3608, 1000.000000000000114 ) ;
#5185 = VECTOR ( 'NONE', #2500, 1000.000000000000000 ) ;
#5186 = AXIS2_PLACEMENT_3D ( 'NONE', #325, #3874, #791 ) ;
#5187 = ORIENTED_EDGE ( 'NONE', *, *, #5283, .F. ) ;
#5188 = EDGE_LOOP ( 'NONE', ( #809, #2367, #5049, #220, #4361, #2870 ) ) ;
#5189 = DIRECTION ( 'NONE',  ( 0.000000000000000000, 1.000000000000000000, 0.000000000000000000 ) ) ;
#5190 = AXIS2_PLACEMENT_3D ( 'NONE', #1611, #442, #2176 ) ;
#5191 = VECTOR ( 'NONE', #2663, 1000.000000000000000 ) ;
#5192 = CARTESIAN_POINT ( 'NONE',  ( -3.499999999999999112, -18.94608041734636572, 24.66662914088454883 ) ) ;
#5193 = AXIS2_PLACEMENT_3D ( 'NONE', #3645, #2451, #2430 ) ;
#5194 = VERTEX_POINT ( 'NONE', #5363 ) ;
#5195 = PLANE ( 'NONE',  #5296 ) ;
#5196 = CIRCLE ( 'NONE', #1046, 9.999999999999998224 ) ;
#5197 = ORIENTED_EDGE ( 'NONE', *, *, #354, .F. ) ;
#5198 = AXIS2_PLACEMENT_3D ( 'NONE', #1562, #5390, #1515 ) ;
#5199 = DIRECTION ( 'NONE',  ( 1.000000000000000000, 0.000000000000000000, 0.000000000000000000 ) ) ;
#5200 = VECTOR ( 'NONE', #629, 1000.000000000000114 ) ;
#5201 = AXIS2_PLACEMENT_3D ( 'NONE', #3473, #34, #1769 ) ;
#5202 = DIRECTION ( 'NONE',  ( -1.000000000000000000, 0.000000000000000000, 0.000000000000000000 ) ) ;
#5203 = DIRECTION ( 'NONE',  ( 0.7071067811865474617, 0.7071067811865474617, -0.000000000000000000 ) ) ;
#5204 = ORIENTED_EDGE ( 'NONE', *, *, #620, .F. ) ;
#5205 = AXIS2_PLACEMENT_3D ( 'NONE', #2440, #273, #1959 ) ;
#5206 = CARTESIAN_POINT ( 'NONE',  ( -13.50000000000000000, -16.99999999999999645, 0.9999999999999701350 ) ) ;
#5207 = ORIENTED_EDGE ( 'NONE', *, *, #541, .F. ) ;
#5208 = DIRECTION ( 'NONE',  ( -0.000000000000000000, -0.000000000000000000, -1.000000000000000000 ) ) ;
#5209 = CARTESIAN_POINT ( 'NONE',  ( 4.999999999999996447, 23.45501736395210557, 17.00000000000000000 ) ) ;
#5210 = DIRECTION ( 'NONE',  ( 0.000000000000000000, -1.000000000000000000, 0.000000000000000000 ) ) ;
#5211 = CARTESIAN_POINT ( 'NONE',  ( -9.000000000000001776, 16.99999999999999645, 10.00000000000000000 ) ) ;
#5212 = ORIENTED_EDGE ( 'NONE', *, *, #2249, .F. ) ;
#5213 = ORIENTED_EDGE ( 'NONE', *, *, #720, .F. ) ;
#5214 = DIRECTION ( 'NONE',  ( 0.8192319205190400355, 0.000000000000000000, 0.5734623443633289908 ) ) ;
#5215 = EDGE_CURVE ( 'NONE', #5329, #5466, #1069, .T. ) ;
#5216 = DIRECTION ( 'NONE',  ( 0.000000000000000000, -1.000000000000000000, 0.000000000000000000 ) ) ;
#5217 = EDGE_CURVE ( 'NONE', #1061, #46, #698, .T. ) ;
#5218 = CARTESIAN_POINT ( 'NONE',  ( 7.500000000000000000, -25.50000000000000000, 6.000000000000000000 ) ) ;
#5219 = EDGE_CURVE ( 'NONE', #2062, #1540, #5396, .T. ) ;
#5220 = ORIENTED_EDGE ( 'NONE', *, *, #157, .F. ) ;
#5221 = ORIENTED_EDGE ( 'NONE', *, *, #1656, .F. ) ;
#5222 = DIRECTION ( 'NONE',  ( 0.000000000000000000, 0.000000000000000000, -1.000000000000000000 ) ) ;
#5223 = ADVANCED_FACE ( 'NONE', ( #3867 ), #3356, .T. ) ;
#5224 = PLANE ( 'NONE',  #400 ) ;
#5225 = VERTEX_POINT ( 'NONE', #897 ) ;
#5226 = ORIENTED_EDGE ( 'NONE', *, *, #4836, .F. ) ;
#5227 = DIRECTION ( 'NONE',  ( 1.000000000000000000, 0.000000000000000000, 0.000000000000000000 ) ) ;
#5228 = LINE ( 'NONE', #3539, #4645 ) ;
#5229 = FACE_OUTER_BOUND ( 'NONE', #3846, .T. ) ;
#5230 = LINE ( 'NONE', #963, #2293 ) ;
#5231 = ORIENTED_EDGE ( 'NONE', *, *, #3968, .T. ) ;
#5232 = CARTESIAN_POINT ( 'NONE',  ( 4.999999999999996447, 18.43393609623295148, 17.00000000000000000 ) ) ;
#5233 = CARTESIAN_POINT ( 'NONE',  ( 7.004487272054069180, 17.30000000000000071, 1.084202172485503941E-16 ) ) ;
#5234 = FACE_OUTER_BOUND ( 'NONE', #2071, .T. ) ;
#5235 = DIRECTION ( 'NONE',  ( 0.000000000000000000, 0.000000000000000000, -1.000000000000000000 ) ) ;
#5236 = CARTESIAN_POINT ( 'NONE',  ( -11.95000000000000107, 0.7500000000000000000, 33.00000000000000000 ) ) ;
#5237 = ORIENTED_EDGE ( 'NONE', *, *, #4777, .T. ) ;
#5238 = VERTEX_POINT ( 'NONE', #2591 ) ;
#5239 = SHAPE_REPRESENTATION ( '\X2\624b815563d295004ef6\X0\-v23', ( #4649 ), #1489 ) ;
#5240 = DIRECTION ( 'NONE',  ( 1.000000000000000000, 0.000000000000000000, 0.000000000000000000 ) ) ;
#5241 = LINE ( 'NONE', #2185, #4556 ) ;
#5242 = CARTESIAN_POINT ( 'NONE',  ( -3.499999999999999112, 20.19999999999999574, 24.00000000000001421 ) ) ;
#5243 = EDGE_CURVE ( 'NONE', #3244, #2844, #1624, .T. ) ;
#5244 = VERTEX_POINT ( 'NONE', #3840 ) ;
#5245 = ORIENTED_EDGE ( 'NONE', *, *, #5590, .T. ) ;
#5246 = FACE_OUTER_BOUND ( 'NONE', #1430, .T. ) ;
#5247 = CARTESIAN_POINT ( 'NONE',  ( 20.50000000000000000, 18.50000000000000000, 8.142135623730929694 ) ) ;
#5248 = EDGE_CURVE ( 'NONE', #1988, #460, #3, .T. ) ;
#5249 = EDGE_CURVE ( 'NONE', #1246, #4983, #3444, .T. ) ;
#5250 = ORIENTED_EDGE ( 'NONE', *, *, #2103, .F. ) ;
#5251 = CARTESIAN_POINT ( 'NONE',  ( 3.332847496575209512, 18.63770715197611949, 15.33284749657520152 ) ) ;
#5252 = DIRECTION ( 'NONE',  ( 0.000000000000000000, -1.000000000000000000, 0.000000000000000000 ) ) ;
#5253 = FACE_OUTER_BOUND ( 'NONE', #174, .T. ) ;
#5254 = AXIS2_PLACEMENT_3D ( 'NONE', #3343, #2497, #1189 ) ;
#5255 = ADVANCED_FACE ( 'NONE', ( #833 ), #757, .T. ) ;
#5256 = CARTESIAN_POINT ( 'NONE',  ( 13.49999999999999645, 16.73320053068151125, 25.00000000000000000 ) ) ;
#5257 = LINE ( 'NONE', #3109, #3016 ) ;
#5258 = CARTESIAN_POINT ( 'NONE',  ( -13.50000000000000000, 16.99999999999999645, 0.3961689313160864367 ) ) ;
#5259 = LINE ( 'NONE', #1331, #4351 ) ;
#5260 = DIRECTION ( 'NONE',  ( 0.000000000000000000, 0.000000000000000000, -1.000000000000000000 ) ) ;
#5261 = FACE_OUTER_BOUND ( 'NONE', #1197, .T. ) ;
#5262 = ORIENTED_EDGE ( 'NONE', *, *, #2995, .T. ) ;
#5263 = ORIENTED_EDGE ( 'NONE', *, *, #1449, .T. ) ;
#5264 = FACE_OUTER_BOUND ( 'NONE', #5360, .T. ) ;
#5265 = DIRECTION ( 'NONE',  ( 1.000000000000000000, 0.000000000000000000, -0.000000000000000000 ) ) ;
#5266 = LINE ( 'NONE', #2301, #3767 ) ;
#5267 = ORIENTED_EDGE ( 'NONE', *, *, #2548, .T. ) ;
#5268 = AXIS2_PLACEMENT_3D ( 'NONE', #3453, #2198, #2625 ) ;
#5269 = CLOSED_SHELL ( 'NONE', ( #257, #2818, #2893, #1480, #86, #1443, #3876, #2481, #2093, #4762, #3111, #3099, #4419, #2586, #991, #4253, #1867, #4797, #5175, #5046, #3424, #3970, #2750, #5292, #228, #510, #2042, #2691, #1794, #3494, #2721, #545, #964, #2140, #2596, #5041, #3215, #5315, #2347, #466, #4908, #924, #2760, #3349, #3900, #1145, #893, #3972, #1715, #2898, #1583, #3994, #576, #872, #3451, #4832, #2690, #5110, #2966, #1831, #1352, #1621, #1927, #1106, #1205, #1717, #4666, #2968, #3730, #754, #3764, #3797, #5255, #1614, #66, #5223, #5005, #4314, #1100, #743, #4079, #4553, #3777, #824, #2349, #4126, #2272, #3420, #2065, #3381, #3434, #5387, #5487, #1073, #3561, #4281, #1301, #2589, #4730, #2715, #1267, #682, #5488, #4450, #5532, #4071, #3871, #4594, #1065, #438, #1414, #1998, #3167, #1889, #1964, #3849, #5074, #2177, #1096, #4000, #4348, #1071, #2038, #3039, #327, #1549, #3770, #2697, #3635 ) ) ;
#5270 = ORIENTED_EDGE ( 'NONE', *, *, #5413, .T. ) ;
#5271 = DIRECTION ( 'NONE',  ( 1.334402673828311860E-16, 1.000000000000000000, 0.000000000000000000 ) ) ;
#5272 = CARTESIAN_POINT ( 'NONE',  ( -17.00000000000000000, 0.000000000000000000, 30.00000000000000000 ) ) ;
#5273 = AXIS2_PLACEMENT_3D ( 'NONE', #3440, #1279, #4231 ) ;
#5274 = AXIS2_PLACEMENT_3D ( 'NONE', #5105, #317, #4207 ) ;
#5275 = ORIENTED_EDGE ( 'NONE', *, *, #5112, .F. ) ;
#5276 = EDGE_CURVE ( 'NONE', #5149, #4708, #3380, .T. ) ;
#5277 = CONICAL_SURFACE ( 'NONE', #855, 0.5000000000000004441, 0.7853981633974482790 ) ;
#5278 = AXIS2_PLACEMENT_3D ( 'NONE', #802, #2998, #2522 ) ;
#5279 = VECTOR ( 'NONE', #2669, 1000.000000000000000 ) ;
#5280 = CARTESIAN_POINT ( 'NONE',  ( 11.50000000000000000, -2.250000000000000000, 29.75000000000000000 ) ) ;
#5281 = CARTESIAN_POINT ( 'NONE',  ( -9.010594162098090720, 5.535079271003109369, 33.00000000000000000 ) ) ;
#5282 = EDGE_CURVE ( 'NONE', #995, #3065, #1570, .T. ) ;
#5283 = EDGE_CURVE ( 'NONE', #3270, #5329, #871, .T. ) ;
#5284 = ORIENTED_EDGE ( 'NONE', *, *, #4598, .F. ) ;
#5285 = DIRECTION ( 'NONE',  ( 0.8520759863078154472, -0.5234181058748001991, 0.000000000000000000 ) ) ;
#5286 = CIRCLE ( 'NONE', #124, 1.499999999999999556 ) ;
#5287 = DIRECTION ( 'NONE',  ( 1.000000000000000000, 4.081702296416015504E-16, 0.000000000000000000 ) ) ;
#5288 = AXIS2_PLACEMENT_3D ( 'NONE', #3898, #1716, #3981 ) ;
#5289 = FACE_OUTER_BOUND ( 'NONE', #2049, .T. ) ;
#5290 = AXIS2_PLACEMENT_3D ( 'NONE', #1626, #3359, #1952 ) ;
#5291 = CARTESIAN_POINT ( 'NONE',  ( 12.00000000000000000, -4.250000000000000000, 5.000000000000000000 ) ) ;
#5292 = ADVANCED_FACE ( 'NONE', ( #1199 ), #4287, .T. ) ;
#5293 = FACE_OUTER_BOUND ( 'NONE', #4574, .T. ) ;
#5294 = CARTESIAN_POINT ( 'NONE',  ( 0.000000000000000000, -19.70000000000000639, 15.00000000000000178 ) ) ;
#5295 = LINE ( 'NONE', #1785, #3660 ) ;
#5296 = AXIS2_PLACEMENT_3D ( 'NONE', #2335, #2594, #403 ) ;
#5297 = VERTEX_POINT ( 'NONE', #3386 ) ;
#5298 = VERTEX_POINT ( 'NONE', #3891 ) ;
#5299 = CARTESIAN_POINT ( 'NONE',  ( 5.000000000000000888, -22.27914582980752911, 16.66671376562264228 ) ) ;
#5300 = CIRCLE ( 'NONE', #3944, 1.499999999999999556 ) ;
#5301 = DIRECTION ( 'NONE',  ( 0.000000000000000000, 0.000000000000000000, -1.000000000000000000 ) ) ;
#5302 = CARTESIAN_POINT ( 'NONE',  ( -10.50000000000000000, 0.000000000000000000, 9.000000000000000000 ) ) ;
#5303 = ORIENTED_EDGE ( 'NONE', *, *, #517, .T. ) ;
#5304 = DIRECTION ( 'NONE',  ( -0.6371620289784515334, 0.7071067811865474617, 0.3066342264458798428 ) ) ;
#5305 = ORIENTED_EDGE ( 'NONE', *, *, #617, .F. ) ;
#5306 = VERTEX_POINT ( 'NONE', #2928 ) ;
#5307 = LINE ( 'NONE', #1431, #3291 ) ;
#5308 = FACE_OUTER_BOUND ( 'NONE', #4323, .T. ) ;
#5309 = VECTOR ( 'NONE', #4104, 1000.000000000000000 ) ;
#5310 = ORIENTED_EDGE ( 'NONE', *, *, #2421, .F. ) ;
#5311 = DIRECTION ( 'NONE',  ( -1.000000000000000000, 0.000000000000000000, 0.000000000000000000 ) ) ;
#5312 = CARTESIAN_POINT ( 'NONE',  ( 3.000000000000003997, 0.000000000000000000, 15.00000000000000178 ) ) ;
#5313 = FACE_OUTER_BOUND ( 'NONE', #1405, .T. ) ;
#5314 = DIRECTION ( 'NONE',  ( 0.000000000000000000, 0.000000000000000000, -1.000000000000000000 ) ) ;
#5315 = ADVANCED_FACE ( 'NONE', ( #5157 ), #1234, .F. ) ;
#5316 = EDGE_CURVE ( 'NONE', #700, #30, #5007, .T. ) ;
#5317 = LINE ( 'NONE', #1438, #1478 ) ;
#5318 = CARTESIAN_POINT ( 'NONE',  ( -9.000000000000001776, -18.50000000000000000, 9.000000000000000000 ) ) ;
#5319 = DIRECTION ( 'NONE',  ( -0.000000000000000000, -1.000000000000000000, 0.000000000000000000 ) ) ;
#5320 = CARTESIAN_POINT ( 'NONE',  ( -10.44943371368184515, 3.192782326564424178, 31.16850761348506538 ) ) ;
#5321 = EDGE_CURVE ( 'NONE', #4179, #1198, #3472, .T. ) ;
#5322 = EDGE_CURVE ( 'NONE', #610, #1871, #241, .T. ) ;
#5323 = ORIENTED_EDGE ( 'NONE', *, *, #3006, .F. ) ;
#5324 = ORIENTED_EDGE ( 'NONE', *, *, #4634, .F. ) ;
#5325 = FACE_OUTER_BOUND ( 'NONE', #3318, .T. ) ;
#5326 = DIRECTION ( 'NONE',  ( 0.000000000000000000, 1.000000000000000000, 0.000000000000000000 ) ) ;
#5327 = CARTESIAN_POINT ( 'NONE',  ( -11.50000000000000000, -7.750000000000000000, 3.250000000000000000 ) ) ;
#5328 = LINE ( 'NONE', #4166, #2225 ) ;
#5329 = VERTEX_POINT ( 'NONE', #401 ) ;
#5330 = ORIENTED_EDGE ( 'NONE', *, *, #3178, .T. ) ;
#5331 = ORIENTED_EDGE ( 'NONE', *, *, #5413, .F. ) ;
#5332 = CARTESIAN_POINT ( 'NONE',  ( 0.000000000000000000, 0.000000000000000000, 25.00000000000000000 ) ) ;
#5333 = FACE_OUTER_BOUND ( 'NONE', #4898, .T. ) ;
#5334 = ORIENTED_EDGE ( 'NONE', *, *, #2379, .T. ) ;
#5335 = VERTEX_POINT ( 'NONE', #4711 ) ;
#5336 = CARTESIAN_POINT ( 'NONE',  ( -17.00000000000000000, 0.7500000000000000000, 33.00000000000000000 ) ) ;
#5337 = CARTESIAN_POINT ( 'NONE',  ( 3.500000000000000888, -20.20000000000000284, 15.49999999999998579 ) ) ;
#5338 = DIRECTION ( 'NONE',  ( 0.000000000000000000, -1.000000000000000000, 0.000000000000000000 ) ) ;
#5339 = FACE_OUTER_BOUND ( 'NONE', #3071, .T. ) ;
#5340 = CARTESIAN_POINT ( 'NONE',  ( 9.799999999999998934, 4.250000000000000000, 7.769927796892919680 ) ) ;
#5341 = CARTESIAN_POINT ( 'NONE',  ( 23.00000000000000000, 0.000000000000000000, 10.49999999999999112 ) ) ;
#5342 = PLANE ( 'NONE',  #454 ) ;
#5343 = VECTOR ( 'NONE', #2820, 1000.000000000000000 ) ;
#5344 = EDGE_CURVE ( 'NONE', #1343, #3802, #112, .T. ) ;
#5345 = DIRECTION ( 'NONE',  ( 0.000000000000000000, 0.000000000000000000, 1.000000000000000000 ) ) ;
#5346 = VERTEX_POINT ( 'NONE', #4742 ) ;
#5347 = ORIENTED_EDGE ( 'NONE', *, *, #238, .F. ) ;
#5348 = EDGE_CURVE ( 'NONE', #4186, #3508, #27, .T. ) ;
#5349 = LINE ( 'NONE', #1447, #4650 ) ;
#5350 = DIRECTION ( 'NONE',  ( 0.000000000000000000, -1.000000000000000000, 0.000000000000000000 ) ) ;
#5351 = CARTESIAN_POINT ( 'NONE',  ( 20.50000000000000000, 5.500000000000000000, 8.142135623730929694 ) ) ;
#5352 = EDGE_CURVE ( 'NONE', #116, #4662, #5565, .T. ) ;
#5353 = EDGE_CURVE ( 'NONE', #1648, #739, #1208, .T. ) ;
#5354 = LINE ( 'NONE', #874, #3583 ) ;
#5355 = ORIENTED_EDGE ( 'NONE', *, *, #5138, .F. ) ;
#5356 = VERTEX_POINT ( 'NONE', #2125 ) ;
#5357 = CARTESIAN_POINT ( 'NONE',  ( 13.49999999999999645, 15.55988431833605290, 21.00000000000000000 ) ) ;
#5358 = DIRECTION ( 'NONE',  ( -0.000000000000000000, -0.000000000000000000, -1.000000000000000000 ) ) ;
#5359 = ADVANCED_FACE ( 'NONE', ( #1639 ), #3437, .F. ) ;
#5360 = EDGE_LOOP ( 'NONE', ( #4988, #3530, #906, #5404 ) ) ;
#5361 = EDGE_LOOP ( 'NONE', ( #3001, #5231 ) ) ;
#5362 = EDGE_LOOP ( 'NONE', ( #4024, #1492, #1513, #1493 ) ) ;
#5363 = CARTESIAN_POINT ( 'NONE',  ( 3.500000000000000888, 18.77658115845374454, 15.49999999999998757 ) ) ;
#5364 = DIRECTION ( 'NONE',  ( 0.000000000000000000, 0.000000000000000000, 1.000000000000000000 ) ) ;
#5365 = VECTOR ( 'NONE', #4822, 1000.000000000000000 ) ;
#5366 = AXIS2_PLACEMENT_3D ( 'NONE', #4773, #1709, #2138 ) ;
#5367 = CIRCLE ( 'NONE', #2111, 0.2999999999999999334 ) ;
#5368 = LINE ( 'NONE', #638, #38 ) ;
#5369 = DIRECTION ( 'NONE',  ( 1.000000000000000000, 0.000000000000000000, 0.000000000000000000 ) ) ;
#5370 = AXIS2_PLACEMENT_3D ( 'NONE', #1082, #5326, #3261 ) ;
#5371 = MECHANICAL_DESIGN_GEOMETRIC_PRESENTATION_REPRESENTATION (  '', ( #580 ), #4111 ) ;
#5372 = CIRCLE ( 'NONE', #4291, 11.50000000000000000 ) ;
#5373 = CYLINDRICAL_SURFACE ( 'NONE', #131, 1.499999999999999556 ) ;
#5374 = VECTOR ( 'NONE', #2327, 1000.000000000000000 ) ;
#5375 = FACE_OUTER_BOUND ( 'NONE', #1904, .T. ) ;
#5376 = CIRCLE ( 'NONE', #3102, 23.00000000000000000 ) ;
#5377 = CARTESIAN_POINT ( 'NONE',  ( 7.500000000000000000, 5.500000000000000000, 6.000000000000000000 ) ) ;
#5378 = EDGE_LOOP ( 'NONE', ( #1308, #246, #5226, #2723 ) ) ;
#5379 = VECTOR ( 'NONE', #4687, 1000.000000000000000 ) ;
#5380 = ORIENTED_EDGE ( 'NONE', *, *, #694, .T. ) ;
#5381 = DIRECTION ( 'NONE',  ( -0.000000000000000000, -0.000000000000000000, -1.000000000000000000 ) ) ;
#5382 = LINE ( 'NONE', #1142, #3224 ) ;
#5383 = CIRCLE ( 'NONE', #129, 3.249999999999999556 ) ;
#5384 = CARTESIAN_POINT ( 'NONE',  ( 14.99999999999999645, 16.73320053068151125, 24.49999999999999289 ) ) ;
#5385 = VECTOR ( 'NONE', #1876, 1000.000000000000000 ) ;
#5386 = VERTEX_POINT ( 'NONE', #5173 ) ;
#5387 = ADVANCED_FACE ( 'NONE', ( #5580 ), #737, .T. ) ;
#5388 = ORIENTED_EDGE ( 'NONE', *, *, #1136, .F. ) ;
#5389 = CARTESIAN_POINT ( 'NONE',  ( 12.51699029126213070, -14.42688303302032082, 24.49999999999999289 ) ) ;
#5390 = DIRECTION ( 'NONE',  ( 0.000000000000000000, 0.000000000000000000, 1.000000000000000000 ) ) ;
#5391 = EDGE_CURVE ( 'NONE', #4259, #742, #3479, .T. ) ;
#5392 = ORIENTED_EDGE ( 'NONE', *, *, #2075, .T. ) ;
#5393 = EDGE_LOOP ( 'NONE', ( #2886, #2993 ) ) ;
#5394 = EDGE_CURVE ( 'NONE', #739, #1037, #2575, .T. ) ;
#5395 = EDGE_LOOP ( 'NONE', ( #3974, #2634, #916, #2231 ) ) ;
#5396 = LINE ( 'NONE', #1520, #2025 ) ;
#5397 = LINE ( 'NONE', #4155, #4376 ) ;
#5398 = DIRECTION ( 'NONE',  ( -1.000000000000000000, 0.000000000000000000, 0.000000000000000000 ) ) ;
#5399 = CYLINDRICAL_SURFACE ( 'NONE', #4119, 1.499999999999999556 ) ;
#5400 = CARTESIAN_POINT ( 'NONE',  ( 6.478435652084950647, 3.950000000000000178, 0.000000000000000000 ) ) ;
#5401 = CARTESIAN_POINT ( 'NONE',  ( 6.499999999999997335, 23.45501736395210557, 19.50000000000000000 ) ) ;
#5402 = CARTESIAN_POINT ( 'NONE',  ( 11.50000000000000000, 0.7500000000000000000, 28.00000000000000000 ) ) ;
#5403 = DIRECTION ( 'NONE',  ( 0.000000000000000000, 0.000000000000000000, 1.000000000000000000 ) ) ;
#5404 = ORIENTED_EDGE ( 'NONE', *, *, #3047, .F. ) ;
#5405 = ORIENTED_EDGE ( 'NONE', *, *, #5593, .F. ) ;
#5406 = CYLINDRICAL_SURFACE ( 'NONE', #5370, 1.750000000000001554 ) ;
#5407 = DIRECTION ( 'NONE',  ( -1.000000000000000000, 0.000000000000000000, 0.000000000000000000 ) ) ;
#5408 = DIRECTION ( 'NONE',  ( 3.336086342942520728E-17, -1.000000000000000000, 0.000000000000000000 ) ) ;
#5409 = EDGE_LOOP ( 'NONE', ( #5075, #2307, #3248, #2069 ) ) ;
#5410 = ORIENTED_EDGE ( 'NONE', *, *, #4977, .T. ) ;
#5411 = LINE ( 'NONE', #4484, #666 ) ;
#5412 = CARTESIAN_POINT ( 'NONE',  ( -10.50000000000000000, 16.99999999999999645, 9.000000000000000000 ) ) ;
#5413 = EDGE_CURVE ( 'NONE', #3773, #700, #5148, .T. ) ;
#5414 = ORIENTED_EDGE ( 'NONE', *, *, #748, .T. ) ;
#5415 = ORIENTED_EDGE ( 'NONE', *, *, #1378, .F. ) ;
#5416 = DIRECTION ( 'NONE',  ( 1.334402673828311860E-16, 1.000000000000000000, 0.000000000000000000 ) ) ;
#5417 = DIRECTION ( 'NONE',  ( 0.000000000000000000, 1.000000000000000000, -0.000000000000000000 ) ) ;
#5418 = EDGE_CURVE ( 'NONE', #3884, #2137, #3345, .T. ) ;
#5419 = VERTEX_POINT ( 'NONE', #1274 ) ;
#5420 = CARTESIAN_POINT ( 'NONE',  ( -14.75000000000000000, 12.75000000000000000, 5.000000000000000000 ) ) ;
#5421 = EDGE_CURVE ( 'NONE', #4252, #4481, #3299, .T. ) ;
#5422 = DIRECTION ( 'NONE',  ( 0.000000000000000000, 0.000000000000000000, -1.000000000000000000 ) ) ;
#5423 = FACE_OUTER_BOUND ( 'NONE', #5028, .T. ) ;
#5424 = DIRECTION ( 'NONE',  ( -0.000000000000000000, -0.000000000000000000, 1.000000000000000000 ) ) ;
#5425 = EDGE_CURVE ( 'NONE', #298, #5435, #3372, .T. ) ;
#5426 = LINE ( 'NONE', #162, #5309 ) ;
#5427 = DIRECTION ( 'NONE',  ( 0.000000000000000000, 0.000000000000000000, 1.000000000000000000 ) ) ;
#5428 = ORIENTED_EDGE ( 'NONE', *, *, #2618, .T. ) ;
#5429 = ORIENTED_EDGE ( 'NONE', *, *, #2900, .T. ) ;
#5430 = VERTEX_POINT ( 'NONE', #4193 ) ;
#5431 = DIRECTION ( 'NONE',  ( 1.000000000000000000, 0.000000000000000000, 0.000000000000000000 ) ) ;
#5432 = DIRECTION ( 'NONE',  ( -1.000000000000000000, 0.000000000000000000, 0.000000000000000000 ) ) ;
#5433 = CARTESIAN_POINT ( 'NONE',  ( 12.00000000000000000, 17.00000000000000000, 0.3961689313160968728 ) ) ;
#5434 = AXIS2_PLACEMENT_3D ( 'NONE', #5401, #1979, #675 ) ;
#5435 = VERTEX_POINT ( 'NONE', #2091 ) ;
#5436 = EDGE_LOOP ( 'NONE', ( #4679, #107, #634, #835, #4316, #2039 ) ) ;
#5437 = DIRECTION ( 'NONE',  ( -0.000000000000000000, -0.000000000000000000, 1.000000000000000000 ) ) ;
#5438 = DIRECTION ( 'NONE',  ( -1.156482317317871331E-15, 0.000000000000000000, -1.000000000000000000 ) ) ;
#5439 = ORIENTED_EDGE ( 'NONE', *, *, #5492, .T. ) ;
#5440 = ORIENTED_EDGE ( 'NONE', *, *, #3074, .F. ) ;
#5441 = ORIENTED_EDGE ( 'NONE', *, *, #3225, .T. ) ;
#5442 = CARTESIAN_POINT ( 'NONE',  ( -9.799999999999998934, 4.250000000000000000, 33.00000000000000000 ) ) ;
#5443 = DIRECTION ( 'NONE',  ( -1.000000000000000000, 0.000000000000000000, 0.000000000000000000 ) ) ;
#5444 = CARTESIAN_POINT ( 'NONE',  ( 6.478435652084950647, 4.250000000000000000, 30.00000000000000000 ) ) ;
#5445 = ADVANCED_FACE ( 'NONE', ( #3883 ), #2543, .T. ) ;
#5446 = DIRECTION ( 'NONE',  ( 0.000000000000000000, -1.000000000000000000, 0.000000000000000000 ) ) ;
#5447 = AXIS2_PLACEMENT_3D ( 'NONE', #3789, #2852, #2455 ) ;
#5448 = EDGE_CURVE ( 'NONE', #4471, #4286, #2930, .T. ) ;
#5449 = FILL_AREA_STYLE_COLOUR ( '', #4739 ) ;
#5450 = ADVANCED_FACE ( 'NONE', ( #5604 ), #335, .F. ) ;
#5451 = CARTESIAN_POINT ( 'NONE',  ( 0.000000000000000000, -18.50000000000000000, 0.000000000000000000 ) ) ;
#5452 =( LENGTH_UNIT ( ) NAMED_UNIT ( * ) SI_UNIT ( .MILLI., .METRE. ) );
#5453 = VECTOR ( 'NONE', #88, 1000.000000000000000 ) ;
#5454 = CIRCLE ( 'NONE', #667, 1.749999999999999778 ) ;
#5455 = CIRCLE ( 'NONE', #5186, 1.750000000000001554 ) ;
#5456 = EDGE_CURVE ( 'NONE', #280, #1957, #3021, .T. ) ;
#5457 = ORIENTED_EDGE ( 'NONE', *, *, #258, .F. ) ;
#5458 = VERTEX_POINT ( 'NONE', #1303 ) ;
#5459 = EDGE_CURVE ( 'NONE', #1116, #1648, #773, .T. ) ;
#5460 = AXIS2_PLACEMENT_3D ( 'NONE', #4901, #1531, #1058 ) ;
#5461 = AXIS2_PLACEMENT_3D ( 'NONE', #5211, #4813, #4760 ) ;
#5462 = VECTOR ( 'NONE', #57, 1000.000000000000000 ) ;
#5463 = DIRECTION ( 'NONE',  ( 0.000000000000000000, 0.000000000000000000, -1.000000000000000000 ) ) ;
#5464 = FACE_OUTER_BOUND ( 'NONE', #1020, .T. ) ;
#5465 = CARTESIAN_POINT ( 'NONE',  ( -11.70000000000000107, -18.50000000000000000, 0.000000000000000000 ) ) ;
#5466 = VERTEX_POINT ( 'NONE', #5550 ) ;
#5467 = VECTOR ( 'NONE', #2286, 1000.000000000000000 ) ;
#5468 = VECTOR ( 'NONE', #3143, 1000.000000000000000 ) ;
#5469 = ORIENTED_EDGE ( 'NONE', *, *, #4456, .F. ) ;
#5470 = VERTEX_POINT ( 'NONE', #1672 ) ;
#5471 = AXIS2_PLACEMENT_3D ( 'NONE', #3511, #2141, #4747 ) ;
#5472 = DIRECTION ( 'NONE',  ( 1.000000000000000000, -7.885106708985490266E-17, 0.000000000000000000 ) ) ;
#5473 = VECTOR ( 'NONE', #173, 1000.000000000000114 ) ;
#5474 = CARTESIAN_POINT ( 'NONE',  ( 14.99999999999999645, 23.43538973435889616, -39.06504476178464813 ) ) ;
#5475 = CIRCLE ( 'NONE', #3037, 0.2999999999999999334 ) ;
#5476 = VERTEX_POINT ( 'NONE', #3409 ) ;
#5477 = VECTOR ( 'NONE', #5500, 1000.000000000000000 ) ;
#5478 = EDGE_LOOP ( 'NONE', ( #3794, #3978, #5131, #5575, #1349, #4607 ) ) ;
#5479 = DIRECTION ( 'NONE',  ( 0.000000000000000000, -1.000000000000000000, 0.000000000000000000 ) ) ;
#5480 = LINE ( 'NONE', #2184, #1042 ) ;
#5481 = CARTESIAN_POINT ( 'NONE',  ( 7.852348993288590151, 5.500000000000000000, 5.496644295302020033 ) ) ;
#5482 = ORIENTED_EDGE ( 'NONE', *, *, #1799, .T. ) ;
#5483 = FACE_OUTER_BOUND ( 'NONE', #655, .T. ) ;
#5484 = FACE_OUTER_BOUND ( 'NONE', #2667, .T. ) ;
#5485 = CARTESIAN_POINT ( 'NONE',  ( -6.478435652084960417, 4.250000000000000000, 30.00000000000000000 ) ) ;
#5486 = FACE_OUTER_BOUND ( 'NONE', #1087, .T. ) ;
#5487 = ADVANCED_FACE ( 'NONE', ( #5125 ), #1126, .T. ) ;
#5488 = ADVANCED_FACE ( 'NONE', ( #5261 ), #4787, .T. ) ;
#5489 = ORIENTED_EDGE ( 'NONE', *, *, #1517, .T. ) ;
#5490 = ORIENTED_EDGE ( 'NONE', *, *, #2098, .T. ) ;
#5491 = DIRECTION ( 'NONE',  ( -1.000000000000000000, 0.000000000000000000, -2.135044278125301343E-15 ) ) ;
#5492 = EDGE_CURVE ( 'NONE', #3044, #1150, #2689, .T. ) ;
#5493 = DIRECTION ( 'NONE',  ( 8.673617379884039170E-17, 1.000000000000000000, 7.448677074518000365E-34 ) ) ;
#5494 = CARTESIAN_POINT ( 'NONE',  ( -7.055028863459309463, 17.30000000000000071, 0.5168231408637690150 ) ) ;
#5495 = DIRECTION ( 'NONE',  ( 1.000000000000000000, 0.000000000000000000, 0.000000000000000000 ) ) ;
#5496 = EDGE_CURVE ( 'NONE', #1140, #1982, #5295, .T. ) ;
#5497 = ORIENTED_EDGE ( 'NONE', *, *, #5560, .T. ) ;
#5498 = ORIENTED_EDGE ( 'NONE', *, *, #5418, .F. ) ;
#5499 = CARTESIAN_POINT ( 'NONE',  ( 4.999999999999996447, 23.45501736395210557, 19.50000000000000000 ) ) ;
#5500 = DIRECTION ( 'NONE',  ( -1.265177859526988718E-16, 1.000000000000000000, -0.000000000000000000 ) ) ;
#5501 = ORIENTED_EDGE ( 'NONE', *, *, #572, .T. ) ;
#5502 = ORIENTED_EDGE ( 'NONE', *, *, #4693, .F. ) ;
#5503 = ORIENTED_EDGE ( 'NONE', *, *, #4669, .F. ) ;
#5504 = DIRECTION ( 'NONE',  ( -0.5773502691896303940, -0.5773502691896303940, 0.5773502691896164052 ) ) ;
#5505 = CARTESIAN_POINT ( 'NONE',  ( 11.49999999999999645, -16.99999999999999645, 10.00000000000000000 ) ) ;
#5506 = LINE ( 'NONE', #4891, #5374 ) ;
#5507 = ORIENTED_EDGE ( 'NONE', *, *, #363, .F. ) ;
#5508 = LINE ( 'NONE', #1180, #1584 ) ;
#5509 = CARTESIAN_POINT ( 'NONE',  ( 13.49999999999999645, 16.73320053068151125, 21.00000000000000000 ) ) ;
#5510 = CARTESIAN_POINT ( 'NONE',  ( 11.50000000000000000, -4.250000000000000000, 5.000000000000000000 ) ) ;
#5511 = SPHERICAL_SURFACE ( 'NONE', #3815, 1.500000000000000000 ) ;
#5512 = CARTESIAN_POINT ( 'NONE',  ( 0.000000000000000000, 0.000000000000000000, 0.000000000000000000 ) ) ;
#5513 = ORIENTED_EDGE ( 'NONE', *, *, #1449, .F. ) ;
#5514 = CARTESIAN_POINT ( 'NONE',  ( -13.50000000000000000, 5.500000000000000000, 0.000000000000000000 ) ) ;
#5515 = ORIENTED_EDGE ( 'NONE', *, *, #3531, .F. ) ;
#5516 = FACE_OUTER_BOUND ( 'NONE', #3505, .T. ) ;
#5517 = EDGE_CURVE ( 'NONE', #2160, #2473, #3059, .T. ) ;
#5518 = FACE_OUTER_BOUND ( 'NONE', #4944, .T. ) ;
#5519 = CYLINDRICAL_SURFACE ( 'NONE', #875, 1.499999999999999556 ) ;
#5520 = CARTESIAN_POINT ( 'NONE',  ( 11.50000000000000000, -7.750000000000000000, 26.25000000000000000 ) ) ;
#5521 = EDGE_CURVE ( 'NONE', #5554, #1734, #910, .T. ) ;
#5522 = ORIENTED_EDGE ( 'NONE', *, *, #4770, .F. ) ;
#5523 = EDGE_LOOP ( 'NONE', ( #396, #5439, #1970, #5021, #1459, #1940, #2606, #5036, #2243, #3159, #4720, #1989, #3692, #4398, #690, #370, #2877 ) ) ;
#5524 = EDGE_CURVE ( 'NONE', #1871, #742, #1755, .T. ) ;
#5525 = CARTESIAN_POINT ( 'NONE',  ( 11.50000000000000000, -2.250000000000000000, 28.00000000000000000 ) ) ;
#5526 = EDGE_CURVE ( 'NONE', #1294, #1116, #856, .T. ) ;
#5527 = DIRECTION ( 'NONE',  ( -1.307961444974836761E-16, 0.7071067811865475727, 0.7071067811865475727 ) ) ;
#5528 = AXIS2_PLACEMENT_3D ( 'NONE', #935, #3492, #2178 ) ;
#5529 = ORIENTED_EDGE ( 'NONE', *, *, #4046, .F. ) ;
#5530 = VERTEX_POINT ( 'NONE', #2266 ) ;
#5531 = CARTESIAN_POINT ( 'NONE',  ( -10.44943371368185758, 3.192782326564433060, 24.83149238651494528 ) ) ;
#5532 = ADVANCED_FACE ( 'NONE', ( #1442 ), #2180, .T. ) ;
#5533 = PLANE ( 'NONE',  #221 ) ;
#5534 = ORIENTED_EDGE ( 'NONE', *, *, #1409, .T. ) ;
#5535 = CARTESIAN_POINT ( 'NONE',  ( -0.6300000000000073319, -18.63000000000000611, 6.000000000000000000 ) ) ;
#5536 = CARTESIAN_POINT ( 'NONE',  ( 13.49999999999999645, -16.73320053068151125, 25.00000000000000000 ) ) ;
#5537 = CARTESIAN_POINT ( 'NONE',  ( 0.000000000000000000, 0.000000000000000000, 30.00000000000000000 ) ) ;
#5538 = PLANE ( 'NONE',  #4715 ) ;
#5539 = SHAPE_DEFINITION_REPRESENTATION ( #1289, #2555 ) ;
#5540 = VECTOR ( 'NONE', #1914, 1000.000000000000000 ) ;
#5541 = AXIS2_PLACEMENT_3D ( 'NONE', #1049, #4497, #3598 ) ;
#5542 = ORIENTED_EDGE ( 'NONE', *, *, #4356, .T. ) ;
#5543 = DIRECTION ( 'NONE',  ( -1.000000000000000000, 0.000000000000000000, 0.000000000000000000 ) ) ;
#5544 = CARTESIAN_POINT ( 'NONE',  ( 5.049377410288889756, -22.43889912296592826, 19.89440010342307019 ) ) ;
#5545 = B_SPLINE_CURVE_WITH_KNOTS ( 'NONE', 3,
 ( #5589, #5192, #2530, #4745 ),
 .UNSPECIFIED., .F., .F.,
 ( 4, 4 ),
 ( 0.000000000000000000, 0.0007130620058688286276 ),
 .UNSPECIFIED. ) ;
#5546 = VECTOR ( 'NONE', #5076, 1000.000000000000000 ) ;
#5547 = CARTESIAN_POINT ( 'NONE',  ( -14.50000000000001066, 0.000000000000000000, 17.00000000000000000 ) ) ;
#5548 = CIRCLE ( 'NONE', #296, 0.2999999999999999334 ) ;
#5549 = CARTESIAN_POINT ( 'NONE',  ( 0.000000000000000000, 0.000000000000000000, 15.50000000000001243 ) ) ;
#5550 = CARTESIAN_POINT ( 'NONE',  ( -3.499999999999999112, -20.20000000000000284, 24.00000000000000711 ) ) ;
#5551 = ORIENTED_EDGE ( 'NONE', *, *, #5421, .F. ) ;
#5552 = AXIS2_PLACEMENT_3D ( 'NONE', #3092, #24, #4337 ) ;
#5553 = VECTOR ( 'NONE', #3273, 1000.000000000000000 ) ;
#5554 = VERTEX_POINT ( 'NONE', #3087 ) ;
#5555 = LINE ( 'NONE', #4706, #4110 ) ;
#5556 = CARTESIAN_POINT ( 'NONE',  ( -11.50000000000000000, -2.250000000000000000, 26.25000000000000000 ) ) ;
#5557 = ORIENTED_EDGE ( 'NONE', *, *, #1098, .F. ) ;
#5558 = VECTOR ( 'NONE', #417, 1000.000000000000000 ) ;
#5559 = AXIS2_PLACEMENT_3D ( 'NONE', #2776, #4504, #626 ) ;
#5560 = EDGE_CURVE ( 'NONE', #4039, #2160, #4437, .T. ) ;
#5561 = VERTEX_POINT ( 'NONE', #101 ) ;
#5562 = AXIS2_PLACEMENT_3D ( 'NONE', #1913, #4518, #2323 ) ;
#5563 = VERTEX_POINT ( 'NONE', #937 ) ;
#5564 = AXIS2_PLACEMENT_3D ( 'NONE', #2615, #3918, #785 ) ;
#5565 = LINE ( 'NONE', #4678, #5185 ) ;
#5566 = CARTESIAN_POINT ( 'NONE',  ( -12.00000000000000000, -18.50000000000000000, 0.3961689313160864367 ) ) ;
#5567 = CARTESIAN_POINT ( 'NONE',  ( 7.321564347915040294, 1.449999999999999956, 0.000000000000000000 ) ) ;
#5568 = AXIS2_PLACEMENT_3D ( 'NONE', #5433, #3743, #4593 ) ;
#5569 = CIRCLE ( 'NONE', #961, 19.10000000000000142 ) ;
#5570 = EDGE_CURVE ( 'NONE', #422, #1007, #993, .T. ) ;
#5571 = ORIENTED_EDGE ( 'NONE', *, *, #4427, .F. ) ;
#5572 = VECTOR ( 'NONE', #4646, 1000.000000000000000 ) ;
#5573 = CARTESIAN_POINT ( 'NONE',  ( -7.400000000000000355, -13.89999999999999858, -0.2000000000000025091 ) ) ;
#5574 = DIRECTION ( 'NONE',  ( 0.000000000000000000, 0.000000000000000000, -1.000000000000000000 ) ) ;
#5575 = ORIENTED_EDGE ( 'NONE', *, *, #4943, .F. ) ;
#5576 = CARTESIAN_POINT ( 'NONE',  ( 10.50000000000000000, 16.99999999999999645, 8.142135623730929694 ) ) ;
#5577 = DIRECTION ( 'NONE',  ( 1.000000000000000000, 8.881784197001252323E-16, 0.000000000000000000 ) ) ;
#5578 = CARTESIAN_POINT ( 'NONE',  ( 9.000000000000001776, 16.99999999999999645, 8.142135623730929694 ) ) ;
#5579 = LINE ( 'NONE', #3882, #2950 ) ;
#5580 = FACE_OUTER_BOUND ( 'NONE', #4230, .T. ) ;
#5581 = ORIENTED_EDGE ( 'NONE', *, *, #4869, .F. ) ;
#5582 = VERTEX_POINT ( 'NONE', #3575 ) ;
#5583 = DIRECTION ( 'NONE',  ( 0.000000000000000000, 0.000000000000000000, 1.000000000000000000 ) ) ;
#5584 = CARTESIAN_POINT ( 'NONE',  ( 5.762034203973094293, 18.21109764229820271, 20.81994682455574264 ) ) ;
#5585 = ORIENTED_EDGE ( 'NONE', *, *, #4519, .T. ) ;
#5586 = EDGE_LOOP ( 'NONE', ( #3671, #4749 ) ) ;
#5587 = ORIENTED_EDGE ( 'NONE', *, *, #1543, .T. ) ;
#5588 = DIRECTION ( 'NONE',  ( 0.000000000000000000, -1.000000000000000000, 0.000000000000000000 ) ) ;
#5589 = CARTESIAN_POINT ( 'NONE',  ( -3.499999999999999112, -18.77658115845374454, 24.49999999999998579 ) ) ;
#5590 = EDGE_CURVE ( 'NONE', #4022, #1600, #471, .T. ) ;
#5591 = PLANE ( 'NONE',  #3031 ) ;
#5592 = VERTEX_POINT ( 'NONE', #2213 ) ;
#5593 = EDGE_CURVE ( 'NONE', #1848, #1056, #4868, .T. ) ;
#5594 = DIRECTION ( 'NONE',  ( -0.000000000000000000, 1.000000000000000000, 0.000000000000000000 ) ) ;
#5595 = EDGE_CURVE ( 'NONE', #3072, #4175, #135, .T. ) ;
#5596 = DIRECTION ( 'NONE',  ( 0.000000000000000000, 1.000000000000000000, 0.000000000000000000 ) ) ;
#5597 = DIRECTION ( 'NONE',  ( 0.9010831828104847174, 0.000000000000000000, 0.4336462817275463788 ) ) ;
#5598 = ORIENTED_EDGE ( 'NONE', *, *, #3663, .F. ) ;
#5599 = DIRECTION ( 'NONE',  ( -4.081702296416015011E-16, 1.000000000000000000, 0.000000000000000000 ) ) ;
#5600 = DIRECTION ( 'NONE',  ( 0.000000000000000000, 1.000000000000000000, 0.000000000000000000 ) ) ;
#5601 = EDGE_CURVE ( 'NONE', #4360, #2362, #3017, .T. ) ;
#5602 = DIRECTION ( 'NONE',  ( -1.000000000000000000, 0.000000000000000000, 0.000000000000000000 ) ) ;
#5603 = FACE_OUTER_BOUND ( 'NONE', #2986, .T. ) ;
#5604 = FACE_OUTER_BOUND ( 'NONE', #3507, .T. ) ;
#5605 = ORIENTED_EDGE ( 'NONE', *, *, #3807, .T. ) ;
#5606 = ORIENTED_EDGE ( 'NONE', *, *, #5517, .T. ) ;
#5607 = LINE ( 'NONE', #2957, #5477 ) ;
#5608 = NEXT_ASSEMBLY_USAGE_OCCURRENCE ( 'NAUO1', ' ', ' ', #4242, #565, $ ) ;
#5609 = NEXT_ASSEMBLY_USAGE_OCCURRENCE ( 'NAUO2', ' ', ' ', #4242, #2416, $ ) ;
ENDSEC;
END-ISO-10303-21;
