ISO-10303-21;
HEADER;
FILE_DESCRIPTION (( 'STEP AP214' ),
    '1' );
FILE_NAME ('Wuji-glove-attachment.STEP',
    '2026-06-30T03:57:56',
    ( '' ),
    ( '' ),
    'SwSTEP 2.0',
    'SolidWorks 2024',
    '' );
FILE_SCHEMA (( 'AUTOMOTIVE_DESIGN' ));
ENDSEC;

DATA;
#1 = AXIS2_PLACEMENT_3D ( 'NONE', #3117, #467, #1737 ) ;
#2 = DIRECTION ( 'NONE',  ( -1.000000000000000000, 0.000000000000000000, 0.000000000000000000 ) ) ;
#3 = ADVANCED_FACE ( 'NONE', ( #427 ), #1140, .T. ) ;
#4 = VECTOR ( 'NONE', #1208, 1000.000000000000000 ) ;
#5 = CARTESIAN_POINT ( 'NONE',  ( -5.859999999999999432, -13.39999999999999858, 3.000000000000000000 ) ) ;
#6 = CARTESIAN_POINT ( 'NONE',  ( -6.604487272054069713, -13.89999999999999858, -0.2000000000000025091 ) ) ;
#7 = PLANE ( 'NONE',  #956 ) ;
#8 = ORIENTED_EDGE ( 'NONE', *, *, #756, .F. ) ;
#9 = AXIS2_PLACEMENT_3D ( 'NONE', #1870, #2861, #3208 ) ;
#10 = ORIENTED_EDGE ( 'NONE', *, *, #3040, .T. ) ;
#11 = ADVANCED_FACE ( 'NONE', ( #3379 ), #2062, .F. ) ;
#12 = CARTESIAN_POINT ( 'NONE',  ( -7.500000000000000000, -25.50000000000000000, 6.000000000000000000 ) ) ;
#13 = CARTESIAN_POINT ( 'NONE',  ( -9.599999999999999645, 4.250000000000000000, 50.00000000000000711 ) ) ;
#14 = ORIENTED_EDGE ( 'NONE', *, *, #1618, .T. ) ;
#15 = CARTESIAN_POINT ( 'NONE',  ( 0.000000000000000000, -5.500000000000000000, 0.000000000000000000 ) ) ;
#16 = EDGE_LOOP ( 'NONE', ( #3715, #1404, #935, #1362 ) ) ;
#17 = LINE ( 'NONE', #3000, #2162 ) ;
#18 = CARTESIAN_POINT ( 'NONE',  ( 6.709141301279927028, -5.255663143450703068, 1.235550542794964013 ) ) ;
#19 = APPLICATION_PROTOCOL_DEFINITION ( 'draft international standard', 'automotive_design', 1998, #428 ) ;
#20 = CARTESIAN_POINT ( 'NONE',  ( 7.021564347915039583, 1.149999999999999911, 0.000000000000000000 ) ) ;
#21 = CARTESIAN_POINT ( 'NONE',  ( 11.95000000000000107, 0.7500000000000000000, 0.000000000000000000 ) ) ;
#22 = EDGE_CURVE ( 'NONE', #2723, #2018, #2696, .T. ) ;
#23 = CARTESIAN_POINT ( 'NONE',  ( 6.789840477879304004, -5.621554838222913020, -0.1645541614967192812 ) ) ;
#24 = CARTESIAN_POINT ( 'NONE',  ( 13.50000000000000000, 5.500000000000000000, 0.000000000000000000 ) ) ;
#25 = DIRECTION ( 'NONE',  ( -0.7071067811865510144, 0.000000000000000000, -0.7071067811865441310 ) ) ;
#26 = EDGE_CURVE ( 'NONE', #1921, #1637, #2104, .T. ) ;
#27 = CARTESIAN_POINT ( 'NONE',  ( -7.021564347915049353, 1.449999999999999956, 30.00000000000000000 ) ) ;
#28 = VERTEX_POINT ( 'NONE', #2079 ) ;
#29 = VERTEX_POINT ( 'NONE', #2042 ) ;
#30 = CARTESIAN_POINT ( 'NONE',  ( -7.104487272054069713, 4.666504109204420381, 0.2999999999999999889 ) ) ;
#31 = ADVANCED_FACE ( 'NONE', ( #3485 ), #534, .T. ) ;
#32 = DIRECTION ( 'NONE',  ( 0.7071067811865510144, 0.000000000000000000, 0.7071067811865441310 ) ) ;
#33 = VERTEX_POINT ( 'NONE', #837 ) ;
#34 = CYLINDRICAL_SURFACE ( 'NONE', #1716, 3.249999999999999556 ) ;
#35 = ORIENTED_EDGE ( 'NONE', *, *, #624, .F. ) ;
#36 = TOROIDAL_SURFACE ( 'NONE', #1200, 9.000000000000000000, 0.5000000000000000000 ) ;
#37 = LINE ( 'NONE', #3968, #3398 ) ;
#38 = DIRECTION ( 'NONE',  ( -1.000000000000000000, 0.000000000000000000, 0.000000000000000000 ) ) ;
#39 = AXIS2_PLACEMENT_3D ( 'NONE', #484, #1470, #3455 ) ;
#40 = ORIENTED_EDGE ( 'NONE', *, *, #2638, .F. ) ;
#41 = AXIS2_PLACEMENT_3D ( 'NONE', #3497, #2506, #270 ) ;
#42 = PLANE ( 'NONE',  #852 ) ;
#43 = CARTESIAN_POINT ( 'NONE',  ( -5.549210443633690587E-17, -13.89999999999999858, 0.3000000000000062617 ) ) ;
#44 = DIRECTION ( 'NONE',  ( 0.9010831828104847174, 0.000000000000000000, 0.4336462817275463788 ) ) ;
#45 = VECTOR ( 'NONE', #1099, 999.9999999999998863 ) ;
#46 = CARTESIAN_POINT ( 'NONE',  ( -13.50000000000000000, 5.500000000000000000, 0.9999999999999701350 ) ) ;
#47 = AXIS2_PLACEMENT_3D ( 'NONE', #2463, #146, #123 ) ;
#48 = DIRECTION ( 'NONE',  ( -1.000000000000000000, 0.000000000000000000, 0.000000000000000000 ) ) ;
#49 = DIRECTION ( 'NONE',  ( 0.000000000000000000, -1.000000000000000000, 0.000000000000000000 ) ) ;
#50 = ORIENTED_EDGE ( 'NONE', *, *, #3068, .T. ) ;
#51 = ORIENTED_EDGE ( 'NONE', *, *, #635, .T. ) ;
#52 = AXIS2_PLACEMENT_3D ( 'NONE', #1216, #265, #910 ) ;
#53 = EDGE_CURVE ( 'NONE', #1511, #2931, #1147, .T. ) ;
#54 = CARTESIAN_POINT ( 'NONE',  ( -6.789840477874954594, 5.621554838239412710, -0.1645541614995638391 ) ) ;
#55 = DIRECTION ( 'NONE',  ( 0.5574341878840192166, 0.8302211308910921739, 0.000000000000000000 ) ) ;
#56 = VERTEX_POINT ( 'NONE', #2142 ) ;
#57 = DIRECTION ( 'NONE',  ( -1.000000000000000000, 0.000000000000000000, 0.000000000000000000 ) ) ;
#58 = ORIENTED_EDGE ( 'NONE', *, *, #924, .F. ) ;
#59 = EDGE_CURVE ( 'NONE', #1867, #3323, #2834, .T. ) ;
#60 = CARTESIAN_POINT ( 'NONE',  ( -7.400000000000000355, -13.89999999999999858, -0.2000000000000025091 ) ) ;
#61 = LINE ( 'NONE', #2978, #4031 ) ;
#62 = VERTEX_POINT ( 'NONE', #1844 ) ;
#63 = EDGE_CURVE ( 'NONE', #1991, #28, #991, .T. ) ;
#64 = DIRECTION ( 'NONE',  ( 0.4336462817275460457, 0.000000000000000000, 0.9010831828104849395 ) ) ;
#65 = CARTESIAN_POINT ( 'NONE',  ( 6.528035413153449262, 3.158726812816184726, 30.00000000000000000 ) ) ;
#66 = CARTESIAN_POINT ( 'NONE',  ( 7.500000000000000000, -18.50000000000000000, 6.000000000000000000 ) ) ;
#67 = DIRECTION ( 'NONE',  ( 0.000000000000000000, 0.000000000000000000, -1.000000000000000000 ) ) ;
#68 = CIRCLE ( 'NONE', #817, 3.249999999999999556 ) ;
#69 = CARTESIAN_POINT ( 'NONE',  ( -10.50000000000000000, 4.330127018922190985, 8.142135623730919036 ) ) ;
#70 = ORIENTED_EDGE ( 'NONE', *, *, #1699, .F. ) ;
#71 = CARTESIAN_POINT ( 'NONE',  ( 13.00000000000000000, 0.000000000000000000, 10.00000000000000000 ) ) ;
#72 = VECTOR ( 'NONE', #525, 1000.000000000000000 ) ;
#73 = CARTESIAN_POINT ( 'NONE',  ( -6.985536781901733328, 5.048767797929483159, -0.02495050256742722267 ) ) ;
#74 = DIRECTION ( 'NONE',  ( 4.081702296416015011E-16, -1.000000000000000000, 0.000000000000000000 ) ) ;
#75 = ORIENTED_EDGE ( 'NONE', *, *, #1864, .T. ) ;
#76 = EDGE_LOOP ( 'NONE', ( #1076, #2220 ) ) ;
#77 = AXIS2_PLACEMENT_3D ( 'NONE', #3550, #3593, #2901 ) ;
#78 = FACE_OUTER_BOUND ( 'NONE', #4220, .T. ) ;
#79 = DIRECTION ( 'NONE',  ( 0.000000000000000000, 1.000000000000000000, 0.000000000000000000 ) ) ;
#80 = EDGE_CURVE ( 'NONE', #3505, #733, #857, .T. ) ;
#81 = ORIENTED_EDGE ( 'NONE', *, *, #2714, .T. ) ;
#82 = DIRECTION ( 'NONE',  ( -1.000000000000000000, 0.000000000000000000, -1.849736814544524620E-16 ) ) ;
#83 = FACE_OUTER_BOUND ( 'NONE', #2153, .T. ) ;
#84 = ADVANCED_FACE ( 'NONE', ( #4150 ), #1225, .F. ) ;
#85 = CARTESIAN_POINT ( 'NONE',  ( -7.055028863459309463, 4.740945869313000216, 0.5168231408637660174 ) ) ;
#86 = CARTESIAN_POINT ( 'NONE',  ( 9.926310430526139793E-17, 0.000000000000000000, 0.2999999999999999889 ) ) ;
#87 = CARTESIAN_POINT ( 'NONE',  ( 7.055028863459310351, -13.39999999999999147, 0.5168231408637733448 ) ) ;
#88 = ORIENTED_EDGE ( 'NONE', *, *, #1388, .T. ) ;
#89 = ORIENTED_EDGE ( 'NONE', *, *, #3128, .F. ) ;
#90 = DIRECTION ( 'NONE',  ( 0.000000000000000000, 1.000000000000000000, 0.000000000000000000 ) ) ;
#91 = LINE ( 'NONE', #3747, #3086 ) ;
#92 = ORIENTED_EDGE ( 'NONE', *, *, #4026, .T. ) ;
#93 = VERTEX_POINT ( 'NONE', #3849 ) ;
#94 = LINE ( 'NONE', #804, #3476 ) ;
#95 = CARTESIAN_POINT ( 'NONE',  ( -5.859999999999999432, -6.157142194232649857, 3.000000000000000000 ) ) ;
#96 = ORIENTED_EDGE ( 'NONE', *, *, #2207, .F. ) ;
#97 = ORIENTED_EDGE ( 'NONE', *, *, #1051, .T. ) ;
#98 = CIRCLE ( 'NONE', #2500, 4.999999999999999112 ) ;
#99 = ADVANCED_FACE ( 'NONE', ( #3119 ), #1824, .T. ) ;
#100 = DIRECTION ( 'NONE',  ( -1.000000000000000000, 0.000000000000000000, 0.000000000000000000 ) ) ;
#101 = AXIS2_PLACEMENT_3D ( 'NONE', #761, #2941, #3885 ) ;
#102 = LINE ( 'NONE', #43, #1480 ) ;
#103 = CIRCLE ( 'NONE', #2507, 0.2999999999999999334 ) ;
#104 = EDGE_CURVE ( 'NONE', #4004, #995, #2573, .T. ) ;
#105 = FACE_OUTER_BOUND ( 'NONE', #1872, .T. ) ;
#106 = AXIS2_PLACEMENT_3D ( 'NONE', #1172, #2132, #3713 ) ;
#107 = PLANE ( 'NONE',  #3644 ) ;
#108 = EDGE_LOOP ( 'NONE', ( #1357, #2166, #692, #3300, #3749, #2348 ) ) ;
#109 = ORIENTED_EDGE ( 'NONE', *, *, #423, .F. ) ;
#110 = VECTOR ( 'NONE', #3001, 1000.000000000000000 ) ;
#111 = LINE ( 'NONE', #410, #1347 ) ;
#112 = FACE_OUTER_BOUND ( 'NONE', #364, .T. ) ;
#113 = ORIENTED_EDGE ( 'NONE', *, *, #4020, .T. ) ;
#114 = AXIS2_PLACEMENT_3D ( 'NONE', #1028, #3047, #422 ) ;
#115 = ORIENTED_EDGE ( 'NONE', *, *, #3312, .T. ) ;
#116 = PRODUCT ( 'wuji glove\X2\63d295004ef6\X0\-v2', 'wuji glove\X2\63d295004ef6\X0\-v2', '', ( #2641 ) ) ;
#117 = VECTOR ( 'NONE', #3647, 1000.000000000000000 ) ;
#118 = LINE ( 'NONE', #1085, #789 ) ;
#119 = CARTESIAN_POINT ( 'NONE',  ( -6.528035413153459920, 3.158726812816190055, 0.000000000000000000 ) ) ;
#120 = ORIENTED_EDGE ( 'NONE', *, *, #1209, .T. ) ;
#121 = ORIENTED_EDGE ( 'NONE', *, *, #4077, .F. ) ;
#122 = DIRECTION ( 'NONE',  ( 0.000000000000000000, 0.000000000000000000, 1.000000000000000000 ) ) ;
#123 = DIRECTION ( 'NONE',  ( 0.000000000000000000, -1.000000000000000000, 0.000000000000000000 ) ) ;
#124 = DIRECTION ( 'NONE',  ( 0.4336462817275464343, 0.000000000000000000, -0.9010831828104848285 ) ) ;
#125 = EDGE_CURVE ( 'NONE', #4003, #1795, #1881, .T. ) ;
#126 = CARTESIAN_POINT ( 'NONE',  ( 9.599999999999999645, 4.250000000000000000, 50.00000000000000711 ) ) ;
#127 = CARTESIAN_POINT ( 'NONE',  ( 10.73213150326320076, -5.500000000000000000, 6.000000000000000000 ) ) ;
#128 = ORIENTED_EDGE ( 'NONE', *, *, #2412, .T. ) ;
#129 = EDGE_CURVE ( 'NONE', #2201, #2640, #2190, .T. ) ;
#130 = ORIENTED_EDGE ( 'NONE', *, *, #1912, .F. ) ;
#131 = VECTOR ( 'NONE', #2082, 1000.000000000000000 ) ;
#132 = CARTESIAN_POINT ( 'NONE',  ( 5.359999999999999432, -13.89999999999999858, 6.000000000000000000 ) ) ;
#133 = LINE ( 'NONE', #4154, #825 ) ;
#134 = LINE ( 'NONE', #4048, #131 ) ;
#135 = ORIENTED_EDGE ( 'NONE', *, *, #743, .T. ) ;
#136 = VECTOR ( 'NONE', #3141, 1000.000000000000114 ) ;
#137 = EDGE_CURVE ( 'NONE', #1095, #326, #880, .T. ) ;
#138 = ORIENTED_EDGE ( 'NONE', *, *, #3573, .F. ) ;
#139 = CIRCLE ( 'NONE', #4194, 1.749999999999999778 ) ;
#140 = DIRECTION ( 'NONE',  ( 1.000000000000000000, 0.000000000000000000, 0.000000000000000000 ) ) ;
#141 = CARTESIAN_POINT ( 'NONE',  ( 0.000000000000000000, -13.75000000000000000, 15.00000000000000000 ) ) ;
#142 = ORIENTED_EDGE ( 'NONE', *, *, #80, .F. ) ;
#143 = EDGE_LOOP ( 'NONE', ( #518, #355, #1305, #990, #777 ) ) ;
#144 = AXIS2_PLACEMENT_3D ( 'NONE', #1451, #1428, #811 ) ;
#145 = DIRECTION ( 'NONE',  ( 0.000000000000000000, 0.000000000000000000, 1.000000000000000000 ) ) ;
#146 = DIRECTION ( 'NONE',  ( 1.849736814544524620E-16, 0.000000000000000000, -1.000000000000000000 ) ) ;
#147 = CARTESIAN_POINT ( 'NONE',  ( -6.309209706725373401, 5.729611239388632704, 2.066577232778449513 ) ) ;
#148 = DIRECTION ( 'NONE',  ( 0.000000000000000000, 0.000000000000000000, -1.000000000000000000 ) ) ;
#149 = DIRECTION ( 'NONE',  ( -4.081702296416015011E-16, 1.000000000000000000, 0.000000000000000000 ) ) ;
#150 = PRODUCT_DEFINITION_SHAPE ( 'NONE', 'NONE',  #4257 ) ;
#151 = ORIENTED_EDGE ( 'NONE', *, *, #26, .F. ) ;
#152 = ORIENTED_EDGE ( 'NONE', *, *, #812, .F. ) ;
#153 = ADVANCED_FACE ( 'NONE', ( #172 ), #1802, .T. ) ;
#154 = CARTESIAN_POINT ( 'NONE',  ( -10.73213150326322030, 4.456093859144889535, 6.000000000000000000 ) ) ;
#155 = LINE ( 'NONE', #3166, #478 ) ;
#156 = LINE ( 'NONE', #3787, #3639 ) ;
#157 = ORIENTED_EDGE ( 'NONE', *, *, #1775, .F. ) ;
#158 = ORIENTED_EDGE ( 'NONE', *, *, #2528, .T. ) ;
#159 = ADVANCED_FACE ( 'NONE', ( #3443 ), #491, .T. ) ;
#160 = CARTESIAN_POINT ( 'NONE',  ( -7.021564347915049353, 1.449999999999999956, 0.000000000000000000 ) ) ;
#161 = CARTESIAN_POINT ( 'NONE',  ( 11.50000000000000000, 0.7500000000000000000, 28.00000000000000000 ) ) ;
#162 = ORIENTED_EDGE ( 'NONE', *, *, #3496, .F. ) ;
#163 = EDGE_LOOP ( 'NONE', ( #3170, #2925 ) ) ;
#164 = EDGE_CURVE ( 'NONE', #3826, #1662, #3802, .T. ) ;
#165 = DIRECTION ( 'NONE',  ( -0.000000000000000000, 1.000000000000000000, -0.000000000000000000 ) ) ;
#166 = SPHERICAL_SURFACE ( 'NONE', #2511, 1.500000000000000000 ) ;
#167 = DIRECTION ( 'NONE',  ( -1.000000000000000000, 0.000000000000000000, 0.000000000000000000 ) ) ;
#168 = SPHERICAL_SURFACE ( 'NONE', #722, 1.500000000000000000 ) ;
#169 = CARTESIAN_POINT ( 'NONE',  ( 11.50000000000000000, -7.750000000000000000, 6.750000000000000000 ) ) ;
#170 = ORIENTED_EDGE ( 'NONE', *, *, #391, .F. ) ;
#171 = VECTOR ( 'NONE', #1665, 1000.000000000000000 ) ;
#172 = FACE_OUTER_BOUND ( 'NONE', #3595, .T. ) ;
#173 = AXIS2_PLACEMENT_3D ( 'NONE', #3562, #4251, #1346 ) ;
#174 = DIRECTION ( 'NONE',  ( 0.000000000000000000, 1.000000000000000000, 0.000000000000000000 ) ) ;
#175 = DIRECTION ( 'NONE',  ( 0.000000000000000000, -1.000000000000000000, 0.000000000000000000 ) ) ;
#176 = CARTESIAN_POINT ( 'NONE',  ( -13.42893218813449963, -5.500000000000000000, 1.071067811865479946 ) ) ;
#177 = EDGE_LOOP ( 'NONE', ( #2771, #81, #1548, #2091 ) ) ;
#178 = VERTEX_POINT ( 'NONE', #3268 ) ;
#179 = AXIS2_PLACEMENT_3D ( 'NONE', #1853, #4160, #564 ) ;
#180 = EDGE_CURVE ( 'NONE', #3082, #426, #2842, .T. ) ;
#181 = DIRECTION ( 'NONE',  ( 1.000000000000000000, 0.000000000000000000, 0.000000000000000000 ) ) ;
#182 = VECTOR ( 'NONE', #2508, 1000.000000000000000 ) ;
#183 = DIRECTION ( 'NONE',  ( 1.000802005371233895E-16, -1.000000000000000000, 0.000000000000000000 ) ) ;
#184 = ORIENTED_EDGE ( 'NONE', *, *, #4020, .F. ) ;
#185 = SURFACE_STYLE_USAGE ( .BOTH. , #547 ) ;
#186 = ORIENTED_EDGE ( 'NONE', *, *, #3391, .T. ) ;
#187 = ADVANCED_FACE ( 'NONE', ( #3867 ), #36, .T. ) ;
#188 = AXIS2_PLACEMENT_3D ( 'NONE', #696, #74, #412 ) ;
#189 = CARTESIAN_POINT ( 'NONE',  ( -17.00000000000000000, -4.250000000000000000, 28.00000000000000000 ) ) ;
#190 = SURFACE_STYLE_USAGE ( .BOTH. , #2161 ) ;
#191 = EDGE_CURVE ( 'NONE', #290, #1036, #851, .T. ) ;
#192 = CARTESIAN_POINT ( 'NONE',  ( -11.50000000000000000, -2.250000000000000000, 28.00000000000000000 ) ) ;
#193 = CARTESIAN_POINT ( 'NONE',  ( 7.097272384650947785, -4.689527847379865833, 0.2054257988123367740 ) ) ;
#194 = ORIENTED_EDGE ( 'NONE', *, *, #707, .T. ) ;
#195 = DIRECTION ( 'NONE',  ( 0.000000000000000000, 0.000000000000000000, -1.000000000000000000 ) ) ;
#196 = LINE ( 'NONE', #1503, #4095 ) ;
#197 = CARTESIAN_POINT ( 'NONE',  ( 0.000000000000000000, -13.75000000000000000, 10.00000000000000000 ) ) ;
#198 = DIRECTION ( 'NONE',  ( 1.334402673828311860E-16, 1.000000000000000000, 0.000000000000000000 ) ) ;
#199 = ORIENTED_EDGE ( 'NONE', *, *, #2207, .T. ) ;
#200 = ORIENTED_EDGE ( 'NONE', *, *, #1290, .T. ) ;
#201 = AXIS2_PLACEMENT_3D ( 'NONE', #3894, #3869, #1210 ) ;
#202 = CARTESIAN_POINT ( 'NONE',  ( 11.95000000000000107, 0.7500000000000000000, 31.21869538788619991 ) ) ;
#203 = VECTOR ( 'NONE', #1466, 1000.000000000000000 ) ;
#204 = CARTESIAN_POINT ( 'NONE',  ( 5.359999999999999432, -13.89999999999999858, 2.885947578294148386 ) ) ;
#205 = ORIENTED_EDGE ( 'NONE', *, *, #1149, .F. ) ;
#206 = DIRECTION ( 'NONE',  ( 1.000802005371233895E-16, 1.000000000000000000, 0.000000000000000000 ) ) ;
#207 = ORIENTED_EDGE ( 'NONE', *, *, #3712, .F. ) ;
#208 = VECTOR ( 'NONE', #2288, 1000.000000000000000 ) ;
#209 = CARTESIAN_POINT ( 'NONE',  ( -7.055028863459309463, 17.30000000000000071, 0.5168231408637690150 ) ) ;
#210 = EDGE_CURVE ( 'NONE', #1527, #369, #2213, .T. ) ;
#211 = CARTESIAN_POINT ( 'NONE',  ( -11.50000000000000000, -2.250000000000000000, 3.250000000000000000 ) ) ;
#212 = AXIS2_PLACEMENT_3D ( 'NONE', #272, #2464, #506 ) ;
#213 = CARTESIAN_POINT ( 'NONE',  ( -5.859999999999999432, 6.157142194232640087, 6.000000000000000000 ) ) ;
#214 = ADVANCED_FACE ( 'NONE', ( #257 ), #2255, .F. ) ;
#215 = LINE ( 'NONE', #2490, #136 ) ;
#216 = ORIENTED_EDGE ( 'NONE', *, *, #104, .T. ) ;
#217 = CARTESIAN_POINT ( 'NONE',  ( -6.440804985062399979E-17, 0.7500000000000000000, 33.00000000000000000 ) ) ;
#218 = CARTESIAN_POINT ( 'NONE',  ( 6.890191756659336697, 5.335183807157976688, -0.1103323526783006603 ) ) ;
#219 = DIRECTION ( 'NONE',  ( 0.000000000000000000, -0.7071067811865474617, 0.7071067811865474617 ) ) ;
#220 = CARTESIAN_POINT ( 'NONE',  ( 11.50000000000000000, -2.250000000000000000, 5.000000000000000000 ) ) ;
#221 = ORIENTED_EDGE ( 'NONE', *, *, #554, .T. ) ;
#222 = ORIENTED_EDGE ( 'NONE', *, *, #63, .F. ) ;
#223 = CARTESIAN_POINT ( 'NONE',  ( 0.000000000000000000, 0.000000000000000000, 33.00000000000000000 ) ) ;
#224 = PLANE ( 'NONE',  #4101 ) ;
#225 = ORIENTED_EDGE ( 'NONE', *, *, #3420, .T. ) ;
#226 = CARTESIAN_POINT ( 'NONE',  ( 0.000000000000000000, 18.50000000000000000, 10.00000000000000000 ) ) ;
#227 = ORIENTED_EDGE ( 'NONE', *, *, #1598, .T. ) ;
#228 = PRODUCT_RELATED_PRODUCT_CATEGORY ( 'part', '', ( #3618 ) ) ;
#229 = DIRECTION ( 'NONE',  ( -1.000000000000000000, 0.000000000000000000, 0.000000000000000000 ) ) ;
#230 = CARTESIAN_POINT ( 'NONE',  ( -6.975074739435616955, -5.080693091583252219, -0.03582275642581467939 ) ) ;
#231 = CARTESIAN_POINT ( 'NONE',  ( 0.000000000000000000, 0.000000000000000000, 0.000000000000000000 ) ) ;
#232 = EDGE_CURVE ( 'NONE', #3065, #802, #1603, .T. ) ;
#233 = DIRECTION ( 'NONE',  ( 1.000000000000000000, 0.000000000000000000, 0.000000000000000000 ) ) ;
#234 = CARTESIAN_POINT ( 'NONE',  ( 5.859999999999999432, -13.89999999999999858, 3.000000000000000000 ) ) ;
#235 = ORIENTED_EDGE ( 'NONE', *, *, #1388, .F. ) ;
#236 = CARTESIAN_POINT ( 'NONE',  ( -10.50000000000000000, 5.500000000000000000, 4.000000000000000000 ) ) ;
#237 = VECTOR ( 'NONE', #195, 1000.000000000000000 ) ;
#238 = EDGE_CURVE ( 'NONE', #1631, #3584, #2860, .T. ) ;
#239 = DIRECTION ( 'NONE',  ( 1.000000000000000000, 0.000000000000000000, 0.000000000000000000 ) ) ;
#240 = CARTESIAN_POINT ( 'NONE',  ( 7.500000000000000000, 5.500000000000000000, 6.000000000000000000 ) ) ;
#241 = CARTESIAN_POINT ( 'NONE',  ( 6.709141301279927028, 5.255663143450703068, 1.235550542794962015 ) ) ;
#242 = ORIENTED_EDGE ( 'NONE', *, *, #2223, .F. ) ;
#243 = ORIENTED_EDGE ( 'NONE', *, *, #3350, .T. ) ;
#244 = ADVANCED_FACE ( 'NONE', ( #2945 ), #1953, .F. ) ;
#245 = DIRECTION ( 'NONE',  ( -0.7071067811865441310, 0.000000000000000000, 0.7071067811865510144 ) ) ;
#246 = LINE ( 'NONE', #3856, #939 ) ;
#247 = ORIENTED_EDGE ( 'NONE', *, *, #1571, .F. ) ;
#248 = VECTOR ( 'NONE', #2177, 1000.000000000000000 ) ;
#249 = ORIENTED_EDGE ( 'NONE', *, *, #578, .F. ) ;
#250 = CARTESIAN_POINT ( 'NONE',  ( 10.50003773920311723, 4.330148807661271526, 7.429478867034481127 ) ) ;
#251 = CARTESIAN_POINT ( 'NONE',  ( -6.891139170842392581, -5.332413496338308079, -0.1096716747467395559 ) ) ;
#252 = AXIS2_PLACEMENT_3D ( 'NONE', #161, #183, #1488 ) ;
#253 = FACE_OUTER_BOUND ( 'NONE', #2491, .T. ) ;
#254 = EDGE_CURVE ( 'NONE', #1017, #3088, #280, .T. ) ;
#255 = CYLINDRICAL_SURFACE ( 'NONE', #4117, 1.750000000000001554 ) ;
#256 = VERTEX_POINT ( 'NONE', #923 ) ;
#257 = FACE_OUTER_BOUND ( 'NONE', #2550, .T. ) ;
#258 = DIRECTION ( 'NONE',  ( 0.000000000000000000, 0.000000000000000000, -1.000000000000000000 ) ) ;
#259 = ADVANCED_FACE ( 'NONE', ( #1931, #2921 ), #322, .T. ) ;
#260 = DIRECTION ( 'NONE',  ( 1.849736814544524867E-16, 0.000000000000000000, -1.000000000000000000 ) ) ;
#261 = ORIENTED_EDGE ( 'NONE', *, *, #2169, .F. ) ;
#262 = EDGE_LOOP ( 'NONE', ( #3896, #2357 ) ) ;
#263 = CARTESIAN_POINT ( 'NONE',  ( -10.50000000000000000, 18.50000000000000000, 10.00000000000000000 ) ) ;
#264 = EDGE_CURVE ( 'NONE', #1271, #3232, #600, .T. ) ;
#265 = DIRECTION ( 'NONE',  ( 0.000000000000000000, 0.000000000000000000, -1.000000000000000000 ) ) ;
#266 = ORIENTED_EDGE ( 'NONE', *, *, #572, .T. ) ;
#267 = CYLINDRICAL_SURFACE ( 'NONE', #3024, 3.249999999999999556 ) ;
#268 = VERTEX_POINT ( 'NONE', #1977 ) ;
#269 = AXIS2_PLACEMENT_3D ( 'NONE', #1441, #2757, #2146 ) ;
#270 = DIRECTION ( 'NONE',  ( 1.000000000000000000, -1.000802005371235004E-16, 0.000000000000000000 ) ) ;
#271 = CARTESIAN_POINT ( 'NONE',  ( -7.014297613746879101, -4.958924398840288461, 0.01354731969213518461 ) ) ;
#272 = CARTESIAN_POINT ( 'NONE',  ( -1.467447582342630952, 4.064124606654877958, -1.646235955079556446 ) ) ;
#273 = AXIS2_PLACEMENT_3D ( 'NONE', #1310, #206, #3494 ) ;
#274 = DIRECTION ( 'NONE',  ( 0.9010831828104847174, 0.000000000000000000, 0.4336462817275463788 ) ) ;
#275 = PRODUCT_DEFINITION_CONTEXT ( 'detailed design', #1909, 'design' ) ;
#276 = DIRECTION ( 'NONE',  ( 0.000000000000000000, 0.000000000000000000, 1.000000000000000000 ) ) ;
#277 = B_SPLINE_CURVE_WITH_KNOTS ( 'NONE', 3,
 ( #1257, #1556, #2932, #2909 ),
 .UNSPECIFIED., .F., .F.,
 ( 4, 4 ),
 ( 0.000000000000000000, 1.000000000000000000 ),
 .UNSPECIFIED. ) ;
#278 = ORIENTED_EDGE ( 'NONE', *, *, #1627, .T. ) ;
#279 = VECTOR ( 'NONE', #281, 1000.000000000000000 ) ;
#280 = LINE ( 'NONE', #641, #1397 ) ;
#281 = DIRECTION ( 'NONE',  ( 0.000000000000000000, 1.000000000000000000, 0.000000000000000000 ) ) ;
#282 = CARTESIAN_POINT ( 'NONE',  ( 7.055028863459309463, 4.740945869313009986, 0.5168231408637720126 ) ) ;
#283 = ORIENTED_EDGE ( 'NONE', *, *, #2254, .T. ) ;
#284 = ORIENTED_EDGE ( 'NONE', *, *, #2790, .T. ) ;
#285 = EDGE_CURVE ( 'NONE', #3769, #3561, #438, .T. ) ;
#286 = DIRECTION ( 'NONE',  ( 0.000000000000000000, 0.000000000000000000, 1.000000000000000000 ) ) ;
#287 = CARTESIAN_POINT ( 'NONE',  ( 11.70000000000000107, -5.500000000000000000, 0.000000000000000000 ) ) ;
#288 = ORIENTED_EDGE ( 'NONE', *, *, #1186, .T. ) ;
#289 = DIRECTION ( 'NONE',  ( 0.000000000000000000, 1.000000000000000000, 0.000000000000000000 ) ) ;
#290 = VERTEX_POINT ( 'NONE', #4176 ) ;
#291 = EDGE_CURVE ( 'NONE', #1851, #2484, #3525, .T. ) ;
#292 = CARTESIAN_POINT ( 'NONE',  ( 13.00000000000000000, 0.000000000000000000, 10.00000000000000000 ) ) ;
#293 = CARTESIAN_POINT ( 'NONE',  ( -14.75000000000000000, 0.7500000000000000000, 5.000000000000000000 ) ) ;
#294 = EDGE_CURVE ( 'NONE', #1231, #3559, #1889, .T. ) ;
#295 = CARTESIAN_POINT ( 'NONE',  ( -10.50000000000000000, 4.330127018922190985, 10.00000000000000000 ) ) ;
#296 = CARTESIAN_POINT ( 'NONE',  ( 7.004454045062026069, 4.989777343788378339, -0.0001329699594728795179 ) ) ;
#297 = LINE ( 'NONE', #2625, #4192 ) ;
#298 = CARTESIAN_POINT ( 'NONE',  ( 3.803188698462964889E-15, 0.000000000000000000, 30.04163056034259682 ) ) ;
#299 = DIRECTION ( 'NONE',  ( 0.000000000000000000, 0.000000000000000000, -1.000000000000000000 ) ) ;
#300 = CARTESIAN_POINT ( 'NONE',  ( -7.055028863459309463, 4.740945869313000216, 0.5168231408637660174 ) ) ;
#301 = ORIENTED_EDGE ( 'NONE', *, *, #2965, .F. ) ;
#302 = AXIS2_PLACEMENT_3D ( 'NONE', #1163, #3143, #4111 ) ;
#303 = EDGE_LOOP ( 'NONE', ( #2352, #863, #841 ) ) ;
#304 = VECTOR ( 'NONE', #2538, 1000.000000000000000 ) ;
#305 = CARTESIAN_POINT ( 'NONE',  ( -6.943005691150459846, 5.178317291219713958, -0.06820124267480888458 ) ) ;
#306 = CARTESIAN_POINT ( 'NONE',  ( -6.604487272054069713, 6.113979708281330083, -0.2000000000000025091 ) ) ;
#307 = ORIENTED_EDGE ( 'NONE', *, *, #818, .F. ) ;
#308 = DIRECTION ( 'NONE',  ( 0.000000000000000000, 1.000000000000000000, 0.000000000000000000 ) ) ;
#309 = ORIENTED_EDGE ( 'NONE', *, *, #1832, .F. ) ;
#310 = AXIS2_PLACEMENT_3D ( 'NONE', #2980, #3928, #1387 ) ;
#311 = DIRECTION ( 'NONE',  ( 0.000000000000000000, 1.000000000000000000, 0.000000000000000000 ) ) ;
#312 = CIRCLE ( 'NONE', #3267, 2.160000000000000142 ) ;
#313 = DIRECTION ( 'NONE',  ( 0.000000000000000000, -1.000000000000000000, 0.000000000000000000 ) ) ;
#314 = ADVANCED_FACE ( 'NONE', ( #2558 ), #580, .F. ) ;
#315 = AXIS2_PLACEMENT_3D ( 'NONE', #223, #2242, #1897 ) ;
#316 = FACE_OUTER_BOUND ( 'NONE', #3904, .T. ) ;
#317 = CARTESIAN_POINT ( 'NONE',  ( 6.846922166722946734, 5.460051892976414578, -0.1373730134749630294 ) ) ;
#318 = AXIS2_PLACEMENT_3D ( 'NONE', #3351, #79, #3305 ) ;
#319 = EDGE_CURVE ( 'NONE', #995, #1732, #4217, .T. ) ;
#320 = CARTESIAN_POINT ( 'NONE',  ( 6.478435652084950647, 4.250000000000000000, 30.00000000000000000 ) ) ;
#321 = CIRCLE ( 'NONE', #1553, 1.749999999999999778 ) ;
#322 = PLANE ( 'NONE',  #1335 ) ;
#323 = CARTESIAN_POINT ( 'NONE',  ( 14.75000000000000000, 12.75000000000000000, 5.000000000000000000 ) ) ;
#324 = CARTESIAN_POINT ( 'NONE',  ( -11.95000000000000107, 0.7500000000000000000, 1.781304612113784991 ) ) ;
#325 = ORIENTED_EDGE ( 'NONE', *, *, #4041, .F. ) ;
#326 = VERTEX_POINT ( 'NONE', #4000 ) ;
#327 = PLANE ( 'NONE',  #2092 ) ;
#328 = CARTESIAN_POINT ( 'NONE',  ( -7.291612123339699991, 1.580668278431285101, 0.000000000000000000 ) ) ;
#329 = ORIENTED_EDGE ( 'NONE', *, *, #1123, .F. ) ;
#330 = DIRECTION ( 'NONE',  ( 0.000000000000000000, 1.000000000000000000, 0.000000000000000000 ) ) ;
#331 = ORIENTED_EDGE ( 'NONE', *, *, #4128, .T. ) ;
#332 = DIRECTION ( 'NONE',  ( 0.000000000000000000, 0.000000000000000000, 1.000000000000000000 ) ) ;
#333 = CARTESIAN_POINT ( 'NONE',  ( -9.599999999999999645, 4.250000000000000000, 50.00000000000000711 ) ) ;
#334 = ORIENTED_EDGE ( 'NONE', *, *, #238, .F. ) ;
#335 = AXIS2_PLACEMENT_3D ( 'NONE', #989, #3338, #3293 ) ;
#336 = EDGE_CURVE ( 'NONE', #4049, #1957, #4021, .T. ) ;
#337 = CARTESIAN_POINT ( 'NONE',  ( -7.400000000000000355, -13.39999999999999147, -0.2000000000000025091 ) ) ;
#338 = DIRECTION ( 'NONE',  ( 1.000000000000000000, 0.000000000000000000, 0.000000000000000000 ) ) ;
#339 = VECTOR ( 'NONE', #1393, 1000.000000000000114 ) ;
#340 = CARTESIAN_POINT ( 'NONE',  ( 6.904007308794449571, -5.294620613533789211, -0.1003891777573177740 ) ) ;
#341 = VECTOR ( 'NONE', #219, 1000.000000000000114 ) ;
#342 = LINE ( 'NONE', #1669, #1536 ) ;
#343 = CARTESIAN_POINT ( 'NONE',  ( 5.859999999999999432, -13.39999999999999147, 3.000000000000000000 ) ) ;
#344 = CARTESIAN_POINT ( 'NONE',  ( 0.000000000000000000, -4.250000000000000000, 30.00000000000000000 ) ) ;
#345 = ORIENTED_EDGE ( 'NONE', *, *, #743, .F. ) ;
#346 = ORIENTED_EDGE ( 'NONE', *, *, #818, .T. ) ;
#347 = EDGE_CURVE ( 'NONE', #1017, #4174, #1602, .T. ) ;
#348 = LINE ( 'NONE', #1318, #1277 ) ;
#349 = CARTESIAN_POINT ( 'NONE',  ( -11.50000000000000000, -4.250000000000000000, 29.75000000000000000 ) ) ;
#350 = ORIENTED_EDGE ( 'NONE', *, *, #3922, .F. ) ;
#351 = PLANE ( 'NONE',  #2263 ) ;
#352 = ORIENTED_EDGE ( 'NONE', *, *, #4123, .T. ) ;
#353 = DIRECTION ( 'NONE',  ( -0.9010831828104849395, 0.000000000000000000, 0.4336462817275460457 ) ) ;
#354 = LINE ( 'NONE', #3041, #1967 ) ;
#355 = ORIENTED_EDGE ( 'NONE', *, *, #1971, .T. ) ;
#356 = ORIENTED_EDGE ( 'NONE', *, *, #3120, .T. ) ;
#357 = FACE_OUTER_BOUND ( 'NONE', #2497, .T. ) ;
#358 = CARTESIAN_POINT ( 'NONE',  ( 7.291612123339699991, 1.580668278431285101, 30.00000000000000000 ) ) ;
#359 = CARTESIAN_POINT ( 'NONE',  ( 6.893116974044718681, -5.326623618671440852, -0.1082823182358532560 ) ) ;
#360 = ADVANCED_FACE ( 'NONE', ( #1052 ), #2362, .F. ) ;
#361 = DIRECTION ( 'NONE',  ( -0.000000000000000000, 1.000000000000000000, 0.000000000000000000 ) ) ;
#362 = DIRECTION ( 'NONE',  ( -0.4336462817275460457, 0.000000000000000000, -0.9010831828104849395 ) ) ;
#363 = FACE_BOUND ( 'NONE', #1823, .T. ) ;
#364 = EDGE_LOOP ( 'NONE', ( #3452, #2904, #3254, #1386, #1744, #3495 ) ) ;
#365 = EDGE_CURVE ( 'NONE', #490, #1511, #406, .T. ) ;
#366 = VERTEX_POINT ( 'NONE', #46 ) ;
#367 = DIRECTION ( 'NONE',  ( 0.7071067811865441310, 0.000000000000000000, 0.7071067811865510144 ) ) ;
#368 = DIRECTION ( 'NONE',  ( 0.000000000000000000, 0.000000000000000000, 1.000000000000000000 ) ) ;
#369 = VERTEX_POINT ( 'NONE', #2730 ) ;
#370 = PLANE ( 'NONE',  #2401 ) ;
#371 = EDGE_CURVE ( 'NONE', #627, #3280, #2382, .T. ) ;
#372 = ORIENTED_EDGE ( 'NONE', *, *, #2388, .T. ) ;
#373 = VECTOR ( 'NONE', #1354, 1000.000000000000000 ) ;
#374 = DIRECTION ( 'NONE',  ( -1.000000000000000000, 0.000000000000000000, 0.000000000000000000 ) ) ;
#375 = LINE ( 'NONE', #4010, #2377 ) ;
#376 = ORIENTED_EDGE ( 'NONE', *, *, #1888, .F. ) ;
#377 = CIRCLE ( 'NONE', #2159, 4.999999999999999112 ) ;
#378 = ORIENTED_EDGE ( 'NONE', *, *, #238, .T. ) ;
#379 = AXIS2_PLACEMENT_3D ( 'NONE', #3091, #4168, #1902 ) ;
#380 = FACE_OUTER_BOUND ( 'NONE', #437, .T. ) ;
#381 = CARTESIAN_POINT ( 'NONE',  ( -11.50000000000000000, -7.750000000000000000, 5.000000000000000000 ) ) ;
#382 = CARTESIAN_POINT ( 'NONE',  ( -5.859999999999999432, -13.89999999999999858, 3.000000000000000000 ) ) ;
#383 = VECTOR ( 'NONE', #695, 1000.000000000000000 ) ;
#384 = LINE ( 'NONE', #24, #3330 ) ;
#385 = VECTOR ( 'NONE', #3156, 1000.000000000000000 ) ;
#386 = ADVANCED_FACE ( 'NONE', ( #105 ), #1736, .F. ) ;
#387 = CYLINDRICAL_SURFACE ( 'NONE', #2393, 0.2999999999999999334 ) ;
#388 = ORIENTED_EDGE ( 'NONE', *, *, #3240, .T. ) ;
#389 = ORIENTED_EDGE ( 'NONE', *, *, #3839, .T. ) ;
#390 = CIRCLE ( 'NONE', #3960, 5.000000000000000000 ) ;
#391 = EDGE_CURVE ( 'NONE', #2052, #2657, #342, .T. ) ;
#392 = CARTESIAN_POINT ( 'NONE',  ( -7.019915882559788045, 4.941217813367344114, 0.02175415631027823038 ) ) ;
#393 = LINE ( 'NONE', #1983, #3890 ) ;
#394 = VERTEX_POINT ( 'NONE', #1413 ) ;
#395 = DIRECTION ( 'NONE',  ( 0.000000000000000000, -1.000000000000000000, 0.000000000000000000 ) ) ;
#396 = ORIENTED_EDGE ( 'NONE', *, *, #2893, .T. ) ;
#397 = EDGE_CURVE ( 'NONE', #1271, #1664, #3531, .T. ) ;
#398 = CARTESIAN_POINT ( 'NONE',  ( -13.42893218813449963, 18.50000000000000000, 1.071067811865479946 ) ) ;
#399 = DIRECTION ( 'NONE',  ( 0.000000000000000000, 1.000000000000000000, 0.000000000000000000 ) ) ;
#400 = ORIENTED_EDGE ( 'NONE', *, *, #520, .F. ) ;
#401 = CARTESIAN_POINT ( 'NONE',  ( -7.400000000000000355, 18.50000000000000000, -0.2000000000000025091 ) ) ;
#402 = CARTESIAN_POINT ( 'NONE',  ( 11.50000000000000000, -7.750000000000000000, 26.25000000000000000 ) ) ;
#403 = CARTESIAN_POINT ( 'NONE',  ( 9.599999999999999645, 4.250000000000000000, 25.36324062531295809 ) ) ;
#404 = CIRCLE ( 'NONE', #1091, 0.2999999999999999334 ) ;
#405 =( BOUNDED_CURVE ( )  B_SPLINE_CURVE ( 3, ( #3057, #471, #3121, #4005 ),
 .UNSPECIFIED., .F., .T. ) 
 B_SPLINE_CURVE_WITH_KNOTS ( ( 4, 4 ),
 ( 4.087983070410304620, 4.851296801330326147 ),
 .UNSPECIFIED. ) 
 CURVE ( )  GEOMETRIC_REPRESENTATION_ITEM ( )  RATIONAL_B_SPLINE_CURVE ( ( 1.000000000000000000, 0.9520325305715081621, 0.9520325305715081621, 1.000000000000000000 ) ) 
 REPRESENTATION_ITEM ( '' )  );
#406 = LINE ( 'NONE', #2671, #1128 ) ;
#407 = FACE_BOUND ( 'NONE', #2739, .T. ) ;
#408 = ORIENTED_EDGE ( 'NONE', *, *, #1579, .T. ) ;
#409 = ORIENTED_EDGE ( 'NONE', *, *, #2729, .F. ) ;
#410 = CARTESIAN_POINT ( 'NONE',  ( -9.599999999999999645, 4.250000000000000000, 0.000000000000000000 ) ) ;
#411 = VECTOR ( 'NONE', #3435, 1000.000000000000000 ) ;
#412 = DIRECTION ( 'NONE',  ( 1.000000000000000000, 4.081702296416015504E-16, 0.000000000000000000 ) ) ;
#413 = ORIENTED_EDGE ( 'NONE', *, *, #2896, .T. ) ;
#414 = VERTEX_POINT ( 'NONE', #2058 ) ;
#415 = ADVANCED_FACE ( 'NONE', ( #3977 ), #2647, .F. ) ;
#416 = LINE ( 'NONE', #1444, #2922 ) ;
#417 = DIRECTION ( 'NONE',  ( 0.000000000000000000, 0.000000000000000000, 1.000000000000000000 ) ) ;
#418 = EDGE_LOOP ( 'NONE', ( #3569, #2307, #4051, #1508 ) ) ;
#419 = ORIENTED_EDGE ( 'NONE', *, *, #3068, .F. ) ;
#420 = EDGE_CURVE ( 'NONE', #3826, #598, #384, .T. ) ;
#421 = CARTESIAN_POINT ( 'NONE',  ( -11.50000000000000000, 4.250000000000000000, 5.000000000000000000 ) ) ;
#422 = DIRECTION ( 'NONE',  ( 0.000000000000000000, 0.000000000000000000, 1.000000000000000000 ) ) ;
#423 = EDGE_CURVE ( 'NONE', #178, #1981, #1674, .T. ) ;
#424 = DIRECTION ( 'NONE',  ( 0.000000000000000000, 1.000000000000000000, 0.000000000000000000 ) ) ;
#425 = FACE_OUTER_BOUND ( 'NONE', #1426, .T. ) ;
#426 = VERTEX_POINT ( 'NONE', #3376 ) ;
#427 = FACE_OUTER_BOUND ( 'NONE', #3809, .T. ) ;
#428 = APPLICATION_CONTEXT ( 'automotive_design' ) ;
#429 = CARTESIAN_POINT ( 'NONE',  ( 13.50000000000000000, -5.500000000000000000, 0.000000000000000000 ) ) ;
#430 = CARTESIAN_POINT ( 'NONE',  ( -6.208387876660300009, 3.819331721568715476, 30.00000000000000000 ) ) ;
#431 = ORIENTED_EDGE ( 'NONE', *, *, #1906, .F. ) ;
#432 = EDGE_LOOP ( 'NONE', ( #3695, #1394, #2114, #3755, #1876, #883, #3857 ) ) ;
#433 = CYLINDRICAL_SURFACE ( 'NONE', #3061, 3.250000000000000000 ) ;
#434 = EDGE_CURVE ( 'NONE', #2289, #2994, #2707, .T. ) ;
#435 = DIRECTION ( 'NONE',  ( -1.000000000000000000, 0.000000000000000000, 0.000000000000000000 ) ) ;
#436 = ORIENTED_EDGE ( 'NONE', *, *, #2855, .T. ) ;
#437 = EDGE_LOOP ( 'NONE', ( #3710, #3352, #235, #184 ) ) ;
#438 = CIRCLE ( 'NONE', #507, 3.250000000000000000 ) ;
#439 = DIRECTION ( 'NONE',  ( 0.000000000000000000, 0.000000000000000000, -1.000000000000000000 ) ) ;
#440 = AXIS2_PLACEMENT_3D ( 'NONE', #3243, #617, #2275 ) ;
#441 = EDGE_CURVE ( 'NONE', #1801, #843, #2081, .T. ) ;
#442 = CARTESIAN_POINT ( 'NONE',  ( -6.721076177265369545, -5.808974272580253562, -0.1863084664627805143 ) ) ;
#443 = CARTESIAN_POINT ( 'NONE',  ( 1.374772708486752926, -10.90000000000000036, -0.2000000000000008438 ) ) ;
#444 = CIRCLE ( 'NONE', #41, 3.249999999999999556 ) ;
#445 = DIRECTION ( 'NONE',  ( 7.885106708985490266E-17, 1.000000000000000000, 0.000000000000000000 ) ) ;
#446 = EDGE_CURVE ( 'NONE', #634, #816, #1010, .T. ) ;
#447 = UNCERTAINTY_MEASURE_WITH_UNIT (LENGTH_MEASURE( 1.000000000000000082E-05 ), #502, 'distance_accuracy_value', 'NONE');
#448 = VECTOR ( 'NONE', #90, 1000.000000000000000 ) ;
#449 = LINE ( 'NONE', #3076, #3090 ) ;
#450 = VERTEX_POINT ( 'NONE', #1033 ) ;
#451 = VERTEX_POINT ( 'NONE', #3313 ) ;
#452 = AXIS2_PLACEMENT_3D ( 'NONE', #1090, #2644, #2400 ) ;
#453 = DIRECTION ( 'NONE',  ( 0.000000000000000000, 0.000000000000000000, 1.000000000000000000 ) ) ;
#454 = DIRECTION ( 'NONE',  ( 0.000000000000000000, 0.000000000000000000, -1.000000000000000000 ) ) ;
#455 = VERTEX_POINT ( 'NONE', #2015 ) ;
#456 = VECTOR ( 'NONE', #1039, 1000.000000000000000 ) ;
#457 = ORIENTED_EDGE ( 'NONE', *, *, #164, .F. ) ;
#458 = FACE_OUTER_BOUND ( 'NONE', #1930, .T. ) ;
#459 = LINE ( 'NONE', #3428, #594 ) ;
#460 = ORIENTED_EDGE ( 'NONE', *, *, #2394, .F. ) ;
#461 = ORIENTED_EDGE ( 'NONE', *, *, #4013, .T. ) ;
#462 = FACE_OUTER_BOUND ( 'NONE', #2541, .T. ) ;
#463 = CARTESIAN_POINT ( 'NONE',  ( 13.50000000000000000, 18.50000000000000000, 0.9999999999999701350 ) ) ;
#464 = CARTESIAN_POINT ( 'NONE',  ( -6.709141301279927028, 5.255663143450703068, 1.235550542794960016 ) ) ;
#465 = EDGE_CURVE ( 'NONE', #3505, #1620, #98, .T. ) ;
#466 = CARTESIAN_POINT ( 'NONE',  ( 12.00000000000000000, 0.7500000000000000000, 28.00000000000000000 ) ) ;
#467 = DIRECTION ( 'NONE',  ( 0.000000000000000000, 0.000000000000000000, 1.000000000000000000 ) ) ;
#468 = ORIENTED_EDGE ( 'NONE', *, *, #3342, .T. ) ;
#469 = ORIENTED_EDGE ( 'NONE', *, *, #3391, .F. ) ;
#470 = ADVANCED_FACE ( 'NONE', ( #3661 ), #1695, .F. ) ;
#471 = CARTESIAN_POINT ( 'NONE',  ( -10.28771024652967014, 3.225750696657937233, 24.86768935091521016 ) ) ;
#472 = LINE ( 'NONE', #4089, #1097 ) ;
#473 = DIRECTION ( 'NONE',  ( 0.000000000000000000, 0.000000000000000000, -1.000000000000000000 ) ) ;
#474 = ORIENTED_EDGE ( 'NONE', *, *, #1752, .T. ) ;
#475 = AXIS2_PLACEMENT_3D ( 'NONE', #4215, #44, #1951 ) ;
#476 = ORIENTED_EDGE ( 'NONE', *, *, #3448, .F. ) ;
#477 = ADVANCED_FACE ( 'NONE', ( #3139, #2421 ), #833, .T. ) ;
#478 = VECTOR ( 'NONE', #3829, 1000.000000000000114 ) ;
#479 = DIRECTION ( 'NONE',  ( 1.000000000000000000, 0.000000000000000000, 0.000000000000000000 ) ) ;
#480 = DIRECTION ( 'NONE',  ( 0.000000000000000000, 1.000000000000000000, 0.000000000000000000 ) ) ;
#481 = ORIENTED_EDGE ( 'NONE', *, *, #2914, .T. ) ;
#482 = EDGE_LOOP ( 'NONE', ( #3643, #2001, #676, #3037, #680, #2122 ) ) ;
#483 = VECTOR ( 'NONE', #362, 1000.000000000000114 ) ;
#484 = CARTESIAN_POINT ( 'NONE',  ( -11.50000000000000000, 12.75000000000000000, 5.000000000000000000 ) ) ;
#485 = FACE_OUTER_BOUND ( 'NONE', #650, .T. ) ;
#486 = CARTESIAN_POINT ( 'NONE',  ( -11.50000000000000000, -2.250000000000000000, 28.00000000000000000 ) ) ;
#487 = DIRECTION ( 'NONE',  ( 1.000802005371233895E-16, 1.000000000000000000, 0.000000000000000000 ) ) ;
#488 = EDGE_CURVE ( 'NONE', #1761, #1851, #1158, .T. ) ;
#489 = LINE ( 'NONE', #4083, #3709 ) ;
#490 = VERTEX_POINT ( 'NONE', #3824 ) ;
#491 = PLANE ( 'NONE',  #3464 ) ;
#492 = FACE_OUTER_BOUND ( 'NONE', #3600, .T. ) ;
#493 = DIRECTION ( 'NONE',  ( 1.000000000000000000, 0.000000000000000000, 0.000000000000000000 ) ) ;
#494 = ADVANCED_FACE ( 'NONE', ( #2831 ), #508, .T. ) ;
#495 = DIRECTION ( 'NONE',  ( -1.000000000000000000, 0.000000000000000000, 0.000000000000000000 ) ) ;
#496 = ORIENTED_EDGE ( 'NONE', *, *, #336, .F. ) ;
#497 = EDGE_LOOP ( 'NONE', ( #157, #1087, #1406, #3386, #301, #2155 ) ) ;
#498 = CARTESIAN_POINT ( 'NONE',  ( 11.50000000000000000, -2.250000000000000000, 6.750000000000000000 ) ) ;
#499 = EDGE_CURVE ( 'NONE', #2899, #1219, #4228, .T. ) ;
#500 = DIRECTION ( 'NONE',  ( 0.000000000000000000, 1.000000000000000000, 0.000000000000000000 ) ) ;
#501 = EDGE_LOOP ( 'NONE', ( #2907, #388, #3272 ) ) ;
#502 =( LENGTH_UNIT ( ) NAMED_UNIT ( * ) SI_UNIT ( .MILLI., .METRE. ) );
#503 = ORIENTED_EDGE ( 'NONE', *, *, #1726, .T. ) ;
#504 = CARTESIAN_POINT ( 'NONE',  ( 0.000000000000000000, 1.149999999999999911, 0.000000000000000000 ) ) ;
#505 = PLANE ( 'NONE',  #47 ) ;
#506 = DIRECTION ( 'NONE',  ( 1.000000000000000000, -1.849736814544525113E-16, 1.849736814544525113E-16 ) ) ;
#507 = AXIS2_PLACEMENT_3D ( 'NONE', #1585, #667, #239 ) ;
#508 = CYLINDRICAL_SURFACE ( 'NONE', #1065, 5.000000000000000000 ) ;
#509 = CARTESIAN_POINT ( 'NONE',  ( -3.250000000000000000, 0.000000000000000000, 6.000000000000000000 ) ) ;
#510 = VERTEX_POINT ( 'NONE', #3075 ) ;
#511 = VECTOR ( 'NONE', #2467, 1000.000000000000000 ) ;
#512 = DIRECTION ( 'NONE',  ( 0.000000000000000000, 0.000000000000000000, -1.000000000000000000 ) ) ;
#513 = VECTOR ( 'NONE', #1859, 1000.000000000000000 ) ;
#514 = CARTESIAN_POINT ( 'NONE',  ( 10.28771024652967014, 3.225750696657939010, 8.132310649084789844 ) ) ;
#515 = CARTESIAN_POINT ( 'NONE',  ( 10.50000000000000000, 0.000000000000000000, 10.00000000000000000 ) ) ;
#516 = CARTESIAN_POINT ( 'NONE',  ( -20.50000000000000000, 18.50000000000000000, 8.142135623730919036 ) ) ;
#517 = ORIENTED_EDGE ( 'NONE', *, *, #4231, .T. ) ;
#518 = ORIENTED_EDGE ( 'NONE', *, *, #1839, .F. ) ;
#519 = AXIS2_PLACEMENT_3D ( 'NONE', #1288, #4152, #2601 ) ;
#520 = EDGE_CURVE ( 'NONE', #828, #1664, #2791, .T. ) ;
#521 = CARTESIAN_POINT ( 'NONE',  ( 10.50000000000000000, 5.500000000000000000, 4.000000000000000000 ) ) ;
#522 = VECTOR ( 'NONE', #1006, 999.9999999999998863 ) ;
#523 = CARTESIAN_POINT ( 'NONE',  ( 10.50000000000000000, 0.000000000000000000, 10.00000000000000000 ) ) ;
#524 = ORIENTED_EDGE ( 'NONE', *, *, #2896, .F. ) ;
#525 = DIRECTION ( 'NONE',  ( 0.000000000000000000, -1.000000000000000000, 0.000000000000000000 ) ) ;
#526 = VERTEX_POINT ( 'NONE', #3799 ) ;
#527 = AXIS2_PLACEMENT_3D ( 'NONE', #931, #1554, #953 ) ;
#528 = EDGE_CURVE ( 'NONE', #2390, #1923, #856, .T. ) ;
#529 = CARTESIAN_POINT ( 'NONE',  ( 9.599999999999999645, 4.250000000000000000, 2.363240625312958976 ) ) ;
#530 = CARTESIAN_POINT ( 'NONE',  ( -11.70000000000000107, -5.500000000000000000, 0.000000000000000000 ) ) ;
#531 = DIRECTION ( 'NONE',  ( 0.000000000000000000, 0.000000000000000000, 1.000000000000000000 ) ) ;
#532 = CARTESIAN_POINT ( 'NONE',  ( 14.75000000000000000, -2.250000000000000000, 28.00000000000000000 ) ) ;
#533 = ORIENTED_EDGE ( 'NONE', *, *, #689, .T. ) ;
#534 = PLANE ( 'NONE',  #3004 ) ;
#535 = CARTESIAN_POINT ( 'NONE',  ( 6.943766731191648667, 5.176240315234569067, -0.06835648777828989830 ) ) ;
#536 = DIRECTION ( 'NONE',  ( 0.8192319205190400355, 0.000000000000000000, 0.5734623443633289908 ) ) ;
#537 = LINE ( 'NONE', #3186, #3222 ) ;
#538 = VERTEX_POINT ( 'NONE', #1820 ) ;
#539 = ORIENTED_EDGE ( 'NONE', *, *, #3604, .T. ) ;
#540 = VECTOR ( 'NONE', #4069, 1000.000000000000000 ) ;
#541 =( BOUNDED_CURVE ( )  B_SPLINE_CURVE ( 3, ( #2420, #147, #464, #1670 ),
 .UNSPECIFIED., .F., .T. ) 
 B_SPLINE_CURVE_WITH_KNOTS ( ( 4, 4 ),
 ( 5.473065653935130115, 5.691502752847979352 ),
 .UNSPECIFIED. ) 
 CURVE ( )  GEOMETRIC_REPRESENTATION_ITEM ( )  RATIONAL_B_SPLINE_CURVE ( ( 1.000000000000000000, 0.9960277205158439839, 0.9960277205158439839, 1.000000000000000000 ) ) 
 REPRESENTATION_ITEM ( '' )  );
#542 = LINE ( 'NONE', #3813, #2373 ) ;
#543 = AXIS2_PLACEMENT_3D ( 'NONE', #3223, #574, #1842 ) ;
#544 = CARTESIAN_POINT ( 'NONE',  ( -5.859999999999999432, -13.39999999999999858, 3.000000000000000000 ) ) ;
#545 = ORIENTED_EDGE ( 'NONE', *, *, #731, .F. ) ;
#546 = EDGE_CURVE ( 'NONE', #1923, #890, #3761, .T. ) ;
#547 = SURFACE_SIDE_STYLE ('',( #2360 ) ) ;
#548 = ORIENTED_EDGE ( 'NONE', *, *, #999, .F. ) ;
#549 = VECTOR ( 'NONE', #308, 1000.000000000000000 ) ;
#550 = DIRECTION ( 'NONE',  ( 0.000000000000000000, 1.000000000000000000, 0.000000000000000000 ) ) ;
#551 = B_SPLINE_CURVE_WITH_KNOTS ( 'NONE', 3,
 ( #606, #4139, #1529, #1193 ),
 .UNSPECIFIED., .F., .F.,
 ( 4, 4 ),
 ( 0.000000000000000000, 1.000000000000000000 ),
 .UNSPECIFIED. ) ;
#552 = CARTESIAN_POINT ( 'NONE',  ( -7.071030776278385055, -4.777069971445293106, 0.1201609301830903892 ) ) ;
#553 =( GEOMETRIC_REPRESENTATION_CONTEXT ( 3 ) GLOBAL_UNCERTAINTY_ASSIGNED_CONTEXT ( ( #3590 ) ) GLOBAL_UNIT_ASSIGNED_CONTEXT ( ( #1516, #3607, #1946 ) ) REPRESENTATION_CONTEXT ( 'NONE', 'WORKASPACE' ) );
#554 = EDGE_CURVE ( 'NONE', #1662, #538, #2510, .T. ) ;
#555 = CYLINDRICAL_SURFACE ( 'NONE', #3805, 3.249999999999999556 ) ;
#556 = ADVANCED_FACE ( 'NONE', ( #1758 ), #168, .T. ) ;
#557 = DIRECTION ( 'NONE',  ( -1.000000000000000000, 8.881784197001250351E-16, -1.837120347822660181E-16 ) ) ;
#558 = ORIENTED_EDGE ( 'NONE', *, *, #1514, .T. ) ;
#559 = DIRECTION ( 'NONE',  ( -1.000000000000000000, 0.000000000000000000, 0.000000000000000000 ) ) ;
#560 = CYLINDRICAL_SURFACE ( 'NONE', #9, 3.249999999999999556 ) ;
#561 = DIRECTION ( 'NONE',  ( 0.5574341878840192166, -0.8302211308910921739, 0.000000000000000000 ) ) ;
#562 = ORIENTED_EDGE ( 'NONE', *, *, #2754, .T. ) ;
#563 = EDGE_LOOP ( 'NONE', ( #142, #3154, #3966, #1592, #4245 ) ) ;
#564 = DIRECTION ( 'NONE',  ( 1.000000000000000000, -8.673617379884035472E-17, 8.673617379884035472E-16 ) ) ;
#565 = DIRECTION ( 'NONE',  ( 0.000000000000000000, 0.000000000000000000, -1.000000000000000000 ) ) ;
#566 = ORIENTED_EDGE ( 'NONE', *, *, #2632, .T. ) ;
#567 = CARTESIAN_POINT ( 'NONE',  ( -9.599999999999999645, 4.250000000000000000, 7.636759374687045465 ) ) ;
#568 = VERTEX_POINT ( 'NONE', #1113 ) ;
#569 = ADVANCED_FACE ( 'NONE', ( #2489 ), #2163, .T. ) ;
#570 = CARTESIAN_POINT ( 'NONE',  ( 9.599999999999999645, 4.250000000000000000, 2.363240625312958976 ) ) ;
#571 = CARTESIAN_POINT ( 'NONE',  ( -7.029711978026694119, -4.910324997806776892, 0.03615354498563125990 ) ) ;
#572 = EDGE_CURVE ( 'NONE', #2103, #2949, #1883, .T. ) ;
#573 = DIRECTION ( 'NONE',  ( 0.000000000000000000, -1.000000000000000000, 0.000000000000000000 ) ) ;
#574 = DIRECTION ( 'NONE',  ( 0.000000000000000000, 1.000000000000000000, 0.000000000000000000 ) ) ;
#575 = ORIENTED_EDGE ( 'NONE', *, *, #1705, .T. ) ;
#576 = CARTESIAN_POINT ( 'NONE',  ( -12.00000000000000000, -4.250000000000000000, 28.00000000000000000 ) ) ;
#577 = VECTOR ( 'NONE', #623, 1000.000000000000000 ) ;
#578 = EDGE_CURVE ( 'NONE', #1957, #3042, #790, .T. ) ;
#579 = ADVANCED_BREP_SHAPE_REPRESENTATION ( '', ( #3552, #830 ), #2057 ) ;
#580 = PLANE ( 'NONE',  #3872 ) ;
#581 = VECTOR ( 'NONE', #4062, 1000.000000000000000 ) ;
#582 = DIRECTION ( 'NONE',  ( -1.000000000000000000, 0.000000000000000000, 0.000000000000000000 ) ) ;
#583 = CARTESIAN_POINT ( 'NONE',  ( -8.250000000000000000, -2.250000000000000000, 28.00000000000000000 ) ) ;
#584 = ORIENTED_EDGE ( 'NONE', *, *, #1997, .T. ) ;
#585 = VERTEX_POINT ( 'NONE', #213 ) ;
#586 = AXIS2_PLACEMENT_3D ( 'NONE', #778, #2761, #1423 ) ;
#587 = DIRECTION ( 'NONE',  ( 0.000000000000000000, -1.000000000000000000, 0.000000000000000000 ) ) ;
#588 = LINE ( 'NONE', #4140, #2591 ) ;
#589 = ORIENTED_EDGE ( 'NONE', *, *, #3019, .T. ) ;
#590 = DIRECTION ( 'NONE',  ( 1.000000000000000000, 0.000000000000000000, 0.000000000000000000 ) ) ;
#591 = ORIENTED_EDGE ( 'NONE', *, *, #3992, .T. ) ;
#592 = AXIS2_PLACEMENT_3D ( 'NONE', #1370, #2319, #3635 ) ;
#593 = DIRECTION ( 'NONE',  ( -1.000000000000000000, 0.000000000000000000, -1.868163743359638773E-15 ) ) ;
#594 = VECTOR ( 'NONE', #435, 1000.000000000000000 ) ;
#595 = DIRECTION ( 'NONE',  ( 0.000000000000000000, -1.000000000000000000, 0.000000000000000000 ) ) ;
#596 = AXIS2_PLACEMENT_3D ( 'NONE', #734, #3360, #1116 ) ;
#597 = CARTESIAN_POINT ( 'NONE',  ( 1.917499450324875057E-16, 0.000000000000000000, -0.2000000000000000111 ) ) ;
#598 = VERTEX_POINT ( 'NONE', #3393 ) ;
#599 = EDGE_CURVE ( 'NONE', #1095, #3971, #2098, .T. ) ;
#600 = LINE ( 'NONE', #2626, #2981 ) ;
#601 = DIRECTION ( 'NONE',  ( -0.000000000000000000, 1.000000000000000000, 0.000000000000000000 ) ) ;
#602 = CARTESIAN_POINT ( 'NONE',  ( 0.000000000000000000, -13.75000000000000000, 15.00000000000000000 ) ) ;
#603 = ORIENTED_EDGE ( 'NONE', *, *, #397, .F. ) ;
#604 = EDGE_CURVE ( 'NONE', #950, #1460, #1430, .T. ) ;
#605 = ORIENTED_EDGE ( 'NONE', *, *, #1469, .T. ) ;
#606 = CARTESIAN_POINT ( 'NONE',  ( -7.104487272054069713, -4.666504109204420381, 0.2999999999999999889 ) ) ;
#607 = CARTESIAN_POINT ( 'NONE',  ( -5.859999999999999432, 6.157142194232640087, 30.04163056034259682 ) ) ;
#608 = ORIENTED_EDGE ( 'NONE', *, *, #2691, .F. ) ;
#609 = CARTESIAN_POINT ( 'NONE',  ( 5.859999999999999432, 17.30000000000000071, 3.000000000000000000 ) ) ;
#610 = AXIS2_PLACEMENT_3D ( 'NONE', #4090, #4113, #3727 ) ;
#611 = EDGE_CURVE ( 'NONE', #3559, #3018, #2431, .T. ) ;
#612 = ORIENTED_EDGE ( 'NONE', *, *, #1781, .F. ) ;
#613 = VECTOR ( 'NONE', #2799, 1000.000000000000000 ) ;
#614 = CARTESIAN_POINT ( 'NONE',  ( 5.859999999999999432, -13.39999999999999858, 3.000000000000000000 ) ) ;
#615 = CARTESIAN_POINT ( 'NONE',  ( -7.011417710920592405, -4.967973436778843954, 0.009450295502993493260 ) ) ;
#616 = VECTOR ( 'NONE', #1715, 1000.000000000000000 ) ;
#617 = DIRECTION ( 'NONE',  ( -0.000000000000000000, 1.000000000000000000, 0.000000000000000000 ) ) ;
#618 = AXIS2_PLACEMENT_3D ( 'NONE', #3279, #395, #675 ) ;
#619 = CARTESIAN_POINT ( 'NONE',  ( 6.885336424503360142, 5.349354307393639374, -0.1136753317689671999 ) ) ;
#620 = CARTESIAN_POINT ( 'NONE',  ( 6.685374536725220196, -5.907156551134900901, -0.1986425982988716532 ) ) ;
#621 = ORIENTED_EDGE ( 'NONE', *, *, #3526, .F. ) ;
#622 = VECTOR ( 'NONE', #124, 1000.000000000000000 ) ;
#623 = DIRECTION ( 'NONE',  ( 0.000000000000000000, 0.000000000000000000, 1.000000000000000000 ) ) ;
#624 = EDGE_CURVE ( 'NONE', #3306, #760, #2022, .T. ) ;
#625 = LINE ( 'NONE', #3527, #2124 ) ;
#626 = FACE_BOUND ( 'NONE', #2315, .T. ) ;
#627 = VERTEX_POINT ( 'NONE', #295 ) ;
#628 = ORIENTED_EDGE ( 'NONE', *, *, #2043, .F. ) ;
#629 = EDGE_CURVE ( 'NONE', #4206, #1511, #2555, .T. ) ;
#630 = CARTESIAN_POINT ( 'NONE',  ( -6.898942675114546397, 5.309524128788397412, -0.1041013372424348660 ) ) ;
#631 = CYLINDRICAL_SURFACE ( 'NONE', #2174, 0.5000000000000000000 ) ;
#632 = ORIENTED_EDGE ( 'NONE', *, *, #812, .T. ) ;
#633 = LINE ( 'NONE', #609, #3298 ) ;
#634 = VERTEX_POINT ( 'NONE', #941 ) ;
#635 = EDGE_CURVE ( 'NONE', #3555, #426, #1905, .T. ) ;
#636 = FACE_OUTER_BOUND ( 'NONE', #2724, .T. ) ;
#637 = ORIENTED_EDGE ( 'NONE', *, *, #4188, .T. ) ;
#638 = CARTESIAN_POINT ( 'NONE',  ( -11.50000000000000000, -4.250000000000000000, 28.00000000000000000 ) ) ;
#639 = FACE_OUTER_BOUND ( 'NONE', #1258, .T. ) ;
#640 = CARTESIAN_POINT ( 'NONE',  ( 6.633690601242411944, -6.039414308542646381, -0.1999999999999987621 ) ) ;
#641 = CARTESIAN_POINT ( 'NONE',  ( -7.055028863459309463, -13.89999999999999858, 0.5168231408637700142 ) ) ;
#642 = DIRECTION ( 'NONE',  ( 0.000000000000000000, 0.000000000000000000, -1.000000000000000000 ) ) ;
#643 = CARTESIAN_POINT ( 'NONE',  ( -5.859999999999999432, -6.157142194232649857, 3.000000000000000000 ) ) ;
#644 = EDGE_LOOP ( 'NONE', ( #3188, #205, #3163, #2890, #3895, #283 ) ) ;
#645 = AXIS2_PLACEMENT_3D ( 'NONE', #1374, #4082, #3096 ) ;
#646 = ORIENTED_EDGE ( 'NONE', *, *, #2094, .T. ) ;
#647 = AXIS2_PLACEMENT_3D ( 'NONE', #3374, #1068, #3286 ) ;
#648 = DIRECTION ( 'NONE',  ( -1.000000000000000000, 0.000000000000000000, 2.135044278125301343E-15 ) ) ;
#649 = CARTESIAN_POINT ( 'NONE',  ( 11.50000000000000000, 0.7500000000000000000, 5.000000000000000000 ) ) ;
#650 = EDGE_LOOP ( 'NONE', ( #4075, #2194, #2216, #562, #2713, #3493 ) ) ;
#651 = FACE_OUTER_BOUND ( 'NONE', #3359, .T. ) ;
#652 = EDGE_LOOP ( 'NONE', ( #307, #1013, #3475, #2041 ) ) ;
#653 = AXIS2_PLACEMENT_3D ( 'NONE', #809, #1796, #2786 ) ;
#654 = ADVANCED_FACE ( 'NONE', ( #1307 ), #2622, .T. ) ;
#655 = PLANE ( 'NONE',  #2298 ) ;
#656 = VECTOR ( 'NONE', #4094, 1000.000000000000114 ) ;
#657 = DIRECTION ( 'NONE',  ( -0.8192319205190404796, 0.000000000000000000, 0.5734623443633283246 ) ) ;
#658 = ITEM_DEFINED_TRANSFORMATION ( 'NONE', 'NONE', #212,  #830 ) ;
#659 = ADVANCED_FACE ( 'NONE', ( #2186 ), #2600, .F. ) ;
#660 = AXIS2_PLACEMENT_3D ( 'NONE', #2982, #684, #1389 ) ;
#661 = DIRECTION ( 'NONE',  ( 0.000000000000000000, 1.000000000000000000, 0.000000000000000000 ) ) ;
#662 = DIRECTION ( 'NONE',  ( 0.000000000000000000, 1.000000000000000000, 0.000000000000000000 ) ) ;
#663 = CIRCLE ( 'NONE', #1007, 5.000000000000000888 ) ;
#664 = CARTESIAN_POINT ( 'NONE',  ( 6.809586768927948341, -5.566401475751418637, -0.1563168174289371049 ) ) ;
#665 = EDGE_CURVE ( 'NONE', #3871, #1851, #2532, .T. ) ;
#666 = AXIS2_PLACEMENT_3D ( 'NONE', #3963, #1701, #1340 ) ;
#667 = DIRECTION ( 'NONE',  ( 0.000000000000000000, 0.000000000000000000, 1.000000000000000000 ) ) ;
#668 = CARTESIAN_POINT ( 'NONE',  ( 0.000000000000000000, -13.75000000000000000, 15.00000000000000000 ) ) ;
#669 = LINE ( 'NONE', #3594, #2807 ) ;
#670 = ORIENTED_EDGE ( 'NONE', *, *, #2394, .T. ) ;
#671 = ORIENTED_EDGE ( 'NONE', *, *, #2934, .F. ) ;
#672 = CARTESIAN_POINT ( 'NONE',  ( 12.00000000000000000, 4.898042755699219985E-15, 0.000000000000000000 ) ) ;
#673 = CARTESIAN_POINT ( 'NONE',  ( 0.000000000000000000, 0.000000000000000000, 0.000000000000000000 ) ) ;
#674 = ORIENTED_EDGE ( 'NONE', *, *, #1803, .F. ) ;
#675 = DIRECTION ( 'NONE',  ( 0.000000000000000000, 0.000000000000000000, 1.000000000000000000 ) ) ;
#676 = ORIENTED_EDGE ( 'NONE', *, *, #3442, .T. ) ;
#677 = DIRECTION ( 'NONE',  ( 0.000000000000000000, 0.000000000000000000, -1.000000000000000000 ) ) ;
#678 = EDGE_CURVE ( 'NONE', #2259, #2783, #2297, .T. ) ;
#679 = CARTESIAN_POINT ( 'NONE',  ( 10.50000000000000000, 18.50000000000000000, 10.00000000000000000 ) ) ;
#680 = ORIENTED_EDGE ( 'NONE', *, *, #2118, .F. ) ;
#681 = VECTOR ( 'NONE', #1101, 999.9999999999998863 ) ;
#682 = CYLINDRICAL_SURFACE ( 'NONE', #647, 10.00000000000000000 ) ;
#683 = ADVANCED_FACE ( 'NONE', ( #316 ), #555, .F. ) ;
#684 = DIRECTION ( 'NONE',  ( 1.849736814544524620E-16, 0.000000000000000000, -1.000000000000000000 ) ) ;
#685 = VECTOR ( 'NONE', #2, 1000.000000000000000 ) ;
#686 = DIRECTION ( 'NONE',  ( 0.000000000000000000, 0.000000000000000000, 1.000000000000000000 ) ) ;
#687 = AXIS2_PLACEMENT_3D ( 'NONE', #4068, #1458, #3465 ) ;
#688 = CARTESIAN_POINT ( 'NONE',  ( 13.00000000000000000, 0.000000000000000000, 10.00000000000000000 ) ) ;
#689 = EDGE_CURVE ( 'NONE', #2593, #1170, #918, .T. ) ;
#690 = DIRECTION ( 'NONE',  ( 1.000000000000000000, 0.000000000000000000, 0.000000000000000000 ) ) ;
#691 = CARTESIAN_POINT ( 'NONE',  ( -6.709141301279927028, -5.255663143450703068, 1.235550542794962015 ) ) ;
#692 = ORIENTED_EDGE ( 'NONE', *, *, #3705, .T. ) ;
#693 = VECTOR ( 'NONE', #969, 1000.000000000000000 ) ;
#694 = ORIENTED_EDGE ( 'NONE', *, *, #1256, .F. ) ;
#695 = DIRECTION ( 'NONE',  ( 0.000000000000000000, 0.000000000000000000, 1.000000000000000000 ) ) ;
#696 = CARTESIAN_POINT ( 'NONE',  ( 12.00000000000000000, 4.898042755699219985E-15, 28.00000000000000000 ) ) ;
#697 = ORIENTED_EDGE ( 'NONE', *, *, #3660, .T. ) ;
#698 = DIRECTION ( 'NONE',  ( 0.000000000000000000, -1.000000000000000000, 0.000000000000000000 ) ) ;
#699 = ORIENTED_EDGE ( 'NONE', *, *, #1226, .F. ) ;
#700 = DIRECTION ( 'NONE',  ( 0.000000000000000000, 0.000000000000000000, -1.000000000000000000 ) ) ;
#701 = CARTESIAN_POINT ( 'NONE',  ( -7.321564347915050064, 1.449999999999999956, 0.000000000000000000 ) ) ;
#702 = ORIENTED_EDGE ( 'NONE', *, *, #3580, .F. ) ;
#703 = VERTEX_POINT ( 'NONE', #1884 ) ;
#704 = CARTESIAN_POINT ( 'NONE',  ( 6.604487272054069713, 6.113979708281330083, -0.2000000000000000111 ) ) ;
#705 = FACE_OUTER_BOUND ( 'NONE', #4141, .T. ) ;
#706 = DIRECTION ( 'NONE',  ( 0.000000000000000000, 1.000000000000000000, 0.000000000000000000 ) ) ;
#707 = EDGE_CURVE ( 'NONE', #4076, #3383, #3878, .T. ) ;
#708 = CARTESIAN_POINT ( 'NONE',  ( -6.604487272054069713, 17.30000000000000071, 0.2999999999999999889 ) ) ;
#709 = CARTESIAN_POINT ( 'NONE',  ( 7.321564347915040294, 1.449999999999999956, 30.00000000000000000 ) ) ;
#710 = CARTESIAN_POINT ( 'NONE',  ( 11.50000000000000000, -2.250000000000000000, 5.000000000000000000 ) ) ;
#711 = VERTEX_POINT ( 'NONE', #3588 ) ;
#712 = VERTEX_POINT ( 'NONE', #963 ) ;
#713 = ADVANCED_FACE ( 'NONE', ( #253 ), #2854, .T. ) ;
#714 = CARTESIAN_POINT ( 'NONE',  ( -7.024459611237758416, 4.926830630643302733, 0.02865033361356067801 ) ) ;
#715 = CYLINDRICAL_SURFACE ( 'NONE', #188, 5.000000000000000888 ) ;
#716 = ORIENTED_EDGE ( 'NONE', *, *, #2284, .F. ) ;
#717 = CYLINDRICAL_SURFACE ( 'NONE', #1924, 0.2999999999999999334 ) ;
#718 = ORIENTED_EDGE ( 'NONE', *, *, #528, .F. ) ;
#719 = CARTESIAN_POINT ( 'NONE',  ( -10.73213150326322030, 5.500000000000000000, 6.000000000000000000 ) ) ;
#720 = PLANE ( 'NONE',  #2725 ) ;
#721 = ORIENTED_EDGE ( 'NONE', *, *, #2632, .F. ) ;
#722 = AXIS2_PLACEMENT_3D ( 'NONE', #2138, #3457, #4129 ) ;
#723 = ORIENTED_EDGE ( 'NONE', *, *, #2528, .F. ) ;
#724 = AXIS2_PLACEMENT_3D ( 'NONE', #1449, #2115, #2418 ) ;
#725 = CARTESIAN_POINT ( 'NONE',  ( 6.478435652084950647, 4.250000000000000000, 0.000000000000000000 ) ) ;
#726 = LINE ( 'NONE', #2074, #1004 ) ;
#727 = FILL_AREA_STYLE_COLOUR ( '', #3020 ) ;
#728 = VECTOR ( 'NONE', #3341, 1000.000000000000000 ) ;
#729 = CARTESIAN_POINT ( 'NONE',  ( -11.50000000000000000, 12.75000000000000000, 5.000000000000000000 ) ) ;
#730 = VECTOR ( 'NONE', #3520, 999.9999999999998863 ) ;
#731 = EDGE_CURVE ( 'NONE', #2597, #2287, #1817, .T. ) ;
#732 = CARTESIAN_POINT ( 'NONE',  ( -9.599999999999999645, 4.250000000000000000, 30.63675937468704547 ) ) ;
#733 = VERTEX_POINT ( 'NONE', #1948 ) ;
#734 = CARTESIAN_POINT ( 'NONE',  ( 12.00000000000000000, 0.7500000000000000000, 5.000000000000000000 ) ) ;
#735 = AXIS2_PLACEMENT_3D ( 'NONE', #141, #1173, #4118 ) ;
#736 = B_SPLINE_CURVE_WITH_KNOTS ( 'NONE', 3,
 ( #4199, #3913, #2881, #3572 ),
 .UNSPECIFIED., .F., .F.,
 ( 4, 4 ),
 ( 0.000000000000000000, 1.000000000000000000 ),
 .UNSPECIFIED. ) ;
#737 = CARTESIAN_POINT ( 'NONE',  ( 13.00000000000000000, 0.000000000000000000, 6.000000000000000000 ) ) ;
#738 = EDGE_CURVE ( 'NONE', #1697, #1385, #377, .T. ) ;
#739 = FACE_OUTER_BOUND ( 'NONE', #1126, .T. ) ;
#740 = ORIENTED_EDGE ( 'NONE', *, *, #4188, .F. ) ;
#741 = EDGE_LOOP ( 'NONE', ( #517, #3023 ) ) ;
#742 = DIRECTION ( 'NONE',  ( -7.885106708985490266E-17, -1.000000000000000000, 0.000000000000000000 ) ) ;
#743 = EDGE_CURVE ( 'NONE', #824, #835, #1538, .T. ) ;
#744 = LINE ( 'NONE', #2009, #3823 ) ;
#745 = EDGE_LOOP ( 'NONE', ( #2699, #162, #646, #35 ) ) ;
#746 = ORIENTED_EDGE ( 'NONE', *, *, #4066, .F. ) ;
#747 = CARTESIAN_POINT ( 'NONE',  ( 3.154362416107379996, -18.50000000000000000, 12.20805369127516116 ) ) ;
#748 = DIRECTION ( 'NONE',  ( 1.000000000000000000, 0.000000000000000000, 0.000000000000000000 ) ) ;
#749 = VECTOR ( 'NONE', #1742, 1000.000000000000000 ) ;
#750 = DIRECTION ( 'NONE',  ( 1.000000000000000000, 0.000000000000000000, 0.000000000000000000 ) ) ;
#751 = VECTOR ( 'NONE', #149, 1000.000000000000000 ) ;
#752 = DIRECTION ( 'NONE',  ( 0.000000000000000000, 0.000000000000000000, 1.000000000000000000 ) ) ;
#753 = EDGE_LOOP ( 'NONE', ( #2147, #612, #1564, #3534 ) ) ;
#754 = ORIENTED_EDGE ( 'NONE', *, *, #1711, .T. ) ;
#755 = VECTOR ( 'NONE', #2257, 1000.000000000000000 ) ;
#756 = EDGE_CURVE ( 'NONE', #3246, #2239, #1222, .T. ) ;
#757 = LINE ( 'NONE', #4067, #2653 ) ;
#758 = CARTESIAN_POINT ( 'NONE',  ( 11.50000000000000000, -2.250000000000000000, 28.00000000000000000 ) ) ;
#759 = ORIENTED_EDGE ( 'NONE', *, *, #2778, .T. ) ;
#760 = VERTEX_POINT ( 'NONE', #1562 ) ;
#761 = CARTESIAN_POINT ( 'NONE',  ( 9.926310430526139793E-17, 0.000000000000000000, 0.2999999999999999889 ) ) ;
#762 = ADVANCED_FACE ( 'NONE', ( #4193 ), #2230, .T. ) ;
#763 = DIRECTION ( 'NONE',  ( 0.000000000000000000, 1.000000000000000000, 0.000000000000000000 ) ) ;
#764 = DIRECTION ( 'NONE',  ( 0.000000000000000000, 1.000000000000000000, 0.000000000000000000 ) ) ;
#765 = ORIENTED_EDGE ( 'NONE', *, *, #2835, .F. ) ;
#766 = ORIENTED_EDGE ( 'NONE', *, *, #1869, .F. ) ;
#767 = ADVANCED_FACE ( 'NONE', ( #4014 ), #682, .F. ) ;
#768 = DIRECTION ( 'NONE',  ( 0.7071067811865441310, 0.000000000000000000, 0.7071067811865510144 ) ) ;
#769 = LINE ( 'NONE', #3974, #3480 ) ;
#770 = DIRECTION ( 'NONE',  ( 1.000000000000000000, 0.000000000000000000, 0.000000000000000000 ) ) ;
#771 = DIRECTION ( 'NONE',  ( 0.000000000000000000, 0.000000000000000000, 1.000000000000000000 ) ) ;
#772 = ORIENTED_EDGE ( 'NONE', *, *, #1627, .F. ) ;
#773 = CARTESIAN_POINT ( 'NONE',  ( -6.604487272054069713, -13.89999999999999858, 0.2999999999999999889 ) ) ;
#774 = DIRECTION ( 'NONE',  ( -0.5574341878840193276, -0.8302211308910921739, 0.000000000000000000 ) ) ;
#775 = DIRECTION ( 'NONE',  ( 0.6371620289784530877, -0.7071067811865454633, -0.3066342264458810085 ) ) ;
#776 = EDGE_LOOP ( 'NONE', ( #3173, #2102, #3728, #632, #847, #2979, #566, #2806, #3793, #2070, #2434, #3217, #4180, #4121 ) ) ;
#777 = ORIENTED_EDGE ( 'NONE', *, *, #2145, .F. ) ;
#778 = CARTESIAN_POINT ( 'NONE',  ( -20.50000000000000000, 0.000000000000000000, 8.142135623730919036 ) ) ;
#779 = DIRECTION ( 'NONE',  ( 0.000000000000000000, 0.000000000000000000, 1.000000000000000000 ) ) ;
#780 = ORIENTED_EDGE ( 'NONE', *, *, #2830, .T. ) ;
#781 = EDGE_CURVE ( 'NONE', #2949, #3687, #791, .T. ) ;
#782 = VERTEX_POINT ( 'NONE', #1369 ) ;
#783 = VECTOR ( 'NONE', #3008, 1000.000000000000000 ) ;
#784 = DIRECTION ( 'NONE',  ( -7.885106708985490266E-17, -1.000000000000000000, 0.000000000000000000 ) ) ;
#785 = VECTOR ( 'NONE', #3416, 1000.000000000000000 ) ;
#786 = CARTESIAN_POINT ( 'NONE',  ( 0.000000000000000000, 0.1499999999999999667, 27.00000000000000000 ) ) ;
#787 = LINE ( 'NONE', #4080, #2689 ) ;
#788 = EDGE_CURVE ( 'NONE', #1320, #28, #3329, .T. ) ;
#789 = VECTOR ( 'NONE', #3129, 1000.000000000000000 ) ;
#790 = LINE ( 'NONE', #1799, #925 ) ;
#791 =( BOUNDED_CURVE ( )  B_SPLINE_CURVE ( 3, ( #2012, #1690, #1712, #1005 ),
 .UNSPECIFIED., .F., .T. ) 
 B_SPLINE_CURVE_WITH_KNOTS ( ( 4, 4 ),
 ( 1.431888505849261195, 2.195202236769282056 ),
 .UNSPECIFIED. ) 
 CURVE ( )  GEOMETRIC_REPRESENTATION_ITEM ( )  RATIONAL_B_SPLINE_CURVE ( ( 1.000000000000000000, 0.9520325305715081621, 0.9520325305715081621, 1.000000000000000000 ) ) 
 REPRESENTATION_ITEM ( '' )  );
#792 = CIRCLE ( 'NONE', #1001, 10.00000000000000178 ) ;
#793 = ADVANCED_FACE ( 'NONE', ( #380 ), #3657, .F. ) ;
#794 = CARTESIAN_POINT ( 'NONE',  ( -1.118033988749894903, 1.149999999999999911, 27.00000000000000000 ) ) ;
#795 = ORIENTED_EDGE ( 'NONE', *, *, #3862, .T. ) ;
#796 = ORIENTED_EDGE ( 'NONE', *, *, #3211, .F. ) ;
#797 = DIRECTION ( 'NONE',  ( 0.000000000000000000, 0.000000000000000000, 1.000000000000000000 ) ) ;
#798 = DIRECTION ( 'NONE',  ( -0.5734623443633282136, 0.000000000000000000, -0.8192319205190404796 ) ) ;
#799 = CARTESIAN_POINT ( 'NONE',  ( 20.50000000000000000, 0.000000000000000000, 8.142135623730929694 ) ) ;
#800 = ORIENTED_EDGE ( 'NONE', *, *, #3556, .T. ) ;
#801 = VECTOR ( 'NONE', #2592, 1000.000000000000000 ) ;
#802 = VERTEX_POINT ( 'NONE', #1351 ) ;
#803 = PRODUCT ( '\X2\624b815563d295004ef6\X0\-v23', '\X2\624b815563d295004ef6\X0\-v23', '', ( #3970 ) ) ;
#804 = CARTESIAN_POINT ( 'NONE',  ( -17.00000000000000000, -4.250000000000000000, 33.00000000000000000 ) ) ;
#805 = CARTESIAN_POINT ( 'NONE',  ( 1.659999999999999920, -13.75000000000000000, 15.00000000000000000 ) ) ;
#806 = ORIENTED_EDGE ( 'NONE', *, *, #3922, .T. ) ;
#807 = CARTESIAN_POINT ( 'NONE',  ( 11.95000000000000107, 0.7500000000000000000, 24.78130461211378588 ) ) ;
#808 = EDGE_LOOP ( 'NONE', ( #1675, #1298, #3182, #3517 ) ) ;
#809 = CARTESIAN_POINT ( 'NONE',  ( 6.604487272054069713, -13.39999999999999147, 0.2999999999999999889 ) ) ;
#810 = SURFACE_STYLE_FILL_AREA ( #3456 ) ;
#811 = DIRECTION ( 'NONE',  ( 1.000000000000000000, 0.000000000000000000, 0.000000000000000000 ) ) ;
#812 = EDGE_CURVE ( 'NONE', #3582, #3871, #2358, .T. ) ;
#813 = DIRECTION ( 'NONE',  ( 0.000000000000000000, 0.000000000000000000, -1.000000000000000000 ) ) ;
#814 = DIRECTION ( 'NONE',  ( 1.334402673828311860E-16, 1.000000000000000000, 0.000000000000000000 ) ) ;
#815 = EDGE_LOOP ( 'NONE', ( #1046, #702, #822, #766 ) ) ;
#816 = VERTEX_POINT ( 'NONE', #704 ) ;
#817 = AXIS2_PLACEMENT_3D ( 'NONE', #2586, #3528, #4155 ) ;
#818 = EDGE_CURVE ( 'NONE', #3018, #1921, #3005, .T. ) ;
#819 = CARTESIAN_POINT ( 'NONE',  ( 6.208387876660290239, 3.819331721568715476, 0.000000000000000000 ) ) ;
#820 = FACE_OUTER_BOUND ( 'NONE', #2869, .T. ) ;
#821 = DIRECTION ( 'NONE',  ( 0.000000000000000000, -1.000000000000000000, 0.000000000000000000 ) ) ;
#822 = ORIENTED_EDGE ( 'NONE', *, *, #4241, .T. ) ;
#823 = AXIS2_PLACEMENT_3D ( 'NONE', #2692, #4099, #2154 ) ;
#824 = VERTEX_POINT ( 'NONE', #2668 ) ;
#825 = VECTOR ( 'NONE', #3786, 1000.000000000000000 ) ;
#826 = CARTESIAN_POINT ( 'NONE',  ( 0.000000000000000000, -13.75000000000000000, 14.50000000000000000 ) ) ;
#827 = CARTESIAN_POINT ( 'NONE',  ( 11.50000000000000000, -2.250000000000000000, 5.000000000000000000 ) ) ;
#828 = VERTEX_POINT ( 'NONE', #2293 ) ;
#829 = ORIENTED_EDGE ( 'NONE', *, *, #1098, .T. ) ;
#830 = AXIS2_PLACEMENT_3D ( 'NONE', #231, #1862, #3137 ) ;
#831 = CARTESIAN_POINT ( 'NONE',  ( -11.95000000000000107, 0.7500000000000000000, 33.00000000000000000 ) ) ;
#832 = CARTESIAN_POINT ( 'NONE',  ( -6.736985677161058561, -5.765980388394599032, -0.1822022833977642586 ) ) ;
#833 = PLANE ( 'NONE',  #3189 ) ;
#834 = CARTESIAN_POINT ( 'NONE',  ( 6.440804985062399979E-17, 0.7500000000000000000, 33.00000000000000000 ) ) ;
#835 = VERTEX_POINT ( 'NONE', #2054 ) ;
#836 = ADVANCED_FACE ( 'NONE', ( #1644 ), #3996, .F. ) ;
#837 = CARTESIAN_POINT ( 'NONE',  ( -10.50000000000000000, 18.50000000000000000, 8.142135623730919036 ) ) ;
#838 = CARTESIAN_POINT ( 'NONE',  ( 11.95000000000000107, 0.7500000000000000000, 24.78130461211378588 ) ) ;
#839 = PLANE ( 'NONE',  #1306 ) ;
#840 = FACE_OUTER_BOUND ( 'NONE', #1886, .T. ) ;
#841 = ORIENTED_EDGE ( 'NONE', *, *, #2830, .F. ) ;
#842 = EDGE_CURVE ( 'NONE', #3917, #3687, #2575, .T. ) ;
#843 = VERTEX_POINT ( 'NONE', #725 ) ;
#844 =( BOUNDED_CURVE ( )  B_SPLINE_CURVE ( 3, ( #3463, #514, #1826, #3144 ),
 .UNSPECIFIED., .F., .T. ) 
 B_SPLINE_CURVE_WITH_KNOTS ( ( 4, 4 ),
 ( 4.087983070410304620, 4.851296801330325259 ),
 .UNSPECIFIED. ) 
 CURVE ( )  GEOMETRIC_REPRESENTATION_ITEM ( )  RATIONAL_B_SPLINE_CURVE ( ( 1.000000000000000000, 0.9520325305715081621, 0.9520325305715081621, 1.000000000000000000 ) ) 
 REPRESENTATION_ITEM ( '' )  );
#845 = CARTESIAN_POINT ( 'NONE',  ( 5.859999999999999432, -13.89999999999999858, 6.000000000000000000 ) ) ;
#846 = CARTESIAN_POINT ( 'NONE',  ( -7.321564347915050064, 1.449999999999999956, 30.00000000000000000 ) ) ;
#847 = ORIENTED_EDGE ( 'NONE', *, *, #665, .T. ) ;
#848 = ORIENTED_EDGE ( 'NONE', *, *, #1129, .F. ) ;
#849 = DIRECTION ( 'NONE',  ( 1.000000000000000000, 0.000000000000000000, 0.000000000000000000 ) ) ;
#850 =( LENGTH_UNIT ( ) NAMED_UNIT ( * ) SI_UNIT ( .MILLI., .METRE. ) );
#851 = CIRCLE ( 'NONE', #4081, 10.00000000000000000 ) ;
#852 = AXIS2_PLACEMENT_3D ( 'NONE', #2339, #1493, #439 ) ;
#853 = CARTESIAN_POINT ( 'NONE',  ( -11.50000000000000000, -2.250000000000000000, 28.00000000000000000 ) ) ;
#854 = CARTESIAN_POINT ( 'NONE',  ( -11.50000000000000000, -4.250000000000000000, 28.00000000000000000 ) ) ;
#855 = ORIENTED_EDGE ( 'NONE', *, *, #3944, .T. ) ;
#856 = CIRCLE ( 'NONE', #2367, 0.2999999999999999334 ) ;
#857 = LINE ( 'NONE', #1522, #3122 ) ;
#858 = AXIS2_PLACEMENT_3D ( 'NONE', #2183, #3585, #593 ) ;
#859 = EDGE_CURVE ( 'NONE', #4049, #2411, #1993, .T. ) ;
#860 = CARTESIAN_POINT ( 'NONE',  ( 6.975074739447889804, 5.080693091538728723, -0.03582275640782171117 ) ) ;
#861 = DIRECTION ( 'NONE',  ( 7.885106708985490266E-17, 1.000000000000000000, 0.000000000000000000 ) ) ;
#862 = CARTESIAN_POINT ( 'NONE',  ( 3.289756829919200154, 18.50000000000000000, 10.00000000000000000 ) ) ;
#863 = ORIENTED_EDGE ( 'NONE', *, *, #2020, .T. ) ;
#864 = ORIENTED_EDGE ( 'NONE', *, *, #1490, .F. ) ;
#865 = CIRCLE ( 'NONE', #1963, 3.750000000000000000 ) ;
#866 = EDGE_CURVE ( 'NONE', #455, #634, #2085, .T. ) ;
#867 = CARTESIAN_POINT ( 'NONE',  ( 0.000000000000000000, -10.90000000000000036, -0.8000000000000000444 ) ) ;
#868 = CIRCLE ( 'NONE', #1074, 3.249999999999999556 ) ;
#869 = LINE ( 'NONE', #2264, #3140 ) ;
#870 = ORIENTED_EDGE ( 'NONE', *, *, #3501, .T. ) ;
#871 = CARTESIAN_POINT ( 'NONE',  ( 2.160000000000000142, -13.75000000000000000, 14.50000000000000000 ) ) ;
#872 = ORIENTED_EDGE ( 'NONE', *, *, #2361, .F. ) ;
#873 = AXIS2_PLACEMENT_3D ( 'NONE', #2244, #3253, #1938 ) ;
#874 = EDGE_CURVE ( 'NONE', #634, #1991, #3026, .T. ) ;
#875 = LINE ( 'NONE', #1198, #1683 ) ;
#876 = CARTESIAN_POINT ( 'NONE',  ( -6.639787463626078079, -6.023901139208162725, -0.1994069479939183376 ) ) ;
#877 = CARTESIAN_POINT ( 'NONE',  ( 0.000000000000000000, -18.50000000000000000, 0.000000000000000000 ) ) ;
#878 = CARTESIAN_POINT ( 'NONE',  ( 8.250000000000000000, 12.75000000000000000, 28.00000000000000000 ) ) ;
#879 = ORIENTED_EDGE ( 'NONE', *, *, #2554, .F. ) ;
#880 = LINE ( 'NONE', #3506, #2913 ) ;
#881 = LINE ( 'NONE', #2517, #3094 ) ;
#882 = DIRECTION ( 'NONE',  ( 0.000000000000000000, -1.000000000000000000, 0.000000000000000000 ) ) ;
#883 = ORIENTED_EDGE ( 'NONE', *, *, #446, .F. ) ;
#884 = ORIENTED_EDGE ( 'NONE', *, *, #2729, .T. ) ;
#885 = ADVANCED_FACE ( 'NONE', ( #3696 ), #4019, .T. ) ;
#886 = AXIS2_PLACEMENT_3D ( 'NONE', #1587, #3830, #4219 ) ;
#887 = LINE ( 'NONE', #3512, #2721 ) ;
#888 = CIRCLE ( 'NONE', #1029, 4.999999999999999112 ) ;
#889 = CARTESIAN_POINT ( 'NONE',  ( 6.604487272054069713, -13.89999999999999858, 0.2999999999999999889 ) ) ;
#890 = VERTEX_POINT ( 'NONE', #20 ) ;
#891 = CARTESIAN_POINT ( 'NONE',  ( -7.852348993288590151, 5.500000000000000000, 5.496644295302020033 ) ) ;
#892 = VERTEX_POINT ( 'NONE', #2706 ) ;
#893 = ADVANCED_FACE ( 'NONE', ( #357 ), #1973, .T. ) ;
#894 = AXIS2_PLACEMENT_3D ( 'NONE', #1566, #601, #3270 ) ;
#895 = CARTESIAN_POINT ( 'NONE',  ( 3.289756829919200154, 18.50000000000000000, 6.000000000000000000 ) ) ;
#896 = DIRECTION ( 'NONE',  ( 0.000000000000000000, 0.000000000000000000, 1.000000000000000000 ) ) ;
#897 =( NAMED_UNIT ( * ) PLANE_ANGLE_UNIT ( ) SI_UNIT ( $, .RADIAN. ) );
#898 = ADVANCED_FACE ( 'NONE', ( #2318 ), #42, .F. ) ;
#899 = DIRECTION ( 'NONE',  ( 0.000000000000000000, -1.000000000000000000, 0.000000000000000000 ) ) ;
#900 = DIRECTION ( 'NONE',  ( 0.000000000000000000, 0.000000000000000000, -1.000000000000000000 ) ) ;
#901 = ORIENTED_EDGE ( 'NONE', *, *, #611, .F. ) ;
#902 = DIRECTION ( 'NONE',  ( 0.000000000000000000, 1.000000000000000000, 0.000000000000000000 ) ) ;
#903 = CARTESIAN_POINT ( 'NONE',  ( 12.00000000000000000, 0.7500000000000000000, 33.00000000000000000 ) ) ;
#904 = LINE ( 'NONE', #2299, #2198 ) ;
#905 = DIRECTION ( 'NONE',  ( 1.000000000000000000, -7.885106708985490266E-17, 0.000000000000000000 ) ) ;
#906 = ORIENTED_EDGE ( 'NONE', *, *, #2169, .T. ) ;
#907 = ORIENTED_EDGE ( 'NONE', *, *, #2412, .F. ) ;
#908 = CARTESIAN_POINT ( 'NONE',  ( 13.42893218813449963, 5.500000000000000000, 1.071067811865487940 ) ) ;
#909 = ADVANCED_FACE ( 'NONE', ( #1089 ), #3743, .T. ) ;
#910 = DIRECTION ( 'NONE',  ( 1.000000000000000000, 0.000000000000000000, 0.000000000000000000 ) ) ;
#911 = VERTEX_POINT ( 'NONE', #1816 ) ;
#912 = CARTESIAN_POINT ( 'NONE',  ( -11.50000000000000000, -2.250000000000000000, 5.000000000000000000 ) ) ;
#913 = ORIENTED_EDGE ( 'NONE', *, *, #1202, .T. ) ;
#914 = CARTESIAN_POINT ( 'NONE',  ( 5.859999999999999432, 17.30000000000000071, 3.000000000000000000 ) ) ;
#915 = ADVANCED_FACE ( 'NONE', ( #3717 ), #3757, .F. ) ;
#916 = CARTESIAN_POINT ( 'NONE',  ( 7.104431564141696853, -4.666588921334699158, 0.3388696350161320980 ) ) ;
#917 = DIRECTION ( 'NONE',  ( 0.000000000000000000, 0.000000000000000000, 1.000000000000000000 ) ) ;
#918 = LINE ( 'NONE', #4234, #4085 ) ;
#919 = ADVANCED_FACE ( 'NONE', ( #2808 ), #998, .T. ) ;
#920 = DIRECTION ( 'NONE',  ( 0.000000000000000000, 0.000000000000000000, 1.000000000000000000 ) ) ;
#921 = ORIENTED_EDGE ( 'NONE', *, *, #3501, .F. ) ;
#922 = AXIS2_PLACEMENT_3D ( 'NONE', #729, #2966, #2709 ) ;
#923 = CARTESIAN_POINT ( 'NONE',  ( 10.73213150326320076, -4.456093859144894864, 6.000000000000000000 ) ) ;
#924 = EDGE_CURVE ( 'NONE', #1461, #256, #1502, .T. ) ;
#925 = VECTOR ( 'NONE', #1518, 1000.000000000000000 ) ;
#926 = DIRECTION ( 'NONE',  ( 0.4336462817275460457, 0.000000000000000000, 0.9010831828104849395 ) ) ;
#927 = ORIENTED_EDGE ( 'NONE', *, *, #1024, .F. ) ;
#928 = ORIENTED_EDGE ( 'NONE', *, *, #4235, .F. ) ;
#929 = AXIS2_PLACEMENT_3D ( 'NONE', #292, #1241, #1259 ) ;
#930 = DIRECTION ( 'NONE',  ( 0.000000000000000000, 0.000000000000000000, -1.000000000000000000 ) ) ;
#931 = CARTESIAN_POINT ( 'NONE',  ( 11.50000000000000000, 0.7500000000000000000, 5.000000000000000000 ) ) ;
#932 = EDGE_LOOP ( 'NONE', ( #4011, #3770, #2804 ) ) ;
#933 = AXIS2_PLACEMENT_3D ( 'NONE', #1846, #3288, #338 ) ;
#934 = DIRECTION ( 'NONE',  ( 0.000000000000000000, 0.000000000000000000, 1.000000000000000000 ) ) ;
#935 = ORIENTED_EDGE ( 'NONE', *, *, #3337, .T. ) ;
#936 = CIRCLE ( 'NONE', #3345, 1.118033988749895347 ) ;
#937 = CARTESIAN_POINT ( 'NONE',  ( 10.28771024652967014, 3.225750696657939010, 1.867689350915210378 ) ) ;
#938 = CARTESIAN_POINT ( 'NONE',  ( 7.086145158008721801, -4.694317367084805959, 0.4350334208817994708 ) ) ;
#939 = VECTOR ( 'NONE', #1591, 1000.000000000000000 ) ;
#940 = ADVANCED_FACE ( 'NONE', ( #2439 ), #2158, .F. ) ;
#941 = CARTESIAN_POINT ( 'NONE',  ( 6.604487272054059943, 18.50000000000000000, -0.2000000000000000111 ) ) ;
#942 = CARTESIAN_POINT ( 'NONE',  ( 7.066623021759383505, 4.791442999637880895, 0.1090406419499425072 ) ) ;
#943 = CARTESIAN_POINT ( 'NONE',  ( 6.779627385326173261, -5.649935187041867479, -0.1685620012451117811 ) ) ;
#944 = ORIENTED_EDGE ( 'NONE', *, *, #3337, .F. ) ;
#945 = ADVANCED_FACE ( 'NONE', ( #1837 ), #1135, .T. ) ;
#946 = DIRECTION ( 'NONE',  ( 0.000000000000000000, 0.000000000000000000, -1.000000000000000000 ) ) ;
#947 = CARTESIAN_POINT ( 'NONE',  ( -12.00000000000000000, -4.250000000000000000, 33.00000000000000000 ) ) ;
#948 = DIRECTION ( 'NONE',  ( 0.000000000000000000, 1.000000000000000000, 0.000000000000000000 ) ) ;
#949 = ORIENTED_EDGE ( 'NONE', *, *, #756, .T. ) ;
#950 = VERTEX_POINT ( 'NONE', #529 ) ;
#951 = EDGE_CURVE ( 'NONE', #890, #2245, #3433, .T. ) ;
#952 = CARTESIAN_POINT ( 'NONE',  ( 13.50000000000000000, 5.500000000000000000, 0.9999999999999701350 ) ) ;
#953 = DIRECTION ( 'NONE',  ( -1.000000000000000000, -1.000802005371235004E-16, 0.000000000000000000 ) ) ;
#954 = ORIENTED_EDGE ( 'NONE', *, *, #1836, .T. ) ;
#955 = DIRECTION ( 'NONE',  ( -7.885106708985490266E-17, -1.000000000000000000, 0.000000000000000000 ) ) ;
#956 = AXIS2_PLACEMENT_3D ( 'NONE', #2281, #2629, #1979 ) ;
#957 = ORIENTED_EDGE ( 'NONE', *, *, #1731, .T. ) ;
#958 =( GEOMETRIC_REPRESENTATION_CONTEXT ( 3 ) GLOBAL_UNCERTAINTY_ASSIGNED_CONTEXT ( ( #447 ) ) GLOBAL_UNIT_ASSIGNED_CONTEXT ( ( #502, #2180, #1491 ) ) REPRESENTATION_CONTEXT ( 'NONE', 'WORKASPACE' ) );
#959 = FACE_OUTER_BOUND ( 'NONE', #3003, .T. ) ;
#960 = CARTESIAN_POINT ( 'NONE',  ( 7.062742580204146137, -4.729467042981837288, 0.5007946385368333697 ) ) ;
#961 = ORIENTED_EDGE ( 'NONE', *, *, #1056, .T. ) ;
#962 = VECTOR ( 'NONE', #798, 1000.000000000000114 ) ;
#963 = CARTESIAN_POINT ( 'NONE',  ( 7.291612123339699991, 1.580668278431285101, 0.000000000000000000 ) ) ;
#964 = MECHANICAL_DESIGN_GEOMETRIC_PRESENTATION_REPRESENTATION (  '', ( #4126 ), #3990 ) ;
#965 = CARTESIAN_POINT ( 'NONE',  ( 7.053657039314454202, 4.833473066292635956, 0.08016904802916427486 ) ) ;
#966 = EDGE_CURVE ( 'NONE', #3467, #1484, #1154, .T. ) ;
#967 = CARTESIAN_POINT ( 'NONE',  ( -11.50000000000000000, 4.250000000000000000, 5.000000000000000000 ) ) ;
#968 = DIRECTION ( 'NONE',  ( -1.000000000000000000, 0.000000000000000000, 0.000000000000000000 ) ) ;
#969 = DIRECTION ( 'NONE',  ( 0.000000000000000000, -1.000000000000000000, 0.000000000000000000 ) ) ;
#970 = EDGE_CURVE ( 'NONE', #3650, #290, #2745, .T. ) ;
#971 = FACE_OUTER_BOUND ( 'NONE', #4084, .T. ) ;
#972 = ORIENTED_EDGE ( 'NONE', *, *, #1232, .T. ) ;
#973 = ORIENTED_EDGE ( 'NONE', *, *, #2488, .T. ) ;
#974 = CARTESIAN_POINT ( 'NONE',  ( -2.160000000000000142, -13.75000000000000000, 14.50000000000000000 ) ) ;
#975 = EDGE_CURVE ( 'NONE', #1422, #703, #2073, .T. ) ;
#976 = DIRECTION ( 'NONE',  ( 1.000802005371233895E-16, -1.000000000000000000, 0.000000000000000000 ) ) ;
#977 = ORIENTED_EDGE ( 'NONE', *, *, #125, .F. ) ;
#978 = LINE ( 'NONE', #226, #1436 ) ;
#979 = ORIENTED_EDGE ( 'NONE', *, *, #604, .F. ) ;
#980 = DIRECTION ( 'NONE',  ( -0.000000000000000000, 1.000000000000000000, -0.000000000000000000 ) ) ;
#981 = CARTESIAN_POINT ( 'NONE',  ( -7.060006845243133711, -4.812946148630385501, 0.09347666230432896683 ) ) ;
#982 = ORIENTED_EDGE ( 'NONE', *, *, #22, .T. ) ;
#983 = SHAPE_REPRESENTATION ( 'wuji glove\X2\63d295004ef6\X0\-v2', ( #830 ), #3438 ) ;
#984 = DIRECTION ( 'NONE',  ( 0.000000000000000000, 0.000000000000000000, -1.000000000000000000 ) ) ;
#985 = CARTESIAN_POINT ( 'NONE',  ( 7.094175170151743259, 4.701394586434037848, 0.1818820008047370984 ) ) ;
#986 = CARTESIAN_POINT ( 'NONE',  ( 6.924897772127908802, -5.232603017878506790, -0.08386797657702535491 ) ) ;
#987 = DIRECTION ( 'NONE',  ( -0.000000000000000000, 1.000000000000000000, 0.000000000000000000 ) ) ;
#988 = DIRECTION ( 'NONE',  ( 0.000000000000000000, -1.000000000000000000, 0.000000000000000000 ) ) ;
#989 = CARTESIAN_POINT ( 'NONE',  ( 11.50000000000000000, -4.250000000000000000, 28.00000000000000000 ) ) ;
#990 = ORIENTED_EDGE ( 'NONE', *, *, #3387, .F. ) ;
#991 = CIRCLE ( 'NONE', #3392, 0.5000000000000000000 ) ;
#992 = ORIENTED_EDGE ( 'NONE', *, *, #53, .F. ) ;
#993 = AXIS2_PLACEMENT_3D ( 'NONE', #3439, #487, #1840 ) ;
#994 = LINE ( 'NONE', #672, #1614 ) ;
#995 = VERTEX_POINT ( 'NONE', #189 ) ;
#996 = DIRECTION ( 'NONE',  ( -1.000000000000000000, 0.000000000000000000, 0.000000000000000000 ) ) ;
#997 = ORIENTED_EDGE ( 'NONE', *, *, #2599, .T. ) ;
#998 = CONICAL_SURFACE ( 'NONE', #653, 0.5000000000000073275, 0.7853981633974482790 ) ;
#999 = EDGE_CURVE ( 'NONE', #1153, #3582, #2136, .T. ) ;
#1000 = CARTESIAN_POINT ( 'NONE',  ( -14.75000000000000000, -2.250000000000000000, 28.00000000000000000 ) ) ;
#1001 = AXIS2_PLACEMENT_3D ( 'NONE', #3399, #3362, #797 ) ;
#1002 = CARTESIAN_POINT ( 'NONE',  ( 11.50000000000000000, 4.250000000000000000, 5.000000000000000000 ) ) ;
#1003 = EDGE_LOOP ( 'NONE', ( #694, #4248, #2189 ) ) ;
#1004 = VECTOR ( 'NONE', #1646, 1000.000000000000000 ) ;
#1005 = CARTESIAN_POINT ( 'NONE',  ( -9.599999999999999645, 4.250000000000000000, 7.636759374687045465 ) ) ;
#1006 = DIRECTION ( 'NONE',  ( 0.4355609281042803760, -0.9001592514155136726, 0.000000000000000000 ) ) ;
#1007 = AXIS2_PLACEMENT_3D ( 'NONE', #4247, #3277, #368 ) ;
#1008 = DIRECTION ( 'NONE',  ( 0.000000000000000000, 1.000000000000000000, 0.000000000000000000 ) ) ;
#1009 = VECTOR ( 'NONE', #3055, 1000.000000000000000 ) ;
#1010 = LINE ( 'NONE', #3638, #783 ) ;
#1011 = DIRECTION ( 'NONE',  ( 0.000000000000000000, 0.000000000000000000, 1.000000000000000000 ) ) ;
#1012 = DIRECTION ( 'NONE',  ( -1.000000000000000000, 0.000000000000000000, 0.000000000000000000 ) ) ;
#1013 = ORIENTED_EDGE ( 'NONE', *, *, #3074, .T. ) ;
#1014 = ORIENTED_EDGE ( 'NONE', *, *, #4123, .F. ) ;
#1015 = LINE ( 'NONE', #3297, #728 ) ;
#1016 = CARTESIAN_POINT ( 'NONE',  ( 5.859999999999999432, -6.157142194232649857, 3.000000000000000000 ) ) ;
#1017 = VERTEX_POINT ( 'NONE', #209 ) ;
#1018 = ADVANCED_FACE ( 'NONE', ( #4059 ), #1110, .F. ) ;
#1019 = DIRECTION ( 'NONE',  ( 1.000000000000000000, 0.000000000000000000, 0.000000000000000000 ) ) ;
#1020 = EDGE_LOOP ( 'NONE', ( #3515, #1738, #1255, #1415 ) ) ;
#1021 = DIRECTION ( 'NONE',  ( -0.6980844347081633927, -0.6980844347081633927, -0.1592364406672292509 ) ) ;
#1022 = CARTESIAN_POINT ( 'NONE',  ( -7.055028863459309463, -13.39999999999999147, 0.5168231408637700142 ) ) ;
#1023 = ITEM_DEFINED_TRANSFORMATION ( 'NONE', 'NONE', #2749,  #830 ) ;
#1024 = EDGE_CURVE ( 'NONE', #1252, #4114, #3539, .T. ) ;
#1025 = ORIENTED_EDGE ( 'NONE', *, *, #3227, .T. ) ;
#1026 = CIRCLE ( 'NONE', #1429, 9.999999999999998224 ) ;
#1027 = DIRECTION ( 'NONE',  ( -1.817000896066415217E-46, -1.000000000000000000, -6.808293072635870030E-32 ) ) ;
#1028 = CARTESIAN_POINT ( 'NONE',  ( 11.50000000000000000, -7.750000000000000000, 5.000000000000000000 ) ) ;
#1029 = AXIS2_PLACEMENT_3D ( 'NONE', #2794, #4109, #4023 ) ;
#1030 = EDGE_CURVE ( 'NONE', #2103, #4156, #1427, .T. ) ;
#1031 = CARTESIAN_POINT ( 'NONE',  ( 6.898942675113071132, -5.309524128794392617, -0.1041013372442387563 ) ) ;
#1032 = AXIS2_PLACEMENT_3D ( 'NONE', #3445, #493, #1805 ) ;
#1033 = CARTESIAN_POINT ( 'NONE',  ( 13.50000000000000000, -5.500000000000000000, 0.9999999999999701350 ) ) ;
#1034 = CARTESIAN_POINT ( 'NONE',  ( 5.859999999999999432, -13.39999999999999147, 3.000000000000000000 ) ) ;
#1035 = CARTESIAN_POINT ( 'NONE',  ( 17.00000000000000000, 0.7500000000000000000, 28.00000000000000000 ) ) ;
#1036 = VERTEX_POINT ( 'NONE', #2093 ) ;
#1037 = ORIENTED_EDGE ( 'NONE', *, *, #1557, .F. ) ;
#1038 = CARTESIAN_POINT ( 'NONE',  ( -6.768878767661472118, 5.679521859559196528, -0.1723484945826716519 ) ) ;
#1039 = DIRECTION ( 'NONE',  ( 0.000000000000000000, 1.000000000000000000, 0.000000000000000000 ) ) ;
#1040 = EDGE_LOOP ( 'NONE', ( #4008, #1456, #1688, #1055, #2519, #3733 ) ) ;
#1041 = LINE ( 'NONE', #3649, #2196 ) ;
#1042 = ORIENTED_EDGE ( 'NONE', *, *, #3666, .F. ) ;
#1043 = CARTESIAN_POINT ( 'NONE',  ( -17.00000000000000000, 0.7500000000000000000, 28.00000000000000000 ) ) ;
#1044 = DIRECTION ( 'NONE',  ( 0.000000000000000000, -0.7071067811865474617, 0.7071067811865474617 ) ) ;
#1045 = ORIENTED_EDGE ( 'NONE', *, *, #1864, .F. ) ;
#1046 = ORIENTED_EDGE ( 'NONE', *, *, #210, .F. ) ;
#1047 = ADVANCED_FACE ( 'NONE', ( #462 ), #1772, .F. ) ;
#1048 = DIRECTION ( 'NONE',  ( 1.000000000000000000, 0.000000000000000000, 0.000000000000000000 ) ) ;
#1049 = FACE_OUTER_BOUND ( 'NONE', #303, .T. ) ;
#1050 = LINE ( 'NONE', #1512, #616 ) ;
#1051 = EDGE_CURVE ( 'NONE', #911, #3078, #2939, .T. ) ;
#1052 = FACE_OUTER_BOUND ( 'NONE', #3347, .T. ) ;
#1053 = CARTESIAN_POINT ( 'NONE',  ( 5.859999999999999432, -13.89999999999999858, 3.000000000000000000 ) ) ;
#1054 = ORIENTED_EDGE ( 'NONE', *, *, #4203, .F. ) ;
#1055 = ORIENTED_EDGE ( 'NONE', *, *, #1155, .T. ) ;
#1056 = EDGE_CURVE ( 'NONE', #4076, #3994, #2205, .T. ) ;
#1057 = DIRECTION ( 'NONE',  ( 0.5574341878840192166, 0.8302211308910921739, 0.000000000000000000 ) ) ;
#1058 = B_SPLINE_CURVE_WITH_KNOTS ( 'NONE', 3,
 ( #3903, #960, #4169, #3861, #938, #4252, #916, #2895 ),
 .UNSPECIFIED., .F., .F.,
 ( 4, 2, 2, 4 ),
 ( 0.000000000000000000, 0.2500000000000008882, 0.5000000000000017764, 1.000000000000000000 ),
 .UNSPECIFIED. ) ;
#1059 = CARTESIAN_POINT ( 'NONE',  ( -11.50000000000000000, 4.250000000000000000, 28.00000000000000000 ) ) ;
#1060 = ORIENTED_EDGE ( 'NONE', *, *, #1256, .T. ) ;
#1061 = VERTEX_POINT ( 'NONE', #1220 ) ;
#1062 = LINE ( 'NONE', #1968, #1954 ) ;
#1063 = LINE ( 'NONE', #1661, #1756 ) ;
#1064 = ORIENTED_EDGE ( 'NONE', *, *, #3633, .F. ) ;
#1065 = AXIS2_PLACEMENT_3D ( 'NONE', #1495, #1136, #148 ) ;
#1066 = ORIENTED_EDGE ( 'NONE', *, *, #1648, .T. ) ;
#1067 = CIRCLE ( 'NONE', #3473, 3.249999999999999556 ) ;
#1068 = DIRECTION ( 'NONE',  ( 0.000000000000000000, -1.000000000000000000, 0.000000000000000000 ) ) ;
#1069 = CARTESIAN_POINT ( 'NONE',  ( 0.000000000000000000, -13.75000000000000000, 10.00000000000000000 ) ) ;
#1070 = DIRECTION ( 'NONE',  ( 0.000000000000000000, 0.000000000000000000, 1.000000000000000000 ) ) ;
#1071 = CONICAL_SURFACE ( 'NONE', #3883, 2.160000000000000142, 0.7853981633974476129 ) ;
#1072 = ADVANCED_FACE ( 'NONE', ( #4144 ), #2911, .T. ) ;
#1073 = CARTESIAN_POINT ( 'NONE',  ( 0.000000000000000000, 5.500000000000000000, 0.000000000000000000 ) ) ;
#1074 = AXIS2_PLACEMENT_3D ( 'NONE', #2787, #2095, #3114 ) ;
#1075 = LINE ( 'NONE', #878, #2744 ) ;
#1076 = ORIENTED_EDGE ( 'NONE', *, *, #499, .T. ) ;
#1077 = EDGE_CURVE ( 'NONE', #2457, #4208, #2828, .T. ) ;
#1078 = ORIENTED_EDGE ( 'NONE', *, *, #2814, .F. ) ;
#1079 = AXIS2_PLACEMENT_3D ( 'NONE', #1574, #3533, #2178 ) ;
#1080 = DIRECTION ( 'NONE',  ( 0.000000000000000000, 0.000000000000000000, 1.000000000000000000 ) ) ;
#1081 = PLANE ( 'NONE',  #610 ) ;
#1082 = VERTEX_POINT ( 'NONE', #3259 ) ;
#1083 = EDGE_CURVE ( 'NONE', #3065, #2103, #444, .T. ) ;
#1084 = ORIENTED_EDGE ( 'NONE', *, *, #104, .F. ) ;
#1085 = CARTESIAN_POINT ( 'NONE',  ( 11.95000000000000107, 0.7500000000000000000, 33.00000000000000000 ) ) ;
#1086 = CARTESIAN_POINT ( 'NONE',  ( -11.50000000000000000, -2.250000000000000000, 5.000000000000000000 ) ) ;
#1087 = ORIENTED_EDGE ( 'NONE', *, *, #3633, .T. ) ;
#1088 = EDGE_LOOP ( 'NONE', ( #2847, #1770, #901, #2005 ) ) ;
#1089 = FACE_OUTER_BOUND ( 'NONE', #1003, .T. ) ;
#1090 = CARTESIAN_POINT ( 'NONE',  ( 11.50000000000000000, -7.750000000000000000, 28.00000000000000000 ) ) ;
#1091 = AXIS2_PLACEMENT_3D ( 'NONE', #1375, #3574, #1629 ) ;
#1092 = DIRECTION ( 'NONE',  ( 1.849521353063509899E-16, 0.000000000000000000, -1.000000000000000000 ) ) ;
#1093 = AXIS2_PLACEMENT_3D ( 'NONE', #2404, #771, #1718 ) ;
#1094 = CARTESIAN_POINT ( 'NONE',  ( -13.50000000000000000, -18.50000000000000000, 0.9999999999999701350 ) ) ;
#1095 = VERTEX_POINT ( 'NONE', #3860 ) ;
#1096 = ORIENTED_EDGE ( 'NONE', *, *, #3862, .F. ) ;
#1097 = VECTOR ( 'NONE', #2451, 1000.000000000000000 ) ;
#1098 = EDGE_CURVE ( 'NONE', #2579, #2634, #875, .T. ) ;
#1099 = DIRECTION ( 'NONE',  ( -0.7071067811865441310, 0.000000000000000000, 0.7071067811865510144 ) ) ;
#1100 = CIRCLE ( 'NONE', #4197, 1.749999999999999778 ) ;
#1101 = DIRECTION ( 'NONE',  ( 0.7071067811865441310, 0.000000000000000000, 0.7071067811865510144 ) ) ;
#1102 = EDGE_LOOP ( 'NONE', ( #1941, #608, #539, #2424, #3958, #621, #138, #3536, #1301, #2763, #1236, #913, #716, #1704, #1771, #3294, #413, #4253, #1486, #3811 ) ) ;
#1103 = VERTEX_POINT ( 'NONE', #2529 ) ;
#1104 = ADVANCED_FACE ( 'NONE', ( #959 ), #2569, .F. ) ;
#1105 = CARTESIAN_POINT ( 'NONE',  ( 5.859999999999999432, -13.89999999999999858, 3.000000000000000000 ) ) ;
#1106 = PLANE ( 'NONE',  #3548 ) ;
#1107 = ORIENTED_EDGE ( 'NONE', *, *, #2048, .F. ) ;
#1108 = ORIENTED_EDGE ( 'NONE', *, *, #599, .F. ) ;
#1109 = ADVANCED_FACE ( 'NONE', ( #4189 ), #2552, .F. ) ;
#1110 = CYLINDRICAL_SURFACE ( 'NONE', #1887, 10.00000000000000000 ) ;
#1111 = CARTESIAN_POINT ( 'NONE',  ( -6.857338439689593557, -5.430242511660424043, -0.1314032121052093049 ) ) ;
#1112 = CARTESIAN_POINT ( 'NONE',  ( 11.50000000000000000, -2.250000000000000000, 28.00000000000000000 ) ) ;
#1113 = CARTESIAN_POINT ( 'NONE',  ( 8.250000000000000000, 4.250000000000000000, 28.00000000000000000 ) ) ;
#1114 = FACE_OUTER_BOUND ( 'NONE', #3118, .T. ) ;
#1115 = ORIENTED_EDGE ( 'NONE', *, *, #420, .T. ) ;
#1116 = DIRECTION ( 'NONE',  ( -1.000000000000000000, -8.673617379884035472E-17, 0.000000000000000000 ) ) ;
#1117 =( BOUNDED_CURVE ( )  B_SPLINE_CURVE ( 3, ( #282, #241, #2172, #1848 ),
 .UNSPECIFIED., .F., .T. ) 
 B_SPLINE_CURVE_WITH_KNOTS ( ( 4, 4 ),
 ( 0.5916825543316029945, 0.8101196532444570053 ),
 .UNSPECIFIED. ) 
 CURVE ( )  GEOMETRIC_REPRESENTATION_ITEM ( )  RATIONAL_B_SPLINE_CURVE ( ( 1.000000000000000000, 0.9960277205158439839, 0.9960277205158439839, 1.000000000000000000 ) ) 
 REPRESENTATION_ITEM ( '' )  );
#1118 = DIRECTION ( 'NONE',  ( 0.000000000000000000, 0.000000000000000000, -1.000000000000000000 ) ) ;
#1119 = CARTESIAN_POINT ( 'NONE',  ( -8.250000000000000000, 4.250000000000000000, 5.000000000000000000 ) ) ;
#1120 = DIRECTION ( 'NONE',  ( -1.000000000000000000, 0.000000000000000000, 0.000000000000000000 ) ) ;
#1121 = VERTEX_POINT ( 'NONE', #2595 ) ;
#1122 = ORIENTED_EDGE ( 'NONE', *, *, #554, .F. ) ;
#1123 = EDGE_CURVE ( 'NONE', #369, #2376, #1819, .T. ) ;
#1124 = CARTESIAN_POINT ( 'NONE',  ( 0.000000000000000000, 0.000000000000000000, 50.00000000000000000 ) ) ;
#1125 = CARTESIAN_POINT ( 'NONE',  ( -11.95000000000000107, 0.7500000000000000000, 24.78130461211380009 ) ) ;
#1126 = EDGE_LOOP ( 'NONE', ( #3742, #1528, #721, #1506 ) ) ;
#1127 = ORIENTED_EDGE ( 'NONE', *, *, #1215, .T. ) ;
#1128 = VECTOR ( 'NONE', #3699, 1000.000000000000000 ) ;
#1129 = EDGE_CURVE ( 'NONE', #2723, #950, #3324, .T. ) ;
#1130 = CARTESIAN_POINT ( 'NONE',  ( 10.50000000000000000, -4.330127018922195425, 8.142135623730929694 ) ) ;
#1131 = AXIS2_PLACEMENT_3D ( 'NONE', #3481, #2119, #531 ) ;
#1132 = CARTESIAN_POINT ( 'NONE',  ( -6.885336424501231178, -5.349354307397754305, -0.1136753317695444743 ) ) ;
#1133 = DIRECTION ( 'NONE',  ( 0.000000000000000000, 1.000000000000000000, 0.000000000000000000 ) ) ;
#1134 = EDGE_CURVE ( 'NONE', #4056, #3042, #1925, .T. ) ;
#1135 = TOROIDAL_SURFACE ( 'NONE', #2090, 9.000000000000000000, 0.5000000000000000000 ) ;
#1136 = DIRECTION ( 'NONE',  ( 0.000000000000000000, -1.000000000000000000, 0.000000000000000000 ) ) ;
#1137 = CIRCLE ( 'NONE', #2583, 3.249999999999999556 ) ;
#1138 = DIRECTION ( 'NONE',  ( 1.000000000000000000, 0.000000000000000000, 0.000000000000000000 ) ) ;
#1139 = ORIENTED_EDGE ( 'NONE', *, *, #2176, .T. ) ;
#1140 = CYLINDRICAL_SURFACE ( 'NONE', #3414, 0.5000000000000000000 ) ;
#1141 = CARTESIAN_POINT ( 'NONE',  ( -12.00000000000000000, 0.7500000000000000000, 33.00000000000000000 ) ) ;
#1142 = DIRECTION ( 'NONE',  ( 1.000000000000000000, -7.885106708985490266E-17, 0.000000000000000000 ) ) ;
#1143 = LINE ( 'NONE', #3466, #2461 ) ;
#1144 = ORIENTED_EDGE ( 'NONE', *, *, #3997, .F. ) ;
#1145 = AXIS2_PLACEMENT_3D ( 'NONE', #2824, #764, #1446 ) ;
#1146 = ORIENTED_EDGE ( 'NONE', *, *, #1975, .F. ) ;
#1147 = CIRCLE ( 'NONE', #3554, 9.999999999999998224 ) ;
#1148 = DIRECTION ( 'NONE',  ( 0.000000000000000000, 0.000000000000000000, 1.000000000000000000 ) ) ;
#1149 = EDGE_CURVE ( 'NONE', #3584, #2211, #3841, .T. ) ;
#1150 = CARTESIAN_POINT ( 'NONE',  ( -6.604487272054069713, -13.89999999999999858, 0.2999999999999999889 ) ) ;
#1151 = ORIENTED_EDGE ( 'NONE', *, *, #254, .F. ) ;
#1152 = DIRECTION ( 'NONE',  ( 0.7071067811865474617, 8.659560562354921765E-17, -0.7071067811865474617 ) ) ;
#1153 = VERTEX_POINT ( 'NONE', #3177 ) ;
#1154 = LINE ( 'NONE', #3777, #3196 ) ;
#1155 = EDGE_CURVE ( 'NONE', #2376, #268, #1515, .T. ) ;
#1156 = SURFACE_SIDE_STYLE ('',( #810 ) ) ;
#1157 = DIRECTION ( 'NONE',  ( -0.7071067811865441310, 0.000000000000000000, 0.7071067811865510144 ) ) ;
#1158 = LINE ( 'NONE', #4106, #3049 ) ;
#1159 = EDGE_CURVE ( 'NONE', #4138, #2548, #2920, .T. ) ;
#1160 = AXIS2_PLACEMENT_3D ( 'NONE', #758, #2128, #2064 ) ;
#1161 = DIRECTION ( 'NONE',  ( 0.000000000000000000, 0.000000000000000000, 1.000000000000000000 ) ) ;
#1162 = ORIENTED_EDGE ( 'NONE', *, *, #4149, .F. ) ;
#1163 = CARTESIAN_POINT ( 'NONE',  ( 20.50000000000000000, -18.50000000000000000, 8.142135623730929694 ) ) ;
#1164 = PRESENTATION_LAYER_ASSIGNMENT (  '', '', ( #3017 ) ) ;
#1165 = CARTESIAN_POINT ( 'NONE',  ( 6.871474533054391820, 5.389538592682444396, -0.1227352439691019870 ) ) ;
#1166 = PLANE ( 'NONE',  #3570 ) ;
#1167 = CARTESIAN_POINT ( 'NONE',  ( 14.75000000000000000, 12.75000000000000000, 28.00000000000000000 ) ) ;
#1168 = ORIENTED_EDGE ( 'NONE', *, *, #3604, .F. ) ;
#1169 = VECTOR ( 'NONE', #706, 1000.000000000000000 ) ;
#1170 = VERTEX_POINT ( 'NONE', #895 ) ;
#1171 = AXIS2_PLACEMENT_3D ( 'NONE', #1218, #2221, #1299 ) ;
#1172 = CARTESIAN_POINT ( 'NONE',  ( 5.859999999999999432, -13.39999999999999147, 3.000000000000000000 ) ) ;
#1173 = DIRECTION ( 'NONE',  ( 0.000000000000000000, 0.000000000000000000, -1.000000000000000000 ) ) ;
#1174 = ORIENTED_EDGE ( 'NONE', *, *, #1363, .T. ) ;
#1175 = DIRECTION ( 'NONE',  ( -1.000000000000000000, 0.000000000000000000, 0.000000000000000000 ) ) ;
#1176 = ORIENTED_EDGE ( 'NONE', *, *, #319, .T. ) ;
#1177 = AXIS2_PLACEMENT_3D ( 'NONE', #1999, #3738, #1473 ) ;
#1178 = PRODUCT_DEFINITION ( 'æœ', '', #2061, #3201 ) ;
#1179 = DIRECTION ( 'NONE',  ( -1.000000000000000000, 0.000000000000000000, 0.000000000000000000 ) ) ;
#1180 =( NAMED_UNIT ( * ) SI_UNIT ( $, .STERADIAN. ) SOLID_ANGLE_UNIT ( ) );
#1181 = ADVANCED_FACE ( 'NONE', ( #3538 ), #2248, .T. ) ;
#1182 = CARTESIAN_POINT ( 'NONE',  ( 7.021564347915039583, 1.149999999999999911, 6.938893903907229955E-15 ) ) ;
#1183 = CARTESIAN_POINT ( 'NONE',  ( 7.024459611237825030, -4.926830630643340037, 0.02865033361344799731 ) ) ;
#1184 = EDGE_LOOP ( 'NONE', ( #754, #1680, #70, #3059 ) ) ;
#1185 = DIRECTION ( 'NONE',  ( 0.000000000000000000, -1.000000000000000000, 0.000000000000000000 ) ) ;
#1186 = EDGE_CURVE ( 'NONE', #1422, #1748, #2372, .T. ) ;
#1187 = CARTESIAN_POINT ( 'NONE',  ( 6.736985677186590138, 5.765980388322937245, -0.1822022833901154604 ) ) ;
#1188 = DIRECTION ( 'NONE',  ( 0.000000000000000000, 0.000000000000000000, -1.000000000000000000 ) ) ;
#1189 = FACE_OUTER_BOUND ( 'NONE', #2261, .T. ) ;
#1190 = ORIENTED_EDGE ( 'NONE', *, *, #1912, .T. ) ;
#1191 = EDGE_LOOP ( 'NONE', ( #3774, #1127, #3816, #476 ) ) ;
#1192 = EDGE_CURVE ( 'NONE', #2370, #1721, #3672, .T. ) ;
#1193 = CARTESIAN_POINT ( 'NONE',  ( -7.055028863459309463, -4.740945869313009986, 0.5168231408637700142 ) ) ;
#1194 = CARTESIAN_POINT ( 'NONE',  ( 0.000000000000000000, 1.149999999999999911, 30.00000000000000000 ) ) ;
#1195 = ORIENTED_EDGE ( 'NONE', *, *, #2417, .F. ) ;
#1196 = CARTESIAN_POINT ( 'NONE',  ( 3.250000000000000000, 3.980102097228895273E-16, 10.00000000000000000 ) ) ;
#1197 = ORIENTED_EDGE ( 'NONE', *, *, #1083, .F. ) ;
#1198 = CARTESIAN_POINT ( 'NONE',  ( 5.859999999999999432, -6.157142194232649857, 30.04163056034259682 ) ) ;
#1199 = DIRECTION ( 'NONE',  ( 0.000000000000000000, -1.000000000000000000, 0.000000000000000000 ) ) ;
#1200 = AXIS2_PLACEMENT_3D ( 'NONE', #2235, #3912, #1565 ) ;
#1201 = DIRECTION ( 'NONE',  ( 0.000000000000000000, 0.000000000000000000, -1.000000000000000000 ) ) ;
#1202 = EDGE_CURVE ( 'NONE', #2364, #3204, #1067, .T. ) ;
#1203 = CARTESIAN_POINT ( 'NONE',  ( 7.051030656960250553, -4.841417367361102286, 0.07533806515698339423 ) ) ;
#1204 = ORIENTED_EDGE ( 'NONE', *, *, #1077, .F. ) ;
#1205 = VECTOR ( 'NONE', #742, 1000.000000000000000 ) ;
#1206 = DIRECTION ( 'NONE',  ( -1.000000000000000000, 0.000000000000000000, 0.000000000000000000 ) ) ;
#1207 = CARTESIAN_POINT ( 'NONE',  ( 7.071030776278374397, 4.777069971445323304, 0.1201609301830627585 ) ) ;
#1208 = DIRECTION ( 'NONE',  ( 0.000000000000000000, 1.000000000000000000, 0.000000000000000000 ) ) ;
#1209 = EDGE_CURVE ( 'NONE', #2109, #1323, #1609, .T. ) ;
#1210 = DIRECTION ( 'NONE',  ( 1.000000000000000000, 0.000000000000000000, 0.000000000000000000 ) ) ;
#1211 = ORIENTED_EDGE ( 'NONE', *, *, #4177, .F. ) ;
#1212 = ORIENTED_EDGE ( 'NONE', *, *, #3580, .T. ) ;
#1213 = CIRCLE ( 'NONE', #3887, 10.00000000000000178 ) ;
#1214 = CARTESIAN_POINT ( 'NONE',  ( 7.500000000000000000, -5.500000000000000000, 6.000000000000000000 ) ) ;
#1215 = EDGE_CURVE ( 'NONE', #3011, #2083, #17, .T. ) ;
#1216 = CARTESIAN_POINT ( 'NONE',  ( 0.000000000000000000, 0.000000000000000000, 6.000000000000000000 ) ) ;
#1217 = ORIENTED_EDGE ( 'NONE', *, *, #1523, .F. ) ;
#1218 = CARTESIAN_POINT ( 'NONE',  ( -11.50000000000000000, 0.7500000000000000000, 28.00000000000000000 ) ) ;
#1219 = VERTEX_POINT ( 'NONE', #1000 ) ;
#1220 = CARTESIAN_POINT ( 'NONE',  ( -7.500000000000000000, 17.30000000000000071, 6.000000000000000000 ) ) ;
#1221 = FACE_BOUND ( 'NONE', #644, .T. ) ;
#1222 = LINE ( 'NONE', #3845, #3949 ) ;
#1223 = CARTESIAN_POINT ( 'NONE',  ( -6.208387876660300009, 3.819331721568715476, 0.000000000000000000 ) ) ;
#1224 = ORIENTED_EDGE ( 'NONE', *, *, #2975, .T. ) ;
#1225 = CYLINDRICAL_SURFACE ( 'NONE', #1468, 3.250000000000000000 ) ;
#1226 = EDGE_CURVE ( 'NONE', #1664, #1271, #312, .T. ) ;
#1227 = CARTESIAN_POINT ( 'NONE',  ( 13.50000000000000000, -18.50000000000000000, 0.9999999999999701350 ) ) ;
#1228 = CARTESIAN_POINT ( 'NONE',  ( 5.859999999999999432, 17.30000000000000071, 3.000000000000000000 ) ) ;
#1229 = DIRECTION ( 'NONE',  ( -0.5574341878840193276, 0.8302211308910921739, -0.000000000000000000 ) ) ;
#1230 = VERTEX_POINT ( 'NONE', #1303 ) ;
#1231 = VERTEX_POINT ( 'NONE', #2334 ) ;
#1232 = EDGE_CURVE ( 'NONE', #2364, #2899, #2049, .T. ) ;
#1233 = CARTESIAN_POINT ( 'NONE',  ( -10.50000000000000000, -18.50000000000000000, 8.142135623730919036 ) ) ;
#1234 = CIRCLE ( 'NONE', #1845, 0.2999999999999999334 ) ;
#1235 = CARTESIAN_POINT ( 'NONE',  ( -13.50000000000000000, 18.50000000000000000, 0.9999999999999701350 ) ) ;
#1236 = ORIENTED_EDGE ( 'NONE', *, *, #2603, .T. ) ;
#1237 = DIRECTION ( 'NONE',  ( -1.000000000000000000, 0.000000000000000000, -1.849736814544524620E-16 ) ) ;
#1238 = ORIENTED_EDGE ( 'NONE', *, *, #3394, .T. ) ;
#1239 = VECTOR ( 'NONE', #2846, 1000.000000000000114 ) ;
#1240 = ADVANCED_FACE ( 'NONE', ( #78 ), #2959, .F. ) ;
#1241 = DIRECTION ( 'NONE',  ( 0.000000000000000000, 0.000000000000000000, -1.000000000000000000 ) ) ;
#1242 = CARTESIAN_POINT ( 'NONE',  ( -7.016194351041003863, -4.952957232038406765, 0.01627603691469071273 ) ) ;
#1243 = VECTOR ( 'NONE', #258, 1000.000000000000000 ) ;
#1244 = EDGE_CURVE ( 'NONE', #1843, #3078, #2619, .T. ) ;
#1245 = CARTESIAN_POINT ( 'NONE',  ( 11.50000000000000000, -4.250000000000000000, 5.000000000000000000 ) ) ;
#1246 = CARTESIAN_POINT ( 'NONE',  ( -6.478435652084960417, 4.250000000000000000, 30.00000000000000000 ) ) ;
#1247 = VERTEX_POINT ( 'NONE', #1043 ) ;
#1248 = CARTESIAN_POINT ( 'NONE',  ( -11.50000000000000000, -2.250000000000000000, 5.000000000000000000 ) ) ;
#1249 = DIRECTION ( 'NONE',  ( -0.000000000000000000, 1.000000000000000000, -0.000000000000000000 ) ) ;
#1250 = CARTESIAN_POINT ( 'NONE',  ( -5.859999999999999432, 17.30000000000000071, 6.000000000000000000 ) ) ;
#1251 = EDGE_LOOP ( 'NONE', ( #2926, #3553, #346, #3224, #740, #2130, #973, #2197, #3982, #670, #4012, #1790 ) ) ;
#1252 = VERTEX_POINT ( 'NONE', #719 ) ;
#1253 = CARTESIAN_POINT ( 'NONE',  ( -13.50000000000000000, -5.500000000000000000, 0.9999999999999701350 ) ) ;
#1254 = CARTESIAN_POINT ( 'NONE',  ( -11.70000000000000107, 17.30000000000000071, 4.336808689942014778E-16 ) ) ;
#1255 = ORIENTED_EDGE ( 'NONE', *, *, #1815, .T. ) ;
#1256 = EDGE_CURVE ( 'NONE', #2112, #2239, #1408, .T. ) ;
#1257 = CARTESIAN_POINT ( 'NONE',  ( -10.73213150326322030, -4.456093859144889535, 6.000000000000000000 ) ) ;
#1258 = EDGE_LOOP ( 'NONE', ( #2405, #468, #2301, #1630, #1719, #121 ) ) ;
#1259 = DIRECTION ( 'NONE',  ( -1.000000000000000000, 0.000000000000000000, 0.000000000000000000 ) ) ;
#1260 = DIRECTION ( 'NONE',  ( 0.000000000000000000, 0.000000000000000000, -1.000000000000000000 ) ) ;
#1261 = EDGE_CURVE ( 'NONE', #1061, #2527, #2701, .T. ) ;
#1262 = DIRECTION ( 'NONE',  ( 0.000000000000000000, 0.000000000000000000, 1.000000000000000000 ) ) ;
#1263 = EDGE_CURVE ( 'NONE', #782, #1061, #1062, .T. ) ;
#1264 = LINE ( 'NONE', #2983, #2191 ) ;
#1265 = ORIENTED_EDGE ( 'NONE', *, *, #2417, .T. ) ;
#1266 = VECTOR ( 'NONE', #2582, 1000.000000000000000 ) ;
#1267 = CARTESIAN_POINT ( 'NONE',  ( -17.00000000000000000, -4.250000000000000000, 30.00000000000000000 ) ) ;
#1268 = VECTOR ( 'NONE', #813, 1000.000000000000000 ) ;
#1269 = DIRECTION ( 'NONE',  ( 0.7071067811865510144, 0.000000000000000000, -0.7071067811865441310 ) ) ;
#1270 = FACE_OUTER_BOUND ( 'NONE', #3251, .T. ) ;
#1271 = VERTEX_POINT ( 'NONE', #2313 ) ;
#1272 = VERTEX_POINT ( 'NONE', #2291 ) ;
#1273 = AXIS2_PLACEMENT_3D ( 'NONE', #4038, #2399, #122 ) ;
#1274 = LINE ( 'NONE', #521, #3750 ) ;
#1275 = DIRECTION ( 'NONE',  ( 0.000000000000000000, 1.000000000000000000, 0.000000000000000000 ) ) ;
#1276 = ORIENTED_EDGE ( 'NONE', *, *, #546, .F. ) ;
#1277 = VECTOR ( 'NONE', #3667, 1000.000000000000114 ) ;
#1278 = DIRECTION ( 'NONE',  ( 1.000000000000000000, 0.000000000000000000, 0.000000000000000000 ) ) ;
#1279 = EDGE_LOOP ( 'NONE', ( #1657, #1788 ) ) ;
#1280 = VECTOR ( 'NONE', #3370, 1000.000000000000000 ) ;
#1281 = EDGE_CURVE ( 'NONE', #890, #2989, #103, .T. ) ;
#1282 = DIRECTION ( 'NONE',  ( -1.000000000000000000, 0.000000000000000000, 0.000000000000000000 ) ) ;
#1283 = CARTESIAN_POINT ( 'NONE',  ( 13.50000000000000000, -5.500000000000000000, 0.9999999999999701350 ) ) ;
#1284 = CONTEXT_DEPENDENT_SHAPE_REPRESENTATION ( #3012, #3069 ) ;
#1285 = AXIS2_PLACEMENT_3D ( 'NONE', #673, #2024, #3939 ) ;
#1286 = ADVANCED_FACE ( 'NONE', ( #3304 ), #655, .T. ) ;
#1287 = DIRECTION ( 'NONE',  ( 0.9001592514155136726, -0.4355609281042803205, 0.000000000000000000 ) ) ;
#1288 = CARTESIAN_POINT ( 'NONE',  ( -13.00000000000000000, 0.000000000000000000, 10.00000000000000000 ) ) ;
#1289 = CARTESIAN_POINT ( 'NONE',  ( 6.604487272054069713, -6.113979708281330083, -0.2000000000000000111 ) ) ;
#1290 = EDGE_CURVE ( 'NONE', #4114, #711, #2977, .T. ) ;
#1291 = DIRECTION ( 'NONE',  ( -1.734723475976807094E-15, 0.000000000000000000, 1.000000000000000000 ) ) ;
#1292 = CARTESIAN_POINT ( 'NONE',  ( 13.50000000000000000, -5.500000000000000000, 0.9999999999999701350 ) ) ;
#1293 = PLANE ( 'NONE',  #1368 ) ;
#1294 = ORIENTED_EDGE ( 'NONE', *, *, #3318, .F. ) ;
#1295 = ORIENTED_EDGE ( 'NONE', *, *, #4098, .T. ) ;
#1296 = CARTESIAN_POINT ( 'NONE',  ( -7.021564347915049353, 1.149999999999999911, 30.00000000000000000 ) ) ;
#1297 = DIRECTION ( 'NONE',  ( 1.000000000000000000, 0.000000000000000000, 0.000000000000000000 ) ) ;
#1298 = ORIENTED_EDGE ( 'NONE', *, *, #2125, .F. ) ;
#1299 = DIRECTION ( 'NONE',  ( 1.000000000000000000, -1.000802005371235004E-16, 0.000000000000000000 ) ) ;
#1300 = AXIS2_PLACEMENT_3D ( 'NONE', #3400, #3423, #1120 ) ;
#1301 = ORIENTED_EDGE ( 'NONE', *, *, #842, .T. ) ;
#1302 = VECTOR ( 'NONE', #2231, 1000.000000000000000 ) ;
#1303 = CARTESIAN_POINT ( 'NONE',  ( 3.250000000000000000, 3.980102097228895273E-16, 6.000000000000000000 ) ) ;
#1304 = CARTESIAN_POINT ( 'NONE',  ( -6.984723126939473836, -5.051000737479289349, -0.02484739717998397587 ) ) ;
#1305 = ORIENTED_EDGE ( 'NONE', *, *, #2705, .F. ) ;
#1306 = AXIS2_PLACEMENT_3D ( 'NONE', #1764, #861, #1142 ) ;
#1307 = FACE_OUTER_BOUND ( 'NONE', #4187, .T. ) ;
#1308 = AXIS2_PLACEMENT_3D ( 'NONE', #2852, #917, #4212 ) ;
#1309 = CARTESIAN_POINT ( 'NONE',  ( 6.998065758044941909, 5.009653388789939932, -0.008373249574936413725 ) ) ;
#1310 = CARTESIAN_POINT ( 'NONE',  ( -11.50000000000000000, 0.7500000000000000000, 28.00000000000000000 ) ) ;
#1311 = EDGE_CURVE ( 'NONE', #4208, #2370, #37, .T. ) ;
#1312 = DIRECTION ( 'NONE',  ( 1.000000000000000000, 0.000000000000000000, 0.000000000000000000 ) ) ;
#1313 = LINE ( 'NONE', #2214, #1243 ) ;
#1314 = CARTESIAN_POINT ( 'NONE',  ( -1.805907201940523580E-15, 1.649999999999999911, 27.00000000000000000 ) ) ;
#1315 = ORIENTED_EDGE ( 'NONE', *, *, #3227, .F. ) ;
#1316 = ADVANCED_FACE ( 'NONE', ( #3991 ), #2355, .F. ) ;
#1317 = ORIENTED_EDGE ( 'NONE', *, *, #2182, .T. ) ;
#1318 = CARTESIAN_POINT ( 'NONE',  ( 5.479744811588817655, -13.89999999999999858, 2.637127190577122526 ) ) ;
#1319 = CARTESIAN_POINT ( 'NONE',  ( 0.000000000000000000, -13.75000000000000000, 15.00000000000000000 ) ) ;
#1320 = VERTEX_POINT ( 'NONE', #1746 ) ;
#1321 = CARTESIAN_POINT ( 'NONE',  ( -11.70000000000000107, 17.30000000000000071, 0.000000000000000000 ) ) ;
#1322 = ADVANCED_FACE ( 'NONE', ( #1487 ), #3791, .T. ) ;
#1323 = VERTEX_POINT ( 'NONE', #498 ) ;
#1324 = CARTESIAN_POINT ( 'NONE',  ( -13.50000000000000000, -5.500000000000000000, 0.9999999999999701350 ) ) ;
#1325 = FACE_OUTER_BOUND ( 'NONE', #808, .T. ) ;
#1326 = EDGE_LOOP ( 'NONE', ( #3795, #2652, #2302, #1808 ) ) ;
#1327 = SHAPE_DEFINITION_REPRESENTATION ( #3308, #1858 ) ;
#1328 = CARTESIAN_POINT ( 'NONE',  ( -7.400000000000000355, -13.89999999999999858, -0.2000000000000025091 ) ) ;
#1329 = CARTESIAN_POINT ( 'NONE',  ( 9.184850993605152135E-17, -10.90000000000000036, 0.7000000000000003997 ) ) ;
#1330 = DIRECTION ( 'NONE',  ( -0.4336462817275460457, 0.000000000000000000, -0.9010831828104849395 ) ) ;
#1331 = CARTESIAN_POINT ( 'NONE',  ( 0.000000000000000000, 20.29999999999999716, 10.00000000000000000 ) ) ;
#1332 = DIRECTION ( 'NONE',  ( 1.000000000000000000, 0.000000000000000000, 0.000000000000000000 ) ) ;
#1333 = DIRECTION ( 'NONE',  ( 1.334402673828311860E-16, 1.000000000000000000, 0.000000000000000000 ) ) ;
#1334 = ORIENTED_EDGE ( 'NONE', *, *, #2691, .T. ) ;
#1335 = AXIS2_PLACEMENT_3D ( 'NONE', #1248, #4240, #2278 ) ;
#1336 = ORIENTED_EDGE ( 'NONE', *, *, #3442, .F. ) ;
#1337 = AXIS2_PLACEMENT_3D ( 'NONE', #2962, #661, #3354 ) ;
#1338 = EDGE_CURVE ( 'NONE', #2396, #414, #118, .T. ) ;
#1339 = CARTESIAN_POINT ( 'NONE',  ( -6.685374536851532490, 5.907156550774829817, -0.1986425982563252424 ) ) ;
#1340 = DIRECTION ( 'NONE',  ( 1.000000000000000000, 0.000000000000000000, 0.000000000000000000 ) ) ;
#1341 = EDGE_LOOP ( 'NONE', ( #1107, #3142, #575, #3429 ) ) ;
#1342 = PLANE ( 'NONE',  #1578 ) ;
#1343 = ORIENTED_EDGE ( 'NONE', *, *, #3683, .T. ) ;
#1344 = AXIS2_PLACEMENT_3D ( 'NONE', #3062, #1810, #140 ) ;
#1345 = ADVANCED_FACE ( 'NONE', ( #4034 ), #2802, .F. ) ;
#1346 = DIRECTION ( 'NONE',  ( -1.000000000000000000, 0.000000000000000000, 0.000000000000000000 ) ) ;
#1347 = VECTOR ( 'NONE', #774, 1000.000000000000114 ) ;
#1348 = FACE_OUTER_BOUND ( 'NONE', #2385, .T. ) ;
#1349 = ORIENTED_EDGE ( 'NONE', *, *, #572, .F. ) ;
#1350 = VECTOR ( 'NONE', #2530, 1000.000000000000000 ) ;
#1351 = CARTESIAN_POINT ( 'NONE',  ( -11.95000000000000107, 0.7499999999999995559, 0.000000000000000000 ) ) ;
#1352 = FACE_OUTER_BOUND ( 'NONE', #1191, .T. ) ;
#1353 = DIRECTION ( 'NONE',  ( 1.000000000000000000, 0.000000000000000000, 0.000000000000000000 ) ) ;
#1354 = DIRECTION ( 'NONE',  ( 0.000000000000000000, 1.000000000000000000, 0.000000000000000000 ) ) ;
#1355 = DIRECTION ( 'NONE',  ( 0.000000000000000000, 0.000000000000000000, -1.000000000000000000 ) ) ;
#1356 = FACE_OUTER_BOUND ( 'NONE', #2046, .T. ) ;
#1357 = ORIENTED_EDGE ( 'NONE', *, *, #2603, .F. ) ;
#1358 = VERTEX_POINT ( 'NONE', #3450 ) ;
#1359 = CARTESIAN_POINT ( 'NONE',  ( -6.779627385322689825, 5.649935187054492047, -0.1685620012470895879 ) ) ;
#1360 = CARTESIAN_POINT ( 'NONE',  ( 6.208387876660290239, 3.819331721568715476, 30.00000000000000000 ) ) ;
#1361 = ORIENTED_EDGE ( 'NONE', *, *, #1705, .F. ) ;
#1362 = ORIENTED_EDGE ( 'NONE', *, *, #1098, .F. ) ;
#1363 = EDGE_CURVE ( 'NONE', #4030, #1957, #2780, .T. ) ;
#1364 = DIRECTION ( 'NONE',  ( -1.162880573482506019E-46, -1.000000000000000000, 5.446634458108700403E-32 ) ) ;
#1365 = LINE ( 'NONE', #2702, #3274 ) ;
#1366 = ORIENTED_EDGE ( 'NONE', *, *, #1209, .F. ) ;
#1367 = ADVANCED_FACE ( 'NONE', ( #3404 ), #2455, .T. ) ;
#1368 = AXIS2_PLACEMENT_3D ( 'NONE', #1053, #2987, #2694 ) ;
#1369 = CARTESIAN_POINT ( 'NONE',  ( -7.500000000000000000, 5.500000000000000000, 6.000000000000000000 ) ) ;
#1370 = CARTESIAN_POINT ( 'NONE',  ( 0.000000000000000000, 0.1499999999999999667, 27.00000000000000000 ) ) ;
#1371 = CIRCLE ( 'NONE', #543, 1.749999999999999778 ) ;
#1372 = LINE ( 'NONE', #4142, #1714 ) ;
#1373 = EDGE_CURVE ( 'NONE', #3083, #1721, #4073, .T. ) ;
#1374 = CARTESIAN_POINT ( 'NONE',  ( 17.00000000000000000, 6.938893903907229955E-15, 30.00000000000000000 ) ) ;
#1375 = CARTESIAN_POINT ( 'NONE',  ( -7.021564347915049353, 1.449999999999999956, 30.00000000000000000 ) ) ;
#1376 = ORIENTED_EDGE ( 'NONE', *, *, #2944, .T. ) ;
#1377 = DIRECTION ( 'NONE',  ( 0.000000000000000000, 0.000000000000000000, -1.000000000000000000 ) ) ;
#1378 = LINE ( 'NONE', #1296, #383 ) ;
#1379 = CARTESIAN_POINT ( 'NONE',  ( 10.50000000000000000, -5.500000000000000000, 4.000000000000000000 ) ) ;
#1380 = ORIENTED_EDGE ( 'NONE', *, *, #2522, .T. ) ;
#1381 = ORIENTED_EDGE ( 'NONE', *, *, #951, .T. ) ;
#1382 = DIRECTION ( 'NONE',  ( 1.000000000000000000, 0.000000000000000000, 0.000000000000000000 ) ) ;
#1383 = ADVANCED_FACE ( 'NONE', ( #2480 ), #1791, .F. ) ;
#1384 = LINE ( 'NONE', #3326, #3688 ) ;
#1385 = VERTEX_POINT ( 'NONE', #2068 ) ;
#1386 = ORIENTED_EDGE ( 'NONE', *, *, #1595, .F. ) ;
#1387 = DIRECTION ( 'NONE',  ( -1.000000000000000000, 0.000000000000000000, 0.000000000000000000 ) ) ;
#1388 = EDGE_CURVE ( 'NONE', #1631, #1103, #3369, .T. ) ;
#1389 = DIRECTION ( 'NONE',  ( 0.000000000000000000, -1.000000000000000000, 0.000000000000000000 ) ) ;
#1390 = FACE_OUTER_BOUND ( 'NONE', #3529, .T. ) ;
#1391 = DIRECTION ( 'NONE',  ( -1.000000000000000000, 0.000000000000000000, -1.849521353063507680E-16 ) ) ;
#1392 = EDGE_CURVE ( 'NONE', #366, #892, #416, .T. ) ;
#1393 = DIRECTION ( 'NONE',  ( -0.6371620289784512003, -0.7071067811865474617, -0.3066342264458801203 ) ) ;
#1394 = ORIENTED_EDGE ( 'NONE', *, *, #180, .T. ) ;
#1395 = ORIENTED_EDGE ( 'NONE', *, *, #3547, .T. ) ;
#1396 = DIRECTION ( 'NONE',  ( 0.000000000000000000, 0.000000000000000000, -1.000000000000000000 ) ) ;
#1397 = VECTOR ( 'NONE', #3247, 1000.000000000000000 ) ;
#1398 = LINE ( 'NONE', #3058, #3409 ) ;
#1399 = ORIENTED_EDGE ( 'NONE', *, *, #137, .T. ) ;
#1400 = EDGE_LOOP ( 'NONE', ( #3870, #3923, #2283, #2660 ) ) ;
#1401 = VECTOR ( 'NONE', #3159, 1000.000000000000114 ) ;
#1402 = CARTESIAN_POINT ( 'NONE',  ( 20.50000000000000000, -5.500000000000000000, 8.142135623730929694 ) ) ;
#1403 = CARTESIAN_POINT ( 'NONE',  ( -7.021564347915049353, 1.149999999999999911, 0.000000000000000000 ) ) ;
#1404 = ORIENTED_EDGE ( 'NONE', *, *, #1077, .T. ) ;
#1405 = VECTOR ( 'NONE', #3945, 1000.000000000000114 ) ;
#1406 = ORIENTED_EDGE ( 'NONE', *, *, #2969, .F. ) ;
#1407 = ADVANCED_FACE ( 'NONE', ( #3771 ), #1071, .T. ) ;
#1408 = CIRCLE ( 'NONE', #3263, 0.5000000000000000000 ) ;
#1409 = DIRECTION ( 'NONE',  ( 0.000000000000000000, 0.000000000000000000, 1.000000000000000000 ) ) ;
#1410 = DIRECTION ( 'NONE',  ( 0.000000000000000000, 1.000000000000000000, 0.000000000000000000 ) ) ;
#1411 = CIRCLE ( 'NONE', #2304, 3.249999999999999556 ) ;
#1412 = ADVANCED_FACE ( 'NONE', ( #458 ), #3731, .F. ) ;
#1413 = CARTESIAN_POINT ( 'NONE',  ( -6.604487272054069713, -13.89999999999999858, 0.3000000000000050959 ) ) ;
#1414 = CARTESIAN_POINT ( 'NONE',  ( 2.160000000000000142, -13.75000000000000000, 10.00000000000000000 ) ) ;
#1415 = ORIENTED_EDGE ( 'NONE', *, *, #3916, .T. ) ;
#1416 = ORIENTED_EDGE ( 'NONE', *, *, #3526, .T. ) ;
#1417 = VECTOR ( 'NONE', #4205, 1000.000000000000000 ) ;
#1418 = ADVANCED_FACE ( 'NONE', ( #3085 ), #433, .F. ) ;
#1419 = DIRECTION ( 'NONE',  ( 0.8302211308910921739, -0.5574341878840192166, 0.000000000000000000 ) ) ;
#1420 = CYLINDRICAL_SURFACE ( 'NONE', #1570, 10.00000000000000000 ) ;
#1421 = ORIENTED_EDGE ( 'NONE', *, *, #1226, .T. ) ;
#1422 = VERTEX_POINT ( 'NONE', #3751 ) ;
#1423 = DIRECTION ( 'NONE',  ( 0.000000000000000000, 0.000000000000000000, -1.000000000000000000 ) ) ;
#1424 = CARTESIAN_POINT ( 'NONE',  ( 7.055028863459309463, -13.39999999999999147, 0.5168231408637730118 ) ) ;
#1425 = ORIENTED_EDGE ( 'NONE', *, *, #2599, .F. ) ;
#1426 = EDGE_LOOP ( 'NONE', ( #3378, #1042, #2933, #2822, #1743, #1343, #2129, #4025, #3110, #389, #879 ) ) ;
#1427 = LINE ( 'NONE', #3736, #3056 ) ;
#1428 = DIRECTION ( 'NONE',  ( 0.000000000000000000, 0.000000000000000000, -1.000000000000000000 ) ) ;
#1429 = AXIS2_PLACEMENT_3D ( 'NONE', #516, #882, #1828 ) ;
#1430 = LINE ( 'NONE', #2750, #581 ) ;
#1431 = VECTOR ( 'NONE', #1008, 1000.000000000000000 ) ;
#1432 = EDGE_CURVE ( 'NONE', #4004, #1231, #94, .T. ) ;
#1433 = LINE ( 'NONE', #2751, #2398 ) ;
#1434 = ORIENTED_EDGE ( 'NONE', *, *, #1030, .F. ) ;
#1435 = EDGE_LOOP ( 'NONE', ( #1894, #4162, #3125, #3523 ) ) ;
#1436 = VECTOR ( 'NONE', #2566, 1000.000000000000000 ) ;
#1437 = CARTESIAN_POINT ( 'NONE',  ( 10.50000000000000000, -18.50000000000000000, 8.142135623730929694 ) ) ;
#1438 = CARTESIAN_POINT ( 'NONE',  ( -11.95000000000000107, 0.7500000000000000000, 1.781304612113784991 ) ) ;
#1439 = VECTOR ( 'NONE', #3893, 1000.000000000000000 ) ;
#1440 = EDGE_CURVE ( 'NONE', #3134, #3959, #4027, .T. ) ;
#1441 = CARTESIAN_POINT ( 'NONE',  ( 7.021564347915039583, 1.449999999999999956, 30.00000000000000000 ) ) ;
#1442 = ORIENTED_EDGE ( 'NONE', *, *, #1363, .F. ) ;
#1443 = ORIENTED_EDGE ( 'NONE', *, *, #129, .T. ) ;
#1444 = CARTESIAN_POINT ( 'NONE',  ( -13.50000000000000000, 5.500000000000000000, 0.9999999999999701350 ) ) ;
#1445 = EDGE_CURVE ( 'NONE', #2686, #2181, #2164, .T. ) ;
#1446 = DIRECTION ( 'NONE',  ( 0.000000000000000000, 0.000000000000000000, 1.000000000000000000 ) ) ;
#1447 = ORIENTED_EDGE ( 'NONE', *, *, #951, .F. ) ;
#1448 = ORIENTED_EDGE ( 'NONE', *, *, #1735, .T. ) ;
#1449 = CARTESIAN_POINT ( 'NONE',  ( 0.000000000000000000, -10.90000000000000036, -0.8000000000000000444 ) ) ;
#1450 = CARTESIAN_POINT ( 'NONE',  ( 11.50000000000000000, 12.75000000000000000, 28.00000000000000000 ) ) ;
#1451 = CARTESIAN_POINT ( 'NONE',  ( -7.021564347915049353, 1.449999999999999956, 30.00000000000000000 ) ) ;
#1452 = B_SPLINE_CURVE_WITH_KNOTS ( 'NONE', 3,
 ( #85, #2113, #3430, #3876, #1593, #4249, #1922, #2594 ),
 .UNSPECIFIED., .F., .F.,
 ( 4, 2, 2, 4 ),
 ( 0.000000000000000000, 0.2500000000000002776, 0.5000000000000005551, 1.000000000000000000 ),
 .UNSPECIFIED. ) ;
#1453 = CARTESIAN_POINT ( 'NONE',  ( 13.50000000000000000, 5.500000000000000000, 0.9999999999999701350 ) ) ;
#1454 = DIRECTION ( 'NONE',  ( 0.000000000000000000, 1.000000000000000000, 0.000000000000000000 ) ) ;
#1455 = EDGE_LOOP ( 'NONE', ( #997, #1064, #3642, #152 ) ) ;
#1456 = ORIENTED_EDGE ( 'NONE', *, *, #1129, .T. ) ;
#1457 = CARTESIAN_POINT ( 'NONE',  ( -17.00000000000000000, -4.250000000000000000, 5.000000000000000000 ) ) ;
#1458 = DIRECTION ( 'NONE',  ( 0.000000000000000000, 0.000000000000000000, -1.000000000000000000 ) ) ;
#1459 = CARTESIAN_POINT ( 'NONE',  ( 10.73213150326320076, 5.500000000000000000, 6.000000000000000000 ) ) ;
#1460 = VERTEX_POINT ( 'NONE', #3213 ) ;
#1461 = VERTEX_POINT ( 'NONE', #3532 ) ;
#1462 = EDGE_CURVE ( 'NONE', #3401, #4138, #2843, .T. ) ;
#1463 = DIRECTION ( 'NONE',  ( 0.000000000000000000, 0.000000000000000000, 1.000000000000000000 ) ) ;
#1464 = CARTESIAN_POINT ( 'NONE',  ( 11.95000000000000107, 0.7500000000000000000, 33.00000000000000000 ) ) ;
#1465 = EDGE_LOOP ( 'NONE', ( #3044, #2002, #4043, #3989, #3935, #3340 ) ) ;
#1466 = DIRECTION ( 'NONE',  ( 0.000000000000000000, 0.000000000000000000, -1.000000000000000000 ) ) ;
#1467 = ORIENTED_EDGE ( 'NONE', *, *, #2048, .T. ) ;
#1468 = AXIS2_PLACEMENT_3D ( 'NONE', #2796, #2536, #1206 ) ;
#1469 = EDGE_CURVE ( 'NONE', #2272, #366, #2866, .T. ) ;
#1470 = DIRECTION ( 'NONE',  ( 0.000000000000000000, -1.000000000000000000, 0.000000000000000000 ) ) ;
#1471 = AXIS2_PLACEMENT_3D ( 'NONE', #337, #3045, #64 ) ;
#1472 = CARTESIAN_POINT ( 'NONE',  ( -6.604487272054069713, -6.113979708281330083, -0.2000000000000025091 ) ) ;
#1473 = DIRECTION ( 'NONE',  ( 0.000000000000000000, 0.000000000000000000, 1.000000000000000000 ) ) ;
#1474 = AXIS2_PLACEMENT_3D ( 'NONE', #2224, #3218, #229 ) ;
#1475 = DIRECTION ( 'NONE',  ( 1.334402673828311860E-16, 1.000000000000000000, 0.000000000000000000 ) ) ;
#1476 = AXIS2_PLACEMENT_3D ( 'NONE', #1402, #2720, #3107 ) ;
#1477 = DIRECTION ( 'NONE',  ( -1.000000000000000000, 1.334402673828313339E-16, 0.000000000000000000 ) ) ;
#1478 = ORIENTED_EDGE ( 'NONE', *, *, #1281, .T. ) ;
#1479 = DIRECTION ( 'NONE',  ( 0.000000000000000000, 0.000000000000000000, 1.000000000000000000 ) ) ;
#1480 = VECTOR ( 'NONE', #3028, 1000.000000000000000 ) ;
#1481 = LINE ( 'NONE', #1804, #448 ) ;
#1482 = CARTESIAN_POINT ( 'NONE',  ( -9.599999999999999645, 4.250000000000000000, 2.363240625312956755 ) ) ;
#1483 = CARTESIAN_POINT ( 'NONE',  ( -8.250000000000000000, 12.75000000000000000, 5.000000000000000000 ) ) ;
#1484 = VERTEX_POINT ( 'NONE', #3190 ) ;
#1485 = AXIS2_PLACEMENT_3D ( 'NONE', #1150, #1811, #779 ) ;
#1486 = ORIENTED_EDGE ( 'NONE', *, *, #1123, .T. ) ;
#1487 = FACE_OUTER_BOUND ( 'NONE', #3788, .T. ) ;
#1488 = DIRECTION ( 'NONE',  ( -1.000000000000000000, -1.000802005371235004E-16, 0.000000000000000000 ) ) ;
#1489 = ORIENTED_EDGE ( 'NONE', *, *, #2841, .T. ) ;
#1490 = EDGE_CURVE ( 'NONE', #4110, #1893, #4233, .T. ) ;
#1491 =( NAMED_UNIT ( * ) SI_UNIT ( $, .STERADIAN. ) SOLID_ANGLE_UNIT ( ) );
#1492 = VERTEX_POINT ( 'NONE', #3171 ) ;
#1493 = DIRECTION ( 'NONE',  ( 0.000000000000000000, -1.000000000000000000, 0.000000000000000000 ) ) ;
#1494 = EDGE_CURVE ( 'NONE', #4030, #3082, #2523, .T. ) ;
#1495 = CARTESIAN_POINT ( 'NONE',  ( -12.00000000000000000, 0.000000000000000000, 5.000000000000000000 ) ) ;
#1496 = VECTOR ( 'NONE', #948, 1000.000000000000000 ) ;
#1497 = EDGE_CURVE ( 'NONE', #3280, #33, #1917, .T. ) ;
#1498 = CARTESIAN_POINT ( 'NONE',  ( 7.076027770013377349, -4.759481631230635834, 0.1339110563726420844 ) ) ;
#1499 = ORIENTED_EDGE ( 'NONE', *, *, #1678, .T. ) ;
#1500 = DIRECTION ( 'NONE',  ( -1.000000000000000000, 0.000000000000000000, 0.000000000000000000 ) ) ;
#1501 = AXIS2_PLACEMENT_3D ( 'NONE', #834, #3825, #3545 ) ;
#1502 = B_SPLINE_CURVE_WITH_KNOTS ( 'NONE', 3,
 ( #1130, #4102, #3796, #3478 ),
 .UNSPECIFIED., .F., .F.,
 ( 4, 4 ),
 ( 0.000000000000000000, 1.000000000000000000 ),
 .UNSPECIFIED. ) ;
#1503 = CARTESIAN_POINT ( 'NONE',  ( 10.73213150326320076, -4.456093859144894864, 6.000000000000000000 ) ) ;
#1504 = DIRECTION ( 'NONE',  ( 1.000000000000000000, 0.000000000000000000, 0.000000000000000000 ) ) ;
#1505 = DIRECTION ( 'NONE',  ( -1.000000000000000000, 0.000000000000000000, 0.000000000000000000 ) ) ;
#1506 = ORIENTED_EDGE ( 'NONE', *, *, #4105, .F. ) ;
#1507 = AXIS2_PLACEMENT_3D ( 'NONE', #2266, #3601, #590 ) ;
#1508 = ORIENTED_EDGE ( 'NONE', *, *, #488, .T. ) ;
#1509 = DIRECTION ( 'NONE',  ( 0.000000000000000000, 0.000000000000000000, 1.000000000000000000 ) ) ;
#1510 = FACE_OUTER_BOUND ( 'NONE', #1831, .T. ) ;
#1511 = VERTEX_POINT ( 'NONE', #1233 ) ;
#1512 = CARTESIAN_POINT ( 'NONE',  ( 1.084202172485503941E-16, 4.250000000000000000, 0.000000000000000000 ) ) ;
#1513 = ORIENTED_EDGE ( 'NONE', *, *, #874, .T. ) ;
#1514 = EDGE_CURVE ( 'NONE', #1662, #1533, #1274, .T. ) ;
#1515 = LINE ( 'NONE', #1580, #513 ) ;
#1516 =( LENGTH_UNIT ( ) NAMED_UNIT ( * ) SI_UNIT ( .MILLI., .METRE. ) );
#1517 = ADVANCED_FACE ( 'NONE', ( #3234 ), #3897, .T. ) ;
#1518 = DIRECTION ( 'NONE',  ( -1.000000000000000000, 0.000000000000000000, 0.000000000000000000 ) ) ;
#1519 = UNCERTAINTY_MEASURE_WITH_UNIT (LENGTH_MEASURE( 1.000000000000000082E-05 ), #3779, 'distance_accuracy_value', 'NONE');
#1520 = CARTESIAN_POINT ( 'NONE',  ( 7.104487272054069713, -4.666504109204420381, 0.2999999999999999889 ) ) ;
#1521 = ORIENTED_EDGE ( 'NONE', *, *, #3547, .F. ) ;
#1522 = CARTESIAN_POINT ( 'NONE',  ( 8.000000000000000000, 0.000000000000000000, 10.00000000000000000 ) ) ;
#1523 = EDGE_CURVE ( 'NONE', #2994, #1170, #1552, .T. ) ;
#1524 = CYLINDRICAL_SURFACE ( 'NONE', #519, 4.999999999999999112 ) ;
#1525 = LINE ( 'NONE', #515, #4 ) ;
#1526 = FACE_BOUND ( 'NONE', #262, .T. ) ;
#1527 = VERTEX_POINT ( 'NONE', #3855 ) ;
#1528 = ORIENTED_EDGE ( 'NONE', *, *, #3521, .T. ) ;
#1529 = CARTESIAN_POINT ( 'NONE',  ( -7.088152134812061966, -4.691654938370623640, 0.4479955640268503680 ) ) ;
#1530 = DIRECTION ( 'NONE',  ( 1.000000000000000000, 0.000000000000000000, 0.000000000000000000 ) ) ;
#1531 = ORIENTED_EDGE ( 'NONE', *, *, #129, .F. ) ;
#1532 = LINE ( 'NONE', #3193, #3503 ) ;
#1533 = VERTEX_POINT ( 'NONE', #908 ) ;
#1534 = DIRECTION ( 'NONE',  ( 0.000000000000000000, 0.000000000000000000, 1.000000000000000000 ) ) ;
#1535 = LINE ( 'NONE', #3260, #730 ) ;
#1536 = VECTOR ( 'NONE', #2039, 1000.000000000000000 ) ;
#1537 = AXIS2_PLACEMENT_3D ( 'NONE', #638, #3907, #1262 ) ;
#1538 = LINE ( 'NONE', #1622, #2228 ) ;
#1539 = DIRECTION ( 'NONE',  ( 0.000000000000000000, 1.000000000000000000, 0.000000000000000000 ) ) ;
#1540 = ORIENTED_EDGE ( 'NONE', *, *, #1445, .F. ) ;
#1541 = VECTOR ( 'NONE', #3195, 1000.000000000000000 ) ;
#1542 = ADVANCED_FACE ( 'NONE', ( #1590 ), #2218, .T. ) ;
#1543 = DIRECTION ( 'NONE',  ( -8.587739980083199972E-17, 1.000000000000000000, 0.000000000000000000 ) ) ;
#1544 = DIRECTION ( 'NONE',  ( 0.000000000000000000, 0.000000000000000000, -1.000000000000000000 ) ) ;
#1545 = AXIS2_PLACEMENT_3D ( 'NONE', #3380, #2450, #3766 ) ;
#1546 = CARTESIAN_POINT ( 'NONE',  ( 14.75000000000000000, -2.250000000000000000, 5.000000000000000000 ) ) ;
#1547 = DIRECTION ( 'NONE',  ( -1.000000000000000000, 1.334402673828313339E-16, 0.000000000000000000 ) ) ;
#1548 = ORIENTED_EDGE ( 'NONE', *, *, #970, .F. ) ;
#1549 = EDGE_CURVE ( 'NONE', #3971, #414, #1722, .T. ) ;
#1550 = EDGE_LOOP ( 'NONE', ( #1958, #2525, #2415, #419 ) ) ;
#1551 = AXIS2_PLACEMENT_3D ( 'NONE', #1002, #2314, #38 ) ;
#1552 = LINE ( 'NONE', #3834, #2031 ) ;
#1553 = AXIS2_PLACEMENT_3D ( 'NONE', #1086, #1769, #2395 ) ;
#1554 = DIRECTION ( 'NONE',  ( 1.000802005371233895E-16, -1.000000000000000000, 0.000000000000000000 ) ) ;
#1555 = ORIENTED_EDGE ( 'NONE', *, *, #1992, .T. ) ;
#1556 = CARTESIAN_POINT ( 'NONE',  ( -10.57523382101743437, -4.376242912997072132, 6.715433659121166521 ) ) ;
#1557 = EDGE_CURVE ( 'NONE', #2657, #3650, #2199, .T. ) ;
#1558 = ORIENTED_EDGE ( 'NONE', *, *, #3361, .F. ) ;
#1559 = CLOSED_SHELL ( 'NONE', ( #3626, #659, #3828, #945, #3, #2551, #187, #2908, #2317, #2708, #214, #1345, #1018, #767, #2862, #3739, #1919, #3179, #2612, #3462, #1418, #360, #4209, #1412, #898, #3972, #2654, #3790, #4072, #1240, #244, #153, #99, #885, #1072, #2345, #1047, #3976, #1104, #1109, #3519, #314, #1860, #569, #3233, #3184, #2321, #3262, #2341, #3415, #3844, #2202, #2067, #893, #1367, #1286, #3030, #1757, #1671, #2151, #762, #654, #11, #2867, #1407, #84, #940, #2733, #1383, #919, #3730, #909, #793, #2498 ) ) ;
#1560 = DIRECTION ( 'NONE',  ( 1.000000000000000000, 0.000000000000000000, 0.000000000000000000 ) ) ;
#1561 =( NAMED_UNIT ( * ) SI_UNIT ( $, .STERADIAN. ) SOLID_ANGLE_UNIT ( ) );
#1562 = CARTESIAN_POINT ( 'NONE',  ( -7.104487272054069713, -4.666504109204420381, 0.2999999999999999889 ) ) ;
#1563 = CARTESIAN_POINT ( 'NONE',  ( -1.374772708486752926, -10.90000000000000036, -0.2000000000000013434 ) ) ;
#1564 = ORIENTED_EDGE ( 'NONE', *, *, #3084, .T. ) ;
#1565 = DIRECTION ( 'NONE',  ( -1.000000000000000000, 0.000000000000000000, -1.849736814544524867E-16 ) ) ;
#1566 = CARTESIAN_POINT ( 'NONE',  ( 0.000000000000000000, 18.50000000000000000, 10.00000000000000000 ) ) ;
#1567 = CYLINDRICAL_SURFACE ( 'NONE', #886, 0.5000000000000000000 ) ;
#1568 = EDGE_LOOP ( 'NONE', ( #2616, #352 ) ) ;
#1569 = EDGE_LOOP ( 'NONE', ( #278, #3278, #954, #109 ) ) ;
#1570 = AXIS2_PLACEMENT_3D ( 'NONE', #799, #3168, #2902 ) ;
#1571 = EDGE_CURVE ( 'NONE', #2593, #1170, #865, .T. ) ;
#1572 = DIRECTION ( 'NONE',  ( -1.000000000000000000, 0.000000000000000000, 0.000000000000000000 ) ) ;
#1573 = VECTOR ( 'NONE', #4063, 1000.000000000000000 ) ;
#1574 = CARTESIAN_POINT ( 'NONE',  ( 9.599999999999999645, 4.250000000000000000, 50.00000000000000711 ) ) ;
#1575 = EDGE_LOOP ( 'NONE', ( #2459, #3947, #3669, #1139 ) ) ;
#1576 = CARTESIAN_POINT ( 'NONE',  ( 6.478435652084950647, 4.250000000000000000, 30.00000000000000000 ) ) ;
#1577 = ORIENTED_EDGE ( 'NONE', *, *, #4054, .F. ) ;
#1578 = AXIS2_PLACEMENT_3D ( 'NONE', #2330, #698, #2996 ) ;
#1579 = EDGE_CURVE ( 'NONE', #760, #3246, #551, .T. ) ;
#1580 = CARTESIAN_POINT ( 'NONE',  ( 8.250000000000000000, 12.75000000000000000, 5.000000000000000000 ) ) ;
#1581 = DIRECTION ( 'NONE',  ( 0.9001592514155136726, 0.4355609281042803205, 0.000000000000000000 ) ) ;
#1582 = DIRECTION ( 'NONE',  ( 1.000000000000000000, 0.000000000000000000, 0.000000000000000000 ) ) ;
#1583 = DIRECTION ( 'NONE',  ( 0.000000000000000000, 1.000000000000000000, 0.000000000000000000 ) ) ;
#1584 = ORIENTED_EDGE ( 'NONE', *, *, #1579, .F. ) ;
#1585 = CARTESIAN_POINT ( 'NONE',  ( 0.000000000000000000, 0.000000000000000000, 10.00000000000000000 ) ) ;
#1586 = CYLINDRICAL_SURFACE ( 'NONE', #3846, 5.000000000000000888 ) ;
#1587 = CARTESIAN_POINT ( 'NONE',  ( 6.604487272054069713, -13.89999999999999858, 0.2999999999999999889 ) ) ;
#1588 = EDGE_LOOP ( 'NONE', ( #1294, #128, #3853, #1915, #3256, #3016, #503, #1349, #1197, #2957, #2478, #227 ) ) ;
#1589 = VERTEX_POINT ( 'NONE', #2501 ) ;
#1590 = FACE_OUTER_BOUND ( 'NONE', #2674, .T. ) ;
#1591 = DIRECTION ( 'NONE',  ( 0.000000000000000000, 0.000000000000000000, -1.000000000000000000 ) ) ;
#1592 = ORIENTED_EDGE ( 'NONE', *, *, #924, .T. ) ;
#1593 = CARTESIAN_POINT ( 'NONE',  ( -7.086145158008717360, 4.694317367084808623, 0.4350334208799330193 ) ) ;
#1594 = ORIENTED_EDGE ( 'NONE', *, *, #1083, .T. ) ;
#1595 = EDGE_CURVE ( 'NONE', #2770, #911, #542, .T. ) ;
#1596 = DIRECTION ( 'NONE',  ( 0.000000000000000000, 0.000000000000000000, 1.000000000000000000 ) ) ;
#1597 = CARTESIAN_POINT ( 'NONE',  ( 11.50000000000000000, -2.250000000000000000, 3.250000000000000000 ) ) ;
#1598 = EDGE_CURVE ( 'NONE', #1358, #1082, #2236, .T. ) ;
#1599 = CARTESIAN_POINT ( 'NONE',  ( -11.50000000000000000, 12.75000000000000000, 28.00000000000000000 ) ) ;
#1600 = CARTESIAN_POINT ( 'NONE',  ( 6.619418755273130728, 6.075854876426019402, -0.1999999999999988454 ) ) ;
#1601 = CARTESIAN_POINT ( 'NONE',  ( -11.50000000000000000, -7.750000000000000000, 6.750000000000000000 ) ) ;
#1602 = CIRCLE ( 'NONE', #2019, 0.5000000000000000000 ) ;
#1603 = LINE ( 'NONE', #3592, #1741 ) ;
#1604 = AXIS2_PLACEMENT_3D ( 'NONE', #3502, #1287, #1863 ) ;
#1605 = DIRECTION ( 'NONE',  ( 1.000000000000000000, 0.000000000000000000, 0.000000000000000000 ) ) ;
#1606 = FACE_OUTER_BOUND ( 'NONE', #2742, .T. ) ;
#1607 = ORIENTED_EDGE ( 'NONE', *, *, #3932, .F. ) ;
#1608 = VERTEX_POINT ( 'NONE', #1214 ) ;
#1609 = CIRCLE ( 'NONE', #4022, 1.749999999999999778 ) ;
#1610 = CARTESIAN_POINT ( 'NONE',  ( -6.821846154092018999, 5.531776484702635166, -0.1505312828253077828 ) ) ;
#1611 = PRODUCT_DEFINITION ( 'æœ', '', #3303, #3544 ) ;
#1612 = PLANE ( 'NONE',  #873 ) ;
#1613 = ORIENTED_EDGE ( 'NONE', *, *, #2940, .T. ) ;
#1614 = VECTOR ( 'NONE', #2992, 1000.000000000000000 ) ;
#1615 = DIRECTION ( 'NONE',  ( 1.000000000000000000, 0.000000000000000000, 0.000000000000000000 ) ) ;
#1616 = EDGE_LOOP ( 'NONE', ( #1935, #2084, #1276, #718 ) ) ;
#1617 = DIRECTION ( 'NONE',  ( 0.000000000000000000, 0.000000000000000000, -1.000000000000000000 ) ) ;
#1618 = EDGE_CURVE ( 'NONE', #892, #711, #887, .T. ) ;
#1619 = LINE ( 'NONE', #2596, #1350 ) ;
#1620 = VERTEX_POINT ( 'NONE', #3984 ) ;
#1621 = AXIS2_PLACEMENT_3D ( 'NONE', #827, #4074, #2152 ) ;
#1622 = CARTESIAN_POINT ( 'NONE',  ( 0.000000000000000000, -4.250000000000000000, 0.000000000000000000 ) ) ;
#1623 = EDGE_CURVE ( 'NONE', #3971, #568, #1137, .T. ) ;
#1624 = CARTESIAN_POINT ( 'NONE',  ( 6.857338439696833987, 5.430242511646539150, -0.1314032121034684752 ) ) ;
#1625 = DIRECTION ( 'NONE',  ( 0.000000000000000000, 1.000000000000000000, 0.000000000000000000 ) ) ;
#1626 = CARTESIAN_POINT ( 'NONE',  ( 13.50000000000000000, 5.500000000000000000, 0.9999999999999701350 ) ) ;
#1627 = EDGE_CURVE ( 'NONE', #178, #2482, #2568, .T. ) ;
#1628 = CARTESIAN_POINT ( 'NONE',  ( -7.291612123339699991, 1.580668278431285101, 30.00000000000000000 ) ) ;
#1629 = DIRECTION ( 'NONE',  ( 1.000000000000000000, 0.000000000000000000, 0.000000000000000000 ) ) ;
#1630 = ORIENTED_EDGE ( 'NONE', *, *, #3656, .T. ) ;
#1631 = VERTEX_POINT ( 'NONE', #4246 ) ;
#1632 = CARTESIAN_POINT ( 'NONE',  ( -6.758413828504224341, 5.708205159082601732, -0.1758588710867407257 ) ) ;
#1633 = LINE ( 'NONE', #2954, #2243 ) ;
#1634 = ORIENTED_EDGE ( 'NONE', *, *, #3079, .T. ) ;
#1635 = DIRECTION ( 'NONE',  ( -0.000000000000000000, 1.000000000000000000, 0.000000000000000000 ) ) ;
#1636 = VECTOR ( 'NONE', #3741, 1000.000000000000000 ) ;
#1637 = VERTEX_POINT ( 'NONE', #2952 ) ;
#1638 = VECTOR ( 'NONE', #2769, 1000.000000000000000 ) ;
#1639 = CARTESIAN_POINT ( 'NONE',  ( 6.440804985062399979E-17, 0.7500000000000000000, 33.00000000000000000 ) ) ;
#1640 = DIRECTION ( 'NONE',  ( -0.000000000000000000, -0.000000000000000000, -1.000000000000000000 ) ) ;
#1641 = ORIENTED_EDGE ( 'NONE', *, *, #2554, .T. ) ;
#1642 = VECTOR ( 'NONE', #289, 1000.000000000000000 ) ;
#1643 = EDGE_CURVE ( 'NONE', #2289, #2593, #1015, .T. ) ;
#1644 = FACE_OUTER_BOUND ( 'NONE', #1899, .T. ) ;
#1645 = AXIS2_PLACEMENT_3D ( 'NONE', #1663, #2572, #1970 ) ;
#1646 = DIRECTION ( 'NONE',  ( 0.000000000000000000, 1.000000000000000000, 0.000000000000000000 ) ) ;
#1647 = CARTESIAN_POINT ( 'NONE',  ( -5.479744811588818543, -13.89999999999999858, 2.637127190577119862 ) ) ;
#1648 = EDGE_CURVE ( 'NONE', #2245, #1272, #1378, .T. ) ;
#1649 = DIRECTION ( 'NONE',  ( 0.000000000000000000, 0.000000000000000000, -1.000000000000000000 ) ) ;
#1650 = FACE_OUTER_BOUND ( 'NONE', #4115, .T. ) ;
#1651 = CARTESIAN_POINT ( 'NONE',  ( 11.50000000000000000, -2.250000000000000000, 28.00000000000000000 ) ) ;
#1652 = ORIENTED_EDGE ( 'NONE', *, *, #2705, .T. ) ;
#1653 = ORIENTED_EDGE ( 'NONE', *, *, #629, .T. ) ;
#1654 = EDGE_CURVE ( 'NONE', #802, #1358, #3918, .T. ) ;
#1655 = CARTESIAN_POINT ( 'NONE',  ( -6.915525348490463742, 5.260563962667915483, -0.09159919569079438828 ) ) ;
#1656 = DIRECTION ( 'NONE',  ( 1.000000000000000000, 0.000000000000000000, 0.000000000000000000 ) ) ;
#1657 = ORIENTED_EDGE ( 'NONE', *, *, #1571, .T. ) ;
#1658 = DIRECTION ( 'NONE',  ( 0.000000000000000000, -1.000000000000000000, 0.000000000000000000 ) ) ;
#1659 = ORIENTED_EDGE ( 'NONE', *, *, #1134, .F. ) ;
#1660 = DIRECTION ( 'NONE',  ( 0.000000000000000000, 1.000000000000000000, 0.000000000000000000 ) ) ;
#1661 = CARTESIAN_POINT ( 'NONE',  ( 10.50000000000000000, -18.50000000000000000, 10.00000000000000000 ) ) ;
#1662 = VERTEX_POINT ( 'NONE', #952 ) ;
#1663 = CARTESIAN_POINT ( 'NONE',  ( 0.000000000000000000, 0.000000000000000000, 0.000000000000000000 ) ) ;
#1664 = VERTEX_POINT ( 'NONE', #974 ) ;
#1665 = DIRECTION ( 'NONE',  ( 0.5734623443633289908, 0.000000000000000000, -0.8192319205190400355 ) ) ;
#1666 = LINE ( 'NONE', #65, #522 ) ;
#1667 = EDGE_CURVE ( 'NONE', #3619, #2370, #348, .T. ) ;
#1668 = LINE ( 'NONE', #1647, #2537 ) ;
#1669 = CARTESIAN_POINT ( 'NONE',  ( -13.50000000000000000, -5.500000000000000000, 0.000000000000000000 ) ) ;
#1670 = CARTESIAN_POINT ( 'NONE',  ( -7.055028863459309463, 4.740945869313000216, 0.5168231408637660174 ) ) ;
#1671 = ADVANCED_FACE ( 'NONE', ( #3275 ), #327, .F. ) ;
#1672 = DIRECTION ( 'NONE',  ( -1.000000000000000000, 1.334402673828313339E-16, 0.000000000000000000 ) ) ;
#1673 = VERTEX_POINT ( 'NONE', #1677 ) ;
#1674 = CIRCLE ( 'NONE', #2773, 8.500000000000000000 ) ;
#1675 = ORIENTED_EDGE ( 'NONE', *, *, #3937, .F. ) ;
#1676 = VECTOR ( 'NONE', #2897, 1000.000000000000000 ) ;
#1677 = CARTESIAN_POINT ( 'NONE',  ( 7.055028863459309463, -4.740945869313009986, 0.5168231408637720126 ) ) ;
#1678 = EDGE_CURVE ( 'NONE', #1637, #835, #994, .T. ) ;
#1679 = PLANE ( 'NONE',  #2312 ) ;
#1680 = ORIENTED_EDGE ( 'NONE', *, *, #1134, .T. ) ;
#1681 = LINE ( 'NONE', #1321, #3160 ) ;
#1682 = ORIENTED_EDGE ( 'NONE', *, *, #3597, .F. ) ;
#1683 = VECTOR ( 'NONE', #4229, 1000.000000000000000 ) ;
#1684 = DIRECTION ( 'NONE',  ( 0.000000000000000000, 1.000000000000000000, 0.000000000000000000 ) ) ;
#1685 = AXIS2_PLACEMENT_3D ( 'NONE', #1105, #3384, #2392 ) ;
#1686 = EDGE_CURVE ( 'NONE', #4156, #2265, #1411, .T. ) ;
#1687 = LINE ( 'NONE', #2374, #1280 ) ;
#1688 = ORIENTED_EDGE ( 'NONE', *, *, #2290, .F. ) ;
#1689 = AXIS2_PLACEMENT_3D ( 'NONE', #1903, #896, #1560 ) ;
#1690 = CARTESIAN_POINT ( 'NONE',  ( -11.11051126243938114, 2.000302375090279750, 8.336062794980415802 ) ) ;
#1691 = DIRECTION ( 'NONE',  ( -0.000000000000000000, 1.000000000000000000, -0.000000000000000000 ) ) ;
#1692 = AXIS2_PLACEMENT_3D ( 'NONE', #649, #976, #3686 ) ;
#1693 = APPLICATION_CONTEXT ( 'automotive_design' ) ;
#1694 = CARTESIAN_POINT ( 'NONE',  ( 7.018524322003806049, -4.945611890879939132, 0.01968957121254758316 ) ) ;
#1695 = PLANE ( 'NONE',  #645 ) ;
#1696 = LINE ( 'NONE', #2324, #2256 ) ;
#1697 = VERTEX_POINT ( 'NONE', #154 ) ;
#1698 = DIRECTION ( 'NONE',  ( 0.000000000000000000, 0.000000000000000000, 1.000000000000000000 ) ) ;
#1699 = EDGE_CURVE ( 'NONE', #3323, #3042, #1481, .T. ) ;
#1700 = CARTESIAN_POINT ( 'NONE',  ( -7.076027770013099349, 4.759481631230467080, 0.1339110563735593784 ) ) ;
#1701 = DIRECTION ( 'NONE',  ( 0.000000000000000000, 0.000000000000000000, 1.000000000000000000 ) ) ;
#1702 = EDGE_LOOP ( 'NONE', ( #1381, #1066, #40, #1934 ) ) ;
#1703 = CARTESIAN_POINT ( 'NONE',  ( 13.50000000000000000, 5.500000000000000000, 0.000000000000000000 ) ) ;
#1704 = ORIENTED_EDGE ( 'NONE', *, *, #137, .F. ) ;
#1705 = EDGE_CURVE ( 'NONE', #3769, #3353, #4088, .T. ) ;
#1706 = DIRECTION ( 'NONE',  ( -1.000000000000000000, 0.000000000000000000, -2.135044278125301343E-15 ) ) ;
#1707 = CIRCLE ( 'NONE', #2533, 3.249999999999999556 ) ;
#1708 = CARTESIAN_POINT ( 'NONE',  ( -7.500000000000000000, -25.50000000000000000, 6.000000000000000000 ) ) ;
#1709 = ORIENTED_EDGE ( 'NONE', *, *, #1789, .T. ) ;
#1710 = CIRCLE ( 'NONE', #2611, 3.249999999999999556 ) ;
#1711 = EDGE_CURVE ( 'NONE', #1867, #4056, #757, .T. ) ;
#1712 = CARTESIAN_POINT ( 'NONE',  ( -10.28771024652967014, 3.225750696657939010, 8.132310649084789844 ) ) ;
#1713 = CARTESIAN_POINT ( 'NONE',  ( -9.599999999999999645, 4.250000000000000000, 30.63675937468704547 ) ) ;
#1714 = VECTOR ( 'NONE', #3356, 1000.000000000000000 ) ;
#1715 = DIRECTION ( 'NONE',  ( 1.000000000000000000, -2.551063935260009690E-17, 0.000000000000000000 ) ) ;
#1716 = AXIS2_PLACEMENT_3D ( 'NONE', #2144, #3102, #1847 ) ;
#1717 = DIRECTION ( 'NONE',  ( 0.5574341878840192166, -0.8302211308910921739, 0.000000000000000000 ) ) ;
#1718 = DIRECTION ( 'NONE',  ( 1.000000000000000000, 0.000000000000000000, 0.000000000000000000 ) ) ;
#1719 = ORIENTED_EDGE ( 'NONE', *, *, #3944, .F. ) ;
#1720 = AXIS2_PLACEMENT_3D ( 'NONE', #2767, #1133, #2441 ) ;
#1721 = VERTEX_POINT ( 'NONE', #132 ) ;
#1722 =( BOUNDED_CURVE ( )  B_SPLINE_CURVE ( 3, ( #4223, #2888, #4204, #202 ),
 .UNSPECIFIED., .F., .T. ) 
 B_SPLINE_CURVE_WITH_KNOTS ( ( 4, 4 ),
 ( 4.087983070410304620, 4.851296801330326147 ),
 .UNSPECIFIED. ) 
 CURVE ( )  GEOMETRIC_REPRESENTATION_ITEM ( )  RATIONAL_B_SPLINE_CURVE ( ( 1.000000000000000000, 0.9520325305715081621, 0.9520325305715081621, 1.000000000000000000 ) ) 
 REPRESENTATION_ITEM ( '' )  );
#1723 = LINE ( 'NONE', #3101, #3817 ) ;
#1724 = DIRECTION ( 'NONE',  ( 0.000000000000000000, -1.000000000000000000, 0.000000000000000000 ) ) ;
#1725 = ORIENTED_EDGE ( 'NONE', *, *, #2886, .T. ) ;
#1726 = EDGE_CURVE ( 'NONE', #2365, #2949, #1723, .T. ) ;
#1727 = ORIENTED_EDGE ( 'NONE', *, *, #678, .T. ) ;
#1728 = CARTESIAN_POINT ( 'NONE',  ( 13.50000000000000000, 5.500000000000000000, 0.9999999999999701350 ) ) ;
#1729 = CARTESIAN_POINT ( 'NONE',  ( -8.250000000000000000, -2.250000000000000000, 5.000000000000000000 ) ) ;
#1730 = ORIENTED_EDGE ( 'NONE', *, *, #2436, .F. ) ;
#1731 = EDGE_CURVE ( 'NONE', #1533, #2770, #792, .T. ) ;
#1732 = VERTEX_POINT ( 'NONE', #1457 ) ;
#1733 = CARTESIAN_POINT ( 'NONE',  ( 7.852348993288590151, 5.500000000000000000, 5.496644295302020033 ) ) ;
#1734 = CARTESIAN_POINT ( 'NONE',  ( -11.95000000000000107, 0.7499999999999995559, 31.21869538788619991 ) ) ;
#1735 = EDGE_CURVE ( 'NONE', #29, #3230, #2425, .T. ) ;
#1736 = CYLINDRICAL_SURFACE ( 'NONE', #922, 3.249999999999999556 ) ;
#1737 = DIRECTION ( 'NONE',  ( 1.000000000000000000, 0.000000000000000000, 0.000000000000000000 ) ) ;
#1738 = ORIENTED_EDGE ( 'NONE', *, *, #397, .T. ) ;
#1739 = DIRECTION ( 'NONE',  ( -1.000000000000000000, 0.000000000000000000, 0.000000000000000000 ) ) ;
#1740 = DIRECTION ( 'NONE',  ( 1.000000000000000000, 0.000000000000000000, 0.000000000000000000 ) ) ;
#1741 = VECTOR ( 'NONE', #3549, 1000.000000000000000 ) ;
#1742 = DIRECTION ( 'NONE',  ( 0.000000000000000000, 0.000000000000000000, 1.000000000000000000 ) ) ;
#1743 = ORIENTED_EDGE ( 'NONE', *, *, #2075, .F. ) ;
#1744 = ORIENTED_EDGE ( 'NONE', *, *, #1731, .F. ) ;
#1745 = AXIS2_PLACEMENT_3D ( 'NONE', #421, #1027, #3675 ) ;
#1746 = CARTESIAN_POINT ( 'NONE',  ( -13.50000000000000000, 18.50000000000000000, 0.000000000000000000 ) ) ;
#1747 = CARTESIAN_POINT ( 'NONE',  ( -10.50000000000000000, -4.330127018922190985, 10.00000000000000000 ) ) ;
#1748 = VERTEX_POINT ( 'NONE', #1141 ) ;
#1749 = AXIS2_PLACEMENT_3D ( 'NONE', #3821, #2872, #1282 ) ;
#1750 = ORIENTED_EDGE ( 'NONE', *, *, #2662, .F. ) ;
#1751 = VECTOR ( 'NONE', #3557, 1000.000000000000000 ) ;
#1752 = EDGE_CURVE ( 'NONE', #585, #2968, #2772, .T. ) ;
#1753 = CARTESIAN_POINT ( 'NONE',  ( 9.926310430526139793E-17, 0.000000000000000000, 0.2999999999999999889 ) ) ;
#1754 = CARTESIAN_POINT ( 'NONE',  ( -6.745724207648593485, -5.742243484536563969, -0.1797101669002878210 ) ) ;
#1755 = DIRECTION ( 'NONE',  ( 0.000000000000000000, -1.000000000000000000, 0.000000000000000000 ) ) ;
#1756 = VECTOR ( 'NONE', #2665, 1000.000000000000000 ) ;
#1757 = ADVANCED_FACE ( 'NONE', ( #492 ), #2105, .F. ) ;
#1758 = FACE_OUTER_BOUND ( 'NONE', #1945, .T. ) ;
#1759 = VECTOR ( 'NONE', #500, 1000.000000000000000 ) ;
#1760 = CARTESIAN_POINT ( 'NONE',  ( -11.50000000000000000, -2.250000000000000000, 28.00000000000000000 ) ) ;
#1761 = VERTEX_POINT ( 'NONE', #429 ) ;
#1762 = ORIENTED_EDGE ( 'NONE', *, *, #624, .T. ) ;
#1763 = LINE ( 'NONE', #3745, #3953 ) ;
#1764 = CARTESIAN_POINT ( 'NONE',  ( 11.50000000000000000, -2.250000000000000000, 5.000000000000000000 ) ) ;
#1765 = CARTESIAN_POINT ( 'NONE',  ( 11.50000000000000000, -4.250000000000000000, 26.25000000000000000 ) ) ;
#1766 = EDGE_LOOP ( 'NONE', ( #2071, #2007 ) ) ;
#1767 = EDGE_LOOP ( 'NONE', ( #2711, #3053, #2864, #216, #1176, #3665, #135, #3295 ) ) ;
#1768 = DIRECTION ( 'NONE',  ( -1.000000000000000000, 0.000000000000000000, 0.000000000000000000 ) ) ;
#1769 = DIRECTION ( 'NONE',  ( 0.000000000000000000, -1.000000000000000000, 0.000000000000000000 ) ) ;
#1770 = ORIENTED_EDGE ( 'NONE', *, *, #3074, .F. ) ;
#1771 = ORIENTED_EDGE ( 'NONE', *, *, #599, .T. ) ;
#1772 = PLANE ( 'NONE',  #379 ) ;
#1773 = DIRECTION ( 'NONE',  ( 0.000000000000000000, 0.000000000000000000, 1.000000000000000000 ) ) ;
#1774 = DIRECTION ( 'NONE',  ( 0.000000000000000000, -1.000000000000000000, 0.000000000000000000 ) ) ;
#1775 = EDGE_CURVE ( 'NONE', #2505, #1761, #1763, .T. ) ;
#1776 = CIRCLE ( 'NONE', #1160, 3.249999999999999556 ) ;
#1777 = DIRECTION ( 'NONE',  ( -8.673617379884039170E-17, 1.000000000000000000, 0.000000000000000000 ) ) ;
#1778 = VECTOR ( 'NONE', #1822, 1000.000000000000000 ) ;
#1779 = CARTESIAN_POINT ( 'NONE',  ( -10.50000000000000000, 0.000000000000000000, 10.00000000000000000 ) ) ;
#1780 = ORIENTED_EDGE ( 'NONE', *, *, #1947, .T. ) ;
#1781 = EDGE_CURVE ( 'NONE', #3447, #2365, #405, .T. ) ;
#1782 = ORIENTED_EDGE ( 'NONE', *, *, #3807, .T. ) ;
#1783 = AXIS2_PLACEMENT_3D ( 'NONE', #3900, #2870, #1615 ) ;
#1784 = FACE_OUTER_BOUND ( 'NONE', #753, .T. ) ;
#1785 = LINE ( 'NONE', #2495, #962 ) ;
#1786 = CIRCLE ( 'NONE', #77, 3.250000000000000000 ) ;
#1787 = LINE ( 'NONE', #3446, #540 ) ;
#1788 = ORIENTED_EDGE ( 'NONE', *, *, #689, .F. ) ;
#1789 = EDGE_CURVE ( 'NONE', #733, #256, #3199, .T. ) ;
#1790 = ORIENTED_EDGE ( 'NONE', *, *, #1338, .F. ) ;
#1791 = PLANE ( 'NONE',  #106 ) ;
#1792 = FACE_OUTER_BOUND ( 'NONE', #3625, .T. ) ;
#1793 = ORIENTED_EDGE ( 'NONE', *, *, #2855, .F. ) ;
#1794 = PRESENTATION_STYLE_ASSIGNMENT (( #185 ) ) ;
#1795 = VERTEX_POINT ( 'NONE', #1437 ) ;
#1796 = DIRECTION ( 'NONE',  ( -0.000000000000000000, 1.000000000000000000, -0.000000000000000000 ) ) ;
#1797 = CARTESIAN_POINT ( 'NONE',  ( -10.50000000000000000, 0.000000000000000000, 10.00000000000000000 ) ) ;
#1798 = CARTESIAN_POINT ( 'NONE',  ( -11.50000000000000000, -2.250000000000000000, 28.00000000000000000 ) ) ;
#1799 = CARTESIAN_POINT ( 'NONE',  ( -7.500000000000000000, 17.30000000000000071, 6.000000000000000000 ) ) ;
#1800 = DIRECTION ( 'NONE',  ( 0.000000000000000000, 0.000000000000000000, 1.000000000000000000 ) ) ;
#1801 = VERTEX_POINT ( 'NONE', #819 ) ;
#1802 = PLANE ( 'NONE',  #3676 ) ;
#1803 = EDGE_CURVE ( 'NONE', #2865, #802, #111, .T. ) ;
#1804 = CARTESIAN_POINT ( 'NONE',  ( 5.859999999999999432, -13.89999999999999858, 6.000000000000000000 ) ) ;
#1805 = DIRECTION ( 'NONE',  ( 0.000000000000000000, 1.000000000000000000, 0.000000000000000000 ) ) ;
#1806 = DIRECTION ( 'NONE',  ( 1.000000000000000000, -2.551063935260009690E-17, 0.000000000000000000 ) ) ;
#1807 = ORIENTED_EDGE ( 'NONE', *, *, #859, .F. ) ;
#1808 = ORIENTED_EDGE ( 'NONE', *, *, #4128, .F. ) ;
#1809 = ADVANCED_FACE ( 'NONE', ( #1784 ), #2126, .F. ) ;
#1810 = DIRECTION ( 'NONE',  ( 0.000000000000000000, 0.000000000000000000, 1.000000000000000000 ) ) ;
#1811 = DIRECTION ( 'NONE',  ( 0.000000000000000000, 1.000000000000000000, 0.000000000000000000 ) ) ;
#1812 = EDGE_LOOP ( 'NONE', ( #921, #3034, #3402, #603 ) ) ;
#1813 = PLANE ( 'NONE',  #1918 ) ;
#1814 = ORIENTED_EDGE ( 'NONE', *, *, #420, .F. ) ;
#1815 = EDGE_CURVE ( 'NONE', #1664, #1834, #2044, .T. ) ;
#1816 = CARTESIAN_POINT ( 'NONE',  ( 10.73213150326320076, 4.456093859144894864, 6.000000000000000000 ) ) ;
#1817 = CIRCLE ( 'NONE', #1537, 1.750000000000001554 ) ;
#1818 = SURFACE_STYLE_USAGE ( .BOTH. , #1156 ) ;
#1819 = CIRCLE ( 'NONE', #858, 3.249999999999999556 ) ;
#1820 = CARTESIAN_POINT ( 'NONE',  ( 13.50000000000000000, 18.50000000000000000, 0.9999999999999701350 ) ) ;
#1821 = VECTOR ( 'NONE', #286, 1000.000000000000000 ) ;
#1822 = DIRECTION ( 'NONE',  ( 1.245367360287403862E-16, 0.000000000000000000, 1.000000000000000000 ) ) ;
#1823 = EDGE_LOOP ( 'NONE', ( #589, #3131 ) ) ;
#1824 = PLANE ( 'NONE',  #2156 ) ;
#1825 = CIRCLE ( 'NONE', #592, 1.500000000000000000 ) ;
#1826 = CARTESIAN_POINT ( 'NONE',  ( 11.11051126243938114, 2.000302375090279750, 8.336062794980415802 ) ) ;
#1827 = DIRECTION ( 'NONE',  ( 0.000000000000000000, -1.000000000000000000, 0.000000000000000000 ) ) ;
#1828 = DIRECTION ( 'NONE',  ( 0.000000000000000000, 0.000000000000000000, 1.000000000000000000 ) ) ;
#1829 = VERTEX_POINT ( 'NONE', #4028 ) ;
#1830 = AXIS2_PLACEMENT_3D ( 'NONE', #1379, #32, #2698 ) ;
#1831 = EDGE_LOOP ( 'NONE', ( #1531, #2970, #3920, #3838 ) ) ;
#1832 = EDGE_CURVE ( 'NONE', #538, #2800, #2735, .T. ) ;
#1833 = CYLINDRICAL_SURFACE ( 'NONE', #2380, 1.749999999999999778 ) ;
#1834 = VERTEX_POINT ( 'NONE', #2408 ) ;
#1835 = ORIENTED_EDGE ( 'NONE', *, *, #3240, .F. ) ;
#1836 = EDGE_CURVE ( 'NONE', #816, #1981, #2349, .T. ) ;
#1837 = FACE_OUTER_BOUND ( 'NONE', #745, .T. ) ;
#1838 = DIRECTION ( 'NONE',  ( 1.000000000000000000, 0.000000000000000000, 0.000000000000000000 ) ) ;
#1839 = EDGE_CURVE ( 'NONE', #2410, #1673, #2623, .T. ) ;
#1840 = DIRECTION ( 'NONE',  ( 1.000000000000000000, -1.000802005371235004E-16, 0.000000000000000000 ) ) ;
#1841 = VECTOR ( 'NONE', #454, 1000.000000000000000 ) ;
#1842 = DIRECTION ( 'NONE',  ( 0.000000000000000000, 0.000000000000000000, 1.000000000000000000 ) ) ;
#1843 = VERTEX_POINT ( 'NONE', #3244 ) ;
#1844 = CARTESIAN_POINT ( 'NONE',  ( 6.604487272054069713, -13.39999999999999147, -0.2000000000000000111 ) ) ;
#1845 = AXIS2_PLACEMENT_3D ( 'NONE', #3098, #752, #1138 ) ;
#1846 = CARTESIAN_POINT ( 'NONE',  ( 6.478435652084950647, 3.950000000000000178, 30.00000000000000000 ) ) ;
#1847 = DIRECTION ( 'NONE',  ( 1.000000000000000000, 0.000000000000000000, 0.000000000000000000 ) ) ;
#1848 = CARTESIAN_POINT ( 'NONE',  ( 5.859999999999999432, 6.157142194232649857, 3.000000000000000000 ) ) ;
#1849 = EDGE_LOOP ( 'NONE', ( #1376, #3587, #864 ) ) ;
#1850 = CIRCLE ( 'NONE', #4052, 1.500000000000000444 ) ;
#1851 = VERTEX_POINT ( 'NONE', #1974 ) ;
#1852 = CIRCLE ( 'NONE', #2476, 1.749999999999999778 ) ;
#1853 = CARTESIAN_POINT ( 'NONE',  ( -12.00000000000000000, 0.7500000000000000000, 5.000000000000000000 ) ) ;
#1854 = LINE ( 'NONE', #3214, #3067 ) ;
#1855 = EDGE_LOOP ( 'NONE', ( #481, #2764 ) ) ;
#1856 = CARTESIAN_POINT ( 'NONE',  ( 11.50000000000000000, -7.750000000000000000, 3.250000000000000000 ) ) ;
#1857 = VERTEX_POINT ( 'NONE', #2143 ) ;
#1858 = SHAPE_REPRESENTATION ( 'WH110-wuji glove\X2\63d295004ef6\X0\ \X2\88c5914d4f53\X0\1', ( #1645, #2749, #212 ), #553 ) ;
#1859 = DIRECTION ( 'NONE',  ( -7.885106708985490266E-17, -1.000000000000000000, 0.000000000000000000 ) ) ;
#1860 = ADVANCED_FACE ( 'NONE', ( #639 ), #1524, .F. ) ;
#1861 = CARTESIAN_POINT ( 'NONE',  ( -7.104487272054057279, -4.666504109204431039, 0.2416908631787362260 ) ) ;
#1862 = DIRECTION ( 'NONE',  ( 0.000000000000000000, 0.000000000000000000, 1.000000000000000000 ) ) ;
#1863 = DIRECTION ( 'NONE',  ( 0.000000000000000000, 0.000000000000000000, -1.000000000000000000 ) ) ;
#1864 = EDGE_CURVE ( 'NONE', #3472, #2609, #2990, .T. ) ;
#1865 = CARTESIAN_POINT ( 'NONE',  ( -11.50000000000000000, -4.250000000000000000, 6.750000000000000000 ) ) ;
#1866 = B_SPLINE_CURVE_WITH_KNOTS ( 'NONE', 3,
 ( #2856, #3522, #3800, #3459 ),
 .UNSPECIFIED., .F., .F.,
 ( 4, 4 ),
 ( 0.000000000000000000, 1.000000000000000000 ),
 .UNSPECIFIED. ) ;
#1867 = VERTEX_POINT ( 'NONE', #2797 ) ;
#1868 = DIRECTION ( 'NONE',  ( 0.000000000000000000, 1.000000000000000000, 0.000000000000000000 ) ) ;
#1869 = EDGE_CURVE ( 'NONE', #369, #3510, #844, .T. ) ;
#1870 = CARTESIAN_POINT ( 'NONE',  ( 11.50000000000000000, 12.75000000000000000, 28.00000000000000000 ) ) ;
#1871 = CARTESIAN_POINT ( 'NONE',  ( -1.109842088726713096E-16, -10.90000000000000036, -0.2000000000000010658 ) ) ;
#1872 = EDGE_LOOP ( 'NONE', ( #266, #2910, #3460, #884, #2753, #1434 ) ) ;
#1873 = VERTEX_POINT ( 'NONE', #838 ) ;
#1874 = CARTESIAN_POINT ( 'NONE',  ( -11.70000000000000107, 17.30000000000000071, 0.000000000000000000 ) ) ;
#1875 = DIRECTION ( 'NONE',  ( 0.7071067811865475727, 0.7071067811865475727, -0.000000000000000000 ) ) ;
#1876 = ORIENTED_EDGE ( 'NONE', *, *, #1836, .F. ) ;
#1877 = CARTESIAN_POINT ( 'NONE',  ( -7.500000000000000000, -5.500000000000000000, 6.000000000000000000 ) ) ;
#1878 = ORIENTED_EDGE ( 'NONE', *, *, #3891, .T. ) ;
#1879 = CARTESIAN_POINT ( 'NONE',  ( 10.73213150326320076, 4.456093859144894864, 6.000000000000000000 ) ) ;
#1880 = CARTESIAN_POINT ( 'NONE',  ( 6.528035413153449262, 3.158726812816184726, 30.00000000000000000 ) ) ;
#1881 = CIRCLE ( 'NONE', #302, 10.00000000000000178 ) ;
#1882 = EDGE_CURVE ( 'NONE', #256, #3134, #196, .T. ) ;
#1883 = CIRCLE ( 'NONE', #993, 3.249999999999999556 ) ;
#1884 = CARTESIAN_POINT ( 'NONE',  ( -11.95000000000000107, 0.7499999999999995559, 31.21869538788619991 ) ) ;
#1885 = CARTESIAN_POINT ( 'NONE',  ( -5.859999999999999432, -6.157142194232640087, 30.04163056034259682 ) ) ;
#1886 = EDGE_LOOP ( 'NONE', ( #2782, #2141, #2732, #1204 ) ) ;
#1887 = AXIS2_PLACEMENT_3D ( 'NONE', #3070, #3389, #2726 ) ;
#1888 = EDGE_CURVE ( 'NONE', #703, #3204, #2157, .T. ) ;
#1889 = LINE ( 'NONE', #903, #2294 ) ;
#1890 = AXIS2_PLACEMENT_3D ( 'NONE', #737, #453, #3080 ) ;
#1891 = FACE_OUTER_BOUND ( 'NONE', #2759, .T. ) ;
#1892 = FACE_OUTER_BOUND ( 'NONE', #432, .T. ) ;
#1893 = VERTEX_POINT ( 'NONE', #1329 ) ;
#1894 = ORIENTED_EDGE ( 'NONE', *, *, #1261, .F. ) ;
#1895 = CIRCLE ( 'NONE', #3138, 5.000000000000000000 ) ;
#1896 = ADVANCED_FACE ( 'NONE', ( #2055 ), #4016, .F. ) ;
#1897 = DIRECTION ( 'NONE',  ( 1.000000000000000000, 0.000000000000000000, 0.000000000000000000 ) ) ;
#1898 = PLANE ( 'NONE',  #2663 ) ;
#1899 = EDGE_LOOP ( 'NONE', ( #3620, #2678, #1634, #2587, #194, #4071, #75, #1555, #759, #3664 ) ) ;
#1900 = SPHERICAL_SURFACE ( 'NONE', #1507, 1.500000000000000444 ) ;
#1901 = ORIENTED_EDGE ( 'NONE', *, *, #3864, .F. ) ;
#1902 = DIRECTION ( 'NONE',  ( 1.000000000000000000, 0.000000000000000000, 0.000000000000000000 ) ) ;
#1903 = CARTESIAN_POINT ( 'NONE',  ( -7.500000000000000000, -25.50000000000000000, 6.000000000000000000 ) ) ;
#1904 = PRESENTATION_STYLE_ASSIGNMENT (( #190 ) ) ;
#1905 = LINE ( 'NONE', #3221, #1676 ) ;
#1906 = EDGE_CURVE ( 'NONE', #394, #3619, #102, .T. ) ;
#1907 = CARTESIAN_POINT ( 'NONE',  ( -17.00000000000000000, 0.7500000000000000000, 33.00000000000000000 ) ) ;
#1908 = EDGE_LOOP ( 'NONE', ( #2717, #870, #699, #400 ) ) ;
#1909 = APPLICATION_CONTEXT ( 'automotive_design' ) ;
#1910 = CARTESIAN_POINT ( 'NONE',  ( 0.000000000000000000, -18.50000000000000000, 10.00000000000000000 ) ) ;
#1911 = FACE_OUTER_BOUND ( 'NONE', #2253, .T. ) ;
#1912 = EDGE_CURVE ( 'NONE', #2743, #2548, #2342, .T. ) ;
#1913 = CARTESIAN_POINT ( 'NONE',  ( -9.599999999999999645, 4.250000000000000000, 0.000000000000000000 ) ) ;
#1914 = ORIENTED_EDGE ( 'NONE', *, *, #1290, .F. ) ;
#1915 = ORIENTED_EDGE ( 'NONE', *, *, #975, .T. ) ;
#1916 = AXIS2_PLACEMENT_3D ( 'NONE', #3808, #3852, #905 ) ;
#1917 = LINE ( 'NONE', #263, #248 ) ;
#1918 = AXIS2_PLACEMENT_3D ( 'NONE', #3794, #1175, #1070 ) ;
#1919 = ADVANCED_FACE ( 'NONE', ( #2727, #83 ), #1995, .T. ) ;
#1920 = CARTESIAN_POINT ( 'NONE',  ( 11.50000000000000000, -2.250000000000000000, 26.25000000000000000 ) ) ;
#1921 = VERTEX_POINT ( 'NONE', #2963 ) ;
#1922 = CARTESIAN_POINT ( 'NONE',  ( -7.104431564141706623, 4.666588921334663631, 0.3388696350198650009 ) ) ;
#1923 = VERTEX_POINT ( 'NONE', #2359 ) ;
#1924 = AXIS2_PLACEMENT_3D ( 'NONE', #2026, #1985, #3346 ) ;
#1925 = LINE ( 'NONE', #914, #3610 ) ;
#1926 = AXIS2_PLACEMENT_3D ( 'NONE', #3248, #299, #1605 ) ;
#1927 = DIRECTION ( 'NONE',  ( 0.000000000000000000, 1.000000000000000000, 0.000000000000000000 ) ) ;
#1928 = CARTESIAN_POINT ( 'NONE',  ( 7.060006845243020912, 4.812946148630664389, 0.09347666230418028022 ) ) ;
#1929 = DIRECTION ( 'NONE',  ( 0.000000000000000000, 0.000000000000000000, -1.000000000000000000 ) ) ;
#1930 = EDGE_LOOP ( 'NONE', ( #2247, #1122, #457, #1115 ) ) ;
#1931 = FACE_BOUND ( 'NONE', #2903, .T. ) ;
#1932 = LINE ( 'NONE', #3228, #279 ) ;
#1933 = DIRECTION ( 'NONE',  ( 0.000000000000000000, -1.000000000000000000, 0.000000000000000000 ) ) ;
#1934 = ORIENTED_EDGE ( 'NONE', *, *, #546, .T. ) ;
#1935 = ORIENTED_EDGE ( 'NONE', *, *, #4254, .F. ) ;
#1936 = EDGE_CURVE ( 'NONE', #3232, #1834, #3955, .T. ) ;
#1937 = CARTESIAN_POINT ( 'NONE',  ( -7.104487272054068825, 4.666504109204418604, 0.2535695272799662892 ) ) ;
#1938 = DIRECTION ( 'NONE',  ( 0.5574341878840192166, -0.8302211308910921739, 0.000000000000000000 ) ) ;
#1939 = ORIENTED_EDGE ( 'NONE', *, *, #4041, .T. ) ;
#1940 = CARTESIAN_POINT ( 'NONE',  ( 7.852348993288590151, -5.500000000000000000, 5.496644295302020033 ) ) ;
#1941 = ORIENTED_EDGE ( 'NONE', *, *, #604, .T. ) ;
#1942 = ADVANCED_FACE ( 'NONE', ( #1352 ), #2690, .F. ) ;
#1943 = DIRECTION ( 'NONE',  ( -0.4355609281042803760, -0.9001592514155136726, 0.000000000000000000 ) ) ;
#1944 = CARTESIAN_POINT ( 'NONE',  ( -6.919773490875815725, -5.248578626989603535, -0.08954010230843874318 ) ) ;
#1945 = EDGE_LOOP ( 'NONE', ( #2329, #906, #780 ) ) ;
#1946 =( NAMED_UNIT ( * ) SI_UNIT ( $, .STERADIAN. ) SOLID_ANGLE_UNIT ( ) );
#1947 = EDGE_CURVE ( 'NONE', #2640, #2800, #1213, .T. ) ;
#1948 = CARTESIAN_POINT ( 'NONE',  ( 8.000000000000000000, 0.000000000000000000, 6.000000000000000000 ) ) ;
#1949 = AXIS2_PLACEMENT_3D ( 'NONE', #1331, #2403, #3719 ) ;
#1950 = CARTESIAN_POINT ( 'NONE',  ( 6.677427561224722474, 5.925375438716891985, -0.1948504532097845576 ) ) ;
#1951 = DIRECTION ( 'NONE',  ( 0.000000000000000000, -1.000000000000000000, 0.000000000000000000 ) ) ;
#1952 = VECTOR ( 'NONE', #2378, 1000.000000000000000 ) ;
#1953 = PLANE ( 'NONE',  #4151 ) ;
#1954 = VECTOR ( 'NONE', #2637, 1000.000000000000000 ) ;
#1955 = LINE ( 'NONE', #323, #755 ) ;
#1956 = FACE_OUTER_BOUND ( 'NONE', #1184, .T. ) ;
#1957 = VERTEX_POINT ( 'NONE', #3677 ) ;
#1958 = ORIENTED_EDGE ( 'NONE', *, *, #1215, .F. ) ;
#1959 = AXIS2_PLACEMENT_3D ( 'NONE', #1728, #1768, #2110 ) ;
#1960 = CARTESIAN_POINT ( 'NONE',  ( -7.003272971271885083, 4.993723297326581267, -0.002761650679191294828 ) ) ;
#1961 = DIRECTION ( 'NONE',  ( 1.849736814544524867E-16, 0.000000000000000000, -1.000000000000000000 ) ) ;
#1962 = ORIENTED_EDGE ( 'NONE', *, *, #2267, .T. ) ;
#1963 = AXIS2_PLACEMENT_3D ( 'NONE', #3149, #1509, #2823 ) ;
#1964 = ADVANCED_FACE ( 'NONE', ( #705 ), #3006, .F. ) ;
#1965 = CARTESIAN_POINT ( 'NONE',  ( -11.50000000000000000, 12.75000000000000000, 28.00000000000000000 ) ) ;
#1966 = ORIENTED_EDGE ( 'NONE', *, *, #3469, .F. ) ;
#1967 = VECTOR ( 'NONE', #2722, 1000.000000000000000 ) ;
#1968 = CARTESIAN_POINT ( 'NONE',  ( -7.500000000000000000, -25.50000000000000000, 6.000000000000000000 ) ) ;
#1969 = LINE ( 'NONE', #2336, #110 ) ;
#1970 = DIRECTION ( 'NONE',  ( 1.000000000000000000, 0.000000000000000000, 0.000000000000000000 ) ) ;
#1971 = EDGE_CURVE ( 'NONE', #2410, #62, #3752, .T. ) ;
#1972 = VECTOR ( 'NONE', #2045, 999.9999999999998863 ) ;
#1973 = PLANE ( 'NONE',  #2715 ) ;
#1974 = CARTESIAN_POINT ( 'NONE',  ( 13.50000000000000000, -18.50000000000000000, 0.000000000000000000 ) ) ;
#1975 = EDGE_CURVE ( 'NONE', #2396, #3559, #769, .T. ) ;
#1976 = CARTESIAN_POINT ( 'NONE',  ( 6.768878767663806251, -5.679521859551661223, -0.1723484945816148028 ) ) ;
#1977 = CARTESIAN_POINT ( 'NONE',  ( 8.250000000000000000, -2.250000000000000000, 5.000000000000000000 ) ) ;
#1978 = LINE ( 'NONE', #3616, #3507 ) ;
#1979 = DIRECTION ( 'NONE',  ( 0.5574341878840192166, 0.8302211308910921739, 0.000000000000000000 ) ) ;
#1980 = ORIENTED_EDGE ( 'NONE', *, *, #1494, .T. ) ;
#1981 = VERTEX_POINT ( 'NONE', #3310 ) ;
#1982 = CARTESIAN_POINT ( 'NONE',  ( -6.809586768922233802, 5.566401475774079621, -0.1563168174333335048 ) ) ;
#1983 = CARTESIAN_POINT ( 'NONE',  ( 0.000000000000000000, 1.149999999999999911, 30.00000000000000000 ) ) ;
#1984 = ORIENTED_EDGE ( 'NONE', *, *, #4213, .T. ) ;
#1985 = DIRECTION ( 'NONE',  ( 0.000000000000000000, 0.000000000000000000, 1.000000000000000000 ) ) ;
#1986 = CIRCLE ( 'NONE', #335, 1.750000000000001554 ) ;
#1987 = ORIENTED_EDGE ( 'NONE', *, *, #2886, .F. ) ;
#1988 = VECTOR ( 'NONE', #1539, 1000.000000000000000 ) ;
#1989 = DIRECTION ( 'NONE',  ( 0.000000000000000000, -1.000000000000000000, 0.000000000000000000 ) ) ;
#1990 = CARTESIAN_POINT ( 'NONE',  ( 6.309209706725373401, -5.729611239388632704, 2.066577232778449513 ) ) ;
#1991 = VERTEX_POINT ( 'NONE', #2379 ) ;
#1992 = EDGE_CURVE ( 'NONE', #2609, #2025, #1666, .T. ) ;
#1993 = LINE ( 'NONE', #1733, #1952 ) ;
#1994 = CIRCLE ( 'NONE', #144, 0.2999999999999999334 ) ;
#1995 = PLANE ( 'NONE',  #660 ) ;
#1996 = PLANE ( 'NONE',  #475 ) ;
#1997 = EDGE_CURVE ( 'NONE', #2482, #1991, #726, .T. ) ;
#1998 = DIRECTION ( 'NONE',  ( 0.000000000000000000, 0.000000000000000000, 1.000000000000000000 ) ) ;
#1999 = CARTESIAN_POINT ( 'NONE',  ( 11.50000000000000000, -7.750000000000000000, 28.00000000000000000 ) ) ;
#2000 = CARTESIAN_POINT ( 'NONE',  ( 10.50000000000000000, 4.330127018922195425, 8.142135623730929694 ) ) ;
#2001 = ORIENTED_EDGE ( 'NONE', *, *, #3636, .T. ) ;
#2002 = ORIENTED_EDGE ( 'NONE', *, *, #3176, .T. ) ;
#2003 = CARTESIAN_POINT ( 'NONE',  ( 6.440804985062399979E-17, 0.7500000000000000000, 0.000000000000000000 ) ) ;
#2004 = FACE_OUTER_BOUND ( 'NONE', #1279, .T. ) ;
#2005 = ORIENTED_EDGE ( 'NONE', *, *, #294, .F. ) ;
#2006 = CARTESIAN_POINT ( 'NONE',  ( 0.000000000000000000, -10.90000000000000036, -0.8000000000000000444 ) ) ;
#2007 = ORIENTED_EDGE ( 'NONE', *, *, #4177, .T. ) ;
#2008 = DIRECTION ( 'NONE',  ( 0.000000000000000000, 0.000000000000000000, 1.000000000000000000 ) ) ;
#2009 = CARTESIAN_POINT ( 'NONE',  ( 7.291612123339699991, 1.580668278431285101, 30.00000000000000000 ) ) ;
#2010 = ORIENTED_EDGE ( 'NONE', *, *, #3198, .F. ) ;
#2011 = ORIENTED_EDGE ( 'NONE', *, *, #1643, .T. ) ;
#2012 = CARTESIAN_POINT ( 'NONE',  ( -11.95000000000000107, 0.7499999999999995559, 8.218695387886221226 ) ) ;
#2013 = DIRECTION ( 'NONE',  ( 0.000000000000000000, 0.000000000000000000, 1.000000000000000000 ) ) ;
#2014 = CARTESIAN_POINT ( 'NONE',  ( 6.856114800882612492, -5.434288257852173842, -0.1328243728616322894 ) ) ;
#2015 = CARTESIAN_POINT ( 'NONE',  ( 7.004487272054069180, 18.50000000000000000, 5.421010862427519705E-17 ) ) ;
#2016 = DIRECTION ( 'NONE',  ( 0.000000000000000000, 0.000000000000000000, 1.000000000000000000 ) ) ;
#2017 = CARTESIAN_POINT ( 'NONE',  ( -11.50000000000000000, -2.250000000000000000, 5.000000000000000000 ) ) ;
#2018 = VERTEX_POINT ( 'NONE', #21 ) ;
#2019 = AXIS2_PLACEMENT_3D ( 'NONE', #708, #2693, #2985 ) ;
#2020 = EDGE_CURVE ( 'NONE', #1589, #3010, #1825, .T. ) ;
#2021 = ORIENTED_EDGE ( 'NONE', *, *, #1699, .T. ) ;
#2022 = CIRCLE ( 'NONE', #101, 8.500000000000000000 ) ;
#2023 = CARTESIAN_POINT ( 'NONE',  ( -6.924897772134227303, 5.232603017853831417, -0.08386797656884625862 ) ) ;
#2024 = DIRECTION ( 'NONE',  ( 0.000000000000000000, 0.000000000000000000, 1.000000000000000000 ) ) ;
#2025 = VERTEX_POINT ( 'NONE', #358 ) ;
#2026 = CARTESIAN_POINT ( 'NONE',  ( 7.021564347915039583, 1.449999999999999956, 30.00000000000000000 ) ) ;
#2027 = ADVANCED_FACE ( 'NONE', ( #1049 ), #166, .T. ) ;
#2028 = ORIENTED_EDGE ( 'NONE', *, *, #2118, .T. ) ;
#2029 = MANIFOLD_SOLID_BREP ( 'ÇÐ³ý-À­Éì1', #2316 ) ;
#2030 = CARTESIAN_POINT ( 'NONE',  ( 11.50000000000000000, -2.250000000000000000, 5.000000000000000000 ) ) ;
#2031 = VECTOR ( 'NONE', #2563, 1000.000000000000000 ) ;
#2032 = CARTESIAN_POINT ( 'NONE',  ( -5.859999999999999432, -6.157142194232640087, 6.000000000000000000 ) ) ;
#2033 = ORIENTED_EDGE ( 'NONE', *, *, #707, .F. ) ;
#2034 = ORIENTED_EDGE ( 'NONE', *, *, #1839, .T. ) ;
#2035 = STYLED_ITEM ( 'NONE', ( #3092 ), #2029 ) ;
#2036 = CARTESIAN_POINT ( 'NONE',  ( 0.000000000000000000, 0.000000000000000000, 30.00000000000000000 ) ) ;
#2037 = CIRCLE ( 'NONE', #1621, 3.249999999999999556 ) ;
#2038 = CARTESIAN_POINT ( 'NONE',  ( 10.28771024652967014, 3.225750696657939010, 24.86768935091521016 ) ) ;
#2039 = DIRECTION ( 'NONE',  ( -1.000000000000000000, 0.000000000000000000, 0.000000000000000000 ) ) ;
#2040 = LINE ( 'NONE', #3701, #2951 ) ;
#2041 = ORIENTED_EDGE ( 'NONE', *, *, #3198, .T. ) ;
#2042 = CARTESIAN_POINT ( 'NONE',  ( -13.50000000000000000, -18.50000000000000000, 0.000000000000000000 ) ) ;
#2043 = EDGE_CURVE ( 'NONE', #598, #538, #3355, .T. ) ;
#2044 = LINE ( 'NONE', #3035, #2785 ) ;
#2045 = DIRECTION ( 'NONE',  ( -0.7071067811865441310, 0.000000000000000000, 0.7071067811865510144 ) ) ;
#2046 = EDGE_LOOP ( 'NONE', ( #1521, #4181, #2337, #1162 ) ) ;
#2047 = ORIENTED_EDGE ( 'NONE', *, *, #788, .F. ) ;
#2048 = EDGE_CURVE ( 'NONE', #3561, #1230, #2160, .T. ) ;
#2049 = LINE ( 'NONE', #3021, #1205 ) ;
#2050 = AXIS2_PLACEMENT_3D ( 'NONE', #344, #2673, #3980 ) ;
#2051 = EDGE_LOOP ( 'NONE', ( #3575, #4131, #992, #2065, #2883, #2695 ) ) ;
#2052 = VERTEX_POINT ( 'NONE', #530 ) ;
#2053 = AXIS2_PLACEMENT_3D ( 'NONE', #4238, #1929, #2252 ) ;
#2054 = CARTESIAN_POINT ( 'NONE',  ( 12.00000000000000000, -4.250000000000000000, 0.000000000000000000 ) ) ;
#2055 = FACE_OUTER_BOUND ( 'NONE', #1400, .T. ) ;
#2056 = AXIS2_PLACEMENT_3D ( 'NONE', #2923, #1249, #642 ) ;
#2057 =( GEOMETRIC_REPRESENTATION_CONTEXT ( 3 ) GLOBAL_UNCERTAINTY_ASSIGNED_CONTEXT ( ( #3720 ) ) GLOBAL_UNIT_ASSIGNED_CONTEXT ( ( #2226, #4170, #2874 ) ) REPRESENTATION_CONTEXT ( 'NONE', 'WORKASPACE' ) );
#2058 = CARTESIAN_POINT ( 'NONE',  ( 11.95000000000000107, 0.7500000000000000000, 31.21869538788619991 ) ) ;
#2059 = DIRECTION ( 'NONE',  ( 1.000000000000000000, 0.000000000000000000, 0.000000000000000000 ) ) ;
#2060 = ORIENTED_EDGE ( 'NONE', *, *, #3157, .T. ) ;
#2061 = PRODUCT_DEFINITION_FORMATION_WITH_SPECIFIED_SOURCE ( 'ä»', '', #3618, .NOT_KNOWN. ) ;
#2062 = CYLINDRICAL_SURFACE ( 'NONE', #3962, 4.999999999999999112 ) ;
#2063 = CARTESIAN_POINT ( 'NONE',  ( -5.859999999999999432, -13.89999999999999858, 6.000000000000000000 ) ) ;
#2064 = DIRECTION ( 'NONE',  ( -1.000000000000000000, 1.334402673828313339E-16, 0.000000000000000000 ) ) ;
#2065 = ORIENTED_EDGE ( 'NONE', *, *, #629, .F. ) ;
#2066 = ORIENTED_EDGE ( 'NONE', *, *, #1440, .F. ) ;
#2067 = ADVANCED_FACE ( 'NONE', ( #2810 ), #505, .T. ) ;
#2068 = CARTESIAN_POINT ( 'NONE',  ( -10.73213150326322030, -4.456093859144889535, 6.000000000000000000 ) ) ;
#2069 = PLANE ( 'NONE',  #3206 ) ;
#2070 = ORIENTED_EDGE ( 'NONE', *, *, #3683, .F. ) ;
#2071 = ORIENTED_EDGE ( 'NONE', *, *, #1159, .T. ) ;
#2072 = ADVANCED_FACE ( 'NONE', ( #485 ), #3479, .F. ) ;
#2073 = LINE ( 'NONE', #831, #2233 ) ;
#2074 = CARTESIAN_POINT ( 'NONE',  ( -6.604487272054069713, -13.89999999999999858, -0.2000000000000025091 ) ) ;
#2075 = EDGE_CURVE ( 'NONE', #490, #2391, #2486, .T. ) ;
#2076 = CARTESIAN_POINT ( 'NONE',  ( -2.160000000000000142, -13.75000000000000000, 14.50000000000000000 ) ) ;
#2077 = CARTESIAN_POINT ( 'NONE',  ( -5.359999999999999432, -13.89999999999999858, 0.000000000000000000 ) ) ;
#2078 = ORIENTED_EDGE ( 'NONE', *, *, #336, .T. ) ;
#2079 = CARTESIAN_POINT ( 'NONE',  ( -7.004487272054069180, 18.50000000000000000, 0.000000000000000000 ) ) ;
#2080 = DIRECTION ( 'NONE',  ( -1.000000000000000000, 1.334402673828313339E-16, 0.000000000000000000 ) ) ;
#2081 = CIRCLE ( 'NONE', #2643, 0.2999999999999999334 ) ;
#2082 = DIRECTION ( 'NONE',  ( 0.000000000000000000, 0.000000000000000000, -1.000000000000000000 ) ) ;
#2083 = VERTEX_POINT ( 'NONE', #211 ) ;
#2084 = ORIENTED_EDGE ( 'NONE', *, *, #1281, .F. ) ;
#2085 = CIRCLE ( 'NONE', #1337, 0.5000000000000000000 ) ;
#2086 = DIRECTION ( 'NONE',  ( 0.000000000000000000, 0.000000000000000000, -1.000000000000000000 ) ) ;
#2087 = EDGE_CURVE ( 'NONE', #3060, #414, #868, .T. ) ;
#2088 = DIRECTION ( 'NONE',  ( 0.000000000000000000, 0.000000000000000000, 1.000000000000000000 ) ) ;
#2089 = VERTEX_POINT ( 'NONE', #2829 ) ;
#2090 = AXIS2_PLACEMENT_3D ( 'NONE', #1753, #2765, #4124 ) ;
#2091 = ORIENTED_EDGE ( 'NONE', *, *, #4133, .T. ) ;
#2092 = AXIS2_PLACEMENT_3D ( 'NONE', #12, #2631, #3938 ) ;
#2093 = CARTESIAN_POINT ( 'NONE',  ( -10.73213150326322030, -5.500000000000000000, 6.000000000000000000 ) ) ;
#2094 = EDGE_CURVE ( 'NONE', #3875, #760, #2483, .T. ) ;
#2095 = DIRECTION ( 'NONE',  ( 1.000802005371233895E-16, -1.000000000000000000, 0.000000000000000000 ) ) ;
#2096 = DIRECTION ( 'NONE',  ( 0.000000000000000000, -1.000000000000000000, 0.000000000000000000 ) ) ;
#2097 = AXIS2_PLACEMENT_3D ( 'NONE', #1450, #1199, #1838 ) ;
#2098 = LINE ( 'NONE', #126, #785 ) ;
#2099 = CIRCLE ( 'NONE', #1692, 3.249999999999999556 ) ;
#2100 = ADVANCED_FACE ( 'NONE', ( #3178 ), #3586, .F. ) ;
#2101 = DIRECTION ( 'NONE',  ( 0.000000000000000000, 1.000000000000000000, 0.000000000000000000 ) ) ;
#2102 = ORIENTED_EDGE ( 'NONE', *, *, #3367, .T. ) ;
#2103 = VERTEX_POINT ( 'NONE', #293 ) ;
#2104 = CIRCLE ( 'NONE', #596, 5.000000000000000000 ) ;
#2105 = PLANE ( 'NONE',  #1545 ) ;
#2106 = DIRECTION ( 'NONE',  ( 0.000000000000000000, 0.000000000000000000, -1.000000000000000000 ) ) ;
#2107 = DIRECTION ( 'NONE',  ( 0.000000000000000000, 1.000000000000000000, 0.000000000000000000 ) ) ;
#2108 = EDGE_LOOP ( 'NONE', ( #1901, #1078, #1317, #431 ) ) ;
#2109 = VERTEX_POINT ( 'NONE', #1597 ) ;
#2110 = DIRECTION ( 'NONE',  ( 0.000000000000000000, 0.000000000000000000, 1.000000000000000000 ) ) ;
#2111 = DIRECTION ( 'NONE',  ( -1.000000000000000000, 0.000000000000000000, 0.000000000000000000 ) ) ;
#2112 = VERTEX_POINT ( 'NONE', #3197 ) ;
#2113 = CARTESIAN_POINT ( 'NONE',  ( -7.062742580203287268, 4.729467042983100278, 0.5007946385385995125 ) ) ;
#2114 = ORIENTED_EDGE ( 'NONE', *, *, #635, .F. ) ;
#2115 = DIRECTION ( 'NONE',  ( -0.000000000000000000, 1.000000000000000000, 0.000000000000000000 ) ) ;
#2116 = FILL_AREA_STYLE_COLOUR ( '', #3202 ) ;
#2117 = CARTESIAN_POINT ( 'NONE',  ( -6.440804985062399979E-17, 0.7500000000000000000, 0.000000000000000000 ) ) ;
#2118 = EDGE_CURVE ( 'NONE', #366, #4114, #1535, .T. ) ;
#2119 = DIRECTION ( 'NONE',  ( -1.000000000000000000, 0.000000000000000000, 0.000000000000000000 ) ) ;
#2120 = CIRCLE ( 'NONE', #273, 3.249999999999999556 ) ;
#2121 = LINE ( 'NONE', #169, #1636 ) ;
#2122 = ORIENTED_EDGE ( 'NONE', *, *, #1469, .F. ) ;
#2123 = VERTEX_POINT ( 'NONE', #3882 ) ;
#2124 = VECTOR ( 'NONE', #4242, 1000.000000000000000 ) ;
#2125 = EDGE_CURVE ( 'NONE', #1153, #3734, #1619, .T. ) ;
#2126 = PLANE ( 'NONE',  #3684 ) ;
#2127 = PLANE ( 'NONE',  #1032 ) ;
#2128 = DIRECTION ( 'NONE',  ( 1.334402673828311860E-16, 1.000000000000000000, 0.000000000000000000 ) ) ;
#2129 = ORIENTED_EDGE ( 'NONE', *, *, #2311, .T. ) ;
#2130 = ORIENTED_EDGE ( 'NONE', *, *, #22, .F. ) ;
#2131 = EDGE_CURVE ( 'NONE', #1732, #824, #1895, .T. ) ;
#2132 = DIRECTION ( 'NONE',  ( -0.6371620289784515334, 0.7071067811865473507, -0.3066342264458802314 ) ) ;
#2133 = CYLINDRICAL_SURFACE ( 'NONE', #1145, 1.750000000000001554 ) ;
#2134 = ORIENTED_EDGE ( 'NONE', *, *, #2934, .T. ) ;
#2135 = ORIENTED_EDGE ( 'NONE', *, *, #2131, .F. ) ;
#2136 = LINE ( 'NONE', #2485, #3881 ) ;
#2137 = DIRECTION ( 'NONE',  ( 0.000000000000000000, 0.000000000000000000, 1.000000000000000000 ) ) ;
#2138 = CARTESIAN_POINT ( 'NONE',  ( 0.000000000000000000, 0.1499999999999999667, 27.00000000000000000 ) ) ;
#2139 = EDGE_CURVE ( 'NONE', #1761, #450, #2851, .T. ) ;
#2140 = DIRECTION ( 'NONE',  ( 1.000000000000000000, 0.000000000000000000, 0.000000000000000000 ) ) ;
#2141 = ORIENTED_EDGE ( 'NONE', *, *, #1192, .F. ) ;
#2142 = CARTESIAN_POINT ( 'NONE',  ( -11.50000000000000000, -2.250000000000000000, 29.75000000000000000 ) ) ;
#2143 = CARTESIAN_POINT ( 'NONE',  ( 10.50000000000000000, -18.50000000000000000, 10.00000000000000000 ) ) ;
#2144 = CARTESIAN_POINT ( 'NONE',  ( 11.50000000000000000, 12.75000000000000000, 5.000000000000000000 ) ) ;
#2145 = EDGE_CURVE ( 'NONE', #1673, #3306, #1058, .T. ) ;
#2146 = DIRECTION ( 'NONE',  ( 1.000000000000000000, -7.950815931560366901E-15, 0.000000000000000000 ) ) ;
#2147 = ORIENTED_EDGE ( 'NONE', *, *, #1726, .F. ) ;
#2148 = ORIENTED_EDGE ( 'NONE', *, *, #4133, .F. ) ;
#2149 = AXIS2_PLACEMENT_3D ( 'NONE', #4040, #3357, #1717 ) ;
#2150 = DIRECTION ( 'NONE',  ( 0.000000000000000000, 0.000000000000000000, 1.000000000000000000 ) ) ;
#2151 = ADVANCED_FACE ( 'NONE', ( #2271, #1221, #636 ), #3219, .F. ) ;
#2152 = DIRECTION ( 'NONE',  ( -1.000000000000000000, 1.334402673828313339E-16, 0.000000000000000000 ) ) ;
#2153 = EDGE_LOOP ( 'NONE', ( #1652, #2535, #1939, #4201 ) ) ;
#2154 = DIRECTION ( 'NONE',  ( -1.000000000000000000, 0.000000000000000000, -1.837120347822660181E-16 ) ) ;
#2155 = ORIENTED_EDGE ( 'NONE', *, *, #2139, .F. ) ;
#2156 = AXIS2_PLACEMENT_3D ( 'NONE', #236, #2514, #902 ) ;
#2157 =( BOUNDED_CURVE ( )  B_SPLINE_CURVE ( 3, ( #1734, #3375, #3331, #1713 ),
 .UNSPECIFIED., .F., .T. ) 
 B_SPLINE_CURVE_WITH_KNOTS ( ( 4, 4 ),
 ( 1.431888505849260307, 2.195202236769282056 ),
 .UNSPECIFIED. ) 
 CURVE ( )  GEOMETRIC_REPRESENTATION_ITEM ( )  RATIONAL_B_SPLINE_CURVE ( ( 1.000000000000000000, 0.9520325305715081621, 0.9520325305715081621, 1.000000000000000000 ) ) 
 REPRESENTATION_ITEM ( '' )  );
#2158 = SPHERICAL_SURFACE ( 'NONE', #724, 1.500000000000000444 ) ;
#2159 = AXIS2_PLACEMENT_3D ( 'NONE', #3180, #2576, #3264 ) ;
#2160 = LINE ( 'NONE', #3822, #182 ) ;
#2161 = SURFACE_SIDE_STYLE ('',( #3798 ) ) ;
#2162 = VECTOR ( 'NONE', #2683, 1000.000000000000000 ) ;
#2163 = PLANE ( 'NONE',  #1131 ) ;
#2164 = CIRCLE ( 'NONE', #3269, 0.2999999999999999334 ) ;
#2165 = CARTESIAN_POINT ( 'NONE',  ( 7.104487272054069713, -4.666504109204420381, 0.2999999999999999889 ) ) ;
#2166 = ORIENTED_EDGE ( 'NONE', *, *, #1781, .T. ) ;
#2167 = DIRECTION ( 'NONE',  ( 0.000000000000000000, 1.000000000000000000, 0.000000000000000000 ) ) ;
#2168 = CIRCLE ( 'NONE', #318, 1.750000000000001554 ) ;
#2169 = EDGE_CURVE ( 'NONE', #1589, #3147, #936, .T. ) ;
#2170 = CARTESIAN_POINT ( 'NONE',  ( 6.639787463713901161, 6.023901138977307390, -0.1994069479875895390 ) ) ;
#2171 = DIRECTION ( 'NONE',  ( 1.000000000000000000, 0.000000000000000000, 0.000000000000000000 ) ) ;
#2172 = CARTESIAN_POINT ( 'NONE',  ( 6.309209706725373401, 5.729611239388632704, 2.066577232778449513 ) ) ;
#2173 = ORIENTED_EDGE ( 'NONE', *, *, #4066, .T. ) ;
#2174 = AXIS2_PLACEMENT_3D ( 'NONE', #889, #3172, #2844 ) ;
#2175 = ORIENTED_EDGE ( 'NONE', *, *, #738, .F. ) ;
#2176 = EDGE_CURVE ( 'NONE', #2609, #1801, #1687, .T. ) ;
#2177 = DIRECTION ( 'NONE',  ( 0.000000000000000000, 0.000000000000000000, -1.000000000000000000 ) ) ;
#2178 = DIRECTION ( 'NONE',  ( 0.5574341878840192166, -0.8302211308910921739, 0.000000000000000000 ) ) ;
#2179 = VERTEX_POINT ( 'NONE', #95 ) ;
#2180 =( NAMED_UNIT ( * ) PLANE_ANGLE_UNIT ( ) SI_UNIT ( $, .RADIAN. ) );
#2181 = VERTEX_POINT ( 'NONE', #701 ) ;
#2182 = EDGE_CURVE ( 'NONE', #62, #3619, #3606, .T. ) ;
#2183 = CARTESIAN_POINT ( 'NONE',  ( 11.50000000000000000, 4.250000000000000000, 5.000000000000000000 ) ) ;
#2184 = CARTESIAN_POINT ( 'NONE',  ( -6.677427561139473333, -5.925375438947427575, -0.1948504532228952923 ) ) ;
#2185 = EDGE_CURVE ( 'NONE', #1857, #1795, #1063, .T. ) ;
#2186 = FACE_OUTER_BOUND ( 'NONE', #2704, .T. ) ;
#2187 = CIRCLE ( 'NONE', #1, 4.999999999999999112 ) ;
#2188 = CARTESIAN_POINT ( 'NONE',  ( -10.50000000000000000, 18.50000000000000000, 10.00000000000000000 ) ) ;
#2189 = ORIENTED_EDGE ( 'NONE', *, *, #2760, .F. ) ;
#2190 = LINE ( 'NONE', #3827, #237 ) ;
#2191 = VECTOR ( 'NONE', #1625, 1000.000000000000000 ) ;
#2192 = CARTESIAN_POINT ( 'NONE',  ( -6.604487272054069713, -6.113979708281330083, -0.2000000000000025091 ) ) ;
#2193 = DIRECTION ( 'NONE',  ( -1.000000000000000000, 0.000000000000000000, 0.000000000000000000 ) ) ;
#2194 = ORIENTED_EDGE ( 'NONE', *, *, #1549, .T. ) ;
#2195 = PRODUCT_RELATED_PRODUCT_CATEGORY ( 'part', '', ( #116 ) ) ;
#2196 = VECTOR ( 'NONE', #2309, 1000.000000000000000 ) ;
#2197 = ORIENTED_EDGE ( 'NONE', *, *, #2662, .T. ) ;
#2198 = VECTOR ( 'NONE', #582, 1000.000000000000000 ) ;
#2199 = LINE ( 'NONE', #1253, #1751 ) ;
#2200 = CARTESIAN_POINT ( 'NONE',  ( 0.000000000000000000, 18.50000000000000000, 10.00000000000000000 ) ) ;
#2201 = VERTEX_POINT ( 'NONE', #679 ) ;
#2202 = ADVANCED_FACE ( 'NONE', ( #1325 ), #720, .F. ) ;
#2203 = CARTESIAN_POINT ( 'NONE',  ( -7.400000000000000355, -13.39999999999999147, -0.2000000000000025091 ) ) ;
#2204 = ORIENTED_EDGE ( 'NONE', *, *, #2570, .F. ) ;
#2205 = LINE ( 'NONE', #2270, #2581 ) ;
#2206 = CARTESIAN_POINT ( 'NONE',  ( -6.943766731180064156, -5.176240315280019821, -0.06835648779476506676 ) ) ;
#2207 = EDGE_CURVE ( 'NONE', #2634, #1673, #2606, .T. ) ;
#2208 = DIRECTION ( 'NONE',  ( 1.000000000000000000, 0.000000000000000000, 0.000000000000000000 ) ) ;
#2209 = EDGE_CURVE ( 'NONE', #3082, #455, #1384, .T. ) ;
#2210 = LINE ( 'NONE', #3162, #1302 ) ;
#2211 = VERTEX_POINT ( 'NONE', #2032 ) ;
#2212 = DIRECTION ( 'NONE',  ( 0.000000000000000000, 0.000000000000000000, 1.000000000000000000 ) ) ;
#2213 = LINE ( 'NONE', #3931, #4222 ) ;
#2214 = CARTESIAN_POINT ( 'NONE',  ( -10.50000000000000000, 4.330127018922190985, 10.00000000000000000 ) ) ;
#2215 = LINE ( 'NONE', #3488, #3564 ) ;
#2216 = ORIENTED_EDGE ( 'NONE', *, *, #2087, .F. ) ;
#2217 = ORIENTED_EDGE ( 'NONE', *, *, #1523, .T. ) ;
#2218 = PLANE ( 'NONE',  #315 ) ;
#2219 = FACE_OUTER_BOUND ( 'NONE', #3866, .T. ) ;
#2220 = ORIENTED_EDGE ( 'NONE', *, *, #3211, .T. ) ;
#2221 = DIRECTION ( 'NONE',  ( 1.000802005371233895E-16, 1.000000000000000000, 0.000000000000000000 ) ) ;
#2222 = ORIENTED_EDGE ( 'NONE', *, *, #3477, .T. ) ;
#2223 = EDGE_CURVE ( 'NONE', #2770, #4049, #375, .T. ) ;
#2224 = CARTESIAN_POINT ( 'NONE',  ( 11.50000000000000000, -2.250000000000000000, 28.00000000000000000 ) ) ;
#2225 = DIRECTION ( 'NONE',  ( -0.000000000000000000, 1.000000000000000000, -0.000000000000000000 ) ) ;
#2226 =( LENGTH_UNIT ( ) NAMED_UNIT ( * ) SI_UNIT ( .MILLI., .METRE. ) );
#2227 = AXIS2_PLACEMENT_3D ( 'NONE', #1073, #361, #770 ) ;
#2228 = VECTOR ( 'NONE', #4172, 1000.000000000000000 ) ;
#2229 = EDGE_CURVE ( 'NONE', #455, #598, #61, .T. ) ;
#2230 = PLANE ( 'NONE',  #2915 ) ;
#2231 = DIRECTION ( 'NONE',  ( 0.000000000000000000, 1.000000000000000000, 0.000000000000000000 ) ) ;
#2232 = ORIENTED_EDGE ( 'NONE', *, *, #180, .F. ) ;
#2233 = VECTOR ( 'NONE', #3411, 1000.000000000000000 ) ;
#2234 = EDGE_CURVE ( 'NONE', #2743, #3401, #2168, .T. ) ;
#2235 = CARTESIAN_POINT ( 'NONE',  ( 9.926310430526139793E-17, 0.000000000000000000, 0.2999999999999999889 ) ) ;
#2236 = CIRCLE ( 'NONE', #179, 5.000000000000000000 ) ;
#2237 = CARTESIAN_POINT ( 'NONE',  ( 11.70000000000000107, 17.30000000000000071, -1.301042606982603940E-15 ) ) ;
#2238 = DIRECTION ( 'NONE',  ( 0.000000000000000000, 0.000000000000000000, -1.000000000000000000 ) ) ;
#2239 = VERTEX_POINT ( 'NONE', #1022 ) ;
#2240 = ORIENTED_EDGE ( 'NONE', *, *, #3161, .F. ) ;
#2241 = AXIS2_PLACEMENT_3D ( 'NONE', #1880, #1581, #1260 ) ;
#2242 = DIRECTION ( 'NONE',  ( 0.000000000000000000, 0.000000000000000000, 1.000000000000000000 ) ) ;
#2243 = VECTOR ( 'NONE', #1806, 1000.000000000000000 ) ;
#2244 = CARTESIAN_POINT ( 'NONE',  ( 9.599999999999999645, 4.250000000000000000, 50.00000000000000711 ) ) ;
#2245 = VERTEX_POINT ( 'NONE', #1403 ) ;
#2246 = LINE ( 'NONE', #1940, #208 ) ;
#2247 = ORIENTED_EDGE ( 'NONE', *, *, #2043, .T. ) ;
#2248 = CYLINDRICAL_SURFACE ( 'NONE', #173, 0.2999999999999999334 ) ;
#2249 = SHAPE_DEFINITION_REPRESENTATION ( #3722, #983 ) ;
#2250 = CARTESIAN_POINT ( 'NONE',  ( 5.859999999999999432, -13.89999999999999858, 3.000000000000000000 ) ) ;
#2251 = CARTESIAN_POINT ( 'NONE',  ( 6.891139170842706108, 5.332413496337693459, -0.1096716747466472963 ) ) ;
#2252 = DIRECTION ( 'NONE',  ( 1.000000000000000000, -1.776356839400250070E-15, 0.000000000000000000 ) ) ;
#2253 = EDGE_LOOP ( 'NONE', ( #907, #3899, #1084, #3388 ) ) ;
#2254 = EDGE_CURVE ( 'NONE', #2457, #2579, #1365, .T. ) ;
#2255 = CYLINDRICAL_SURFACE ( 'NONE', #2426, 8.500000000000000000 ) ;
#2256 = VECTOR ( 'NONE', #3009, 1000.000000000000000 ) ;
#2257 = DIRECTION ( 'NONE',  ( -7.885106708985490266E-17, -1.000000000000000000, 0.000000000000000000 ) ) ;
#2258 = CARTESIAN_POINT ( 'NONE',  ( 8.583837389224925118, 5.763433675622452235, 33.00000000000000000 ) ) ;
#2259 = VERTEX_POINT ( 'NONE', #2639 ) ;
#2260 = EDGE_CURVE ( 'NONE', #712, #2025, #744, .T. ) ;
#2261 = EDGE_LOOP ( 'NONE', ( #3744, #1489 ) ) ;
#2262 = CARTESIAN_POINT ( 'NONE',  ( -7.051030656959998311, 4.841417367360944191, 0.07533806515755987754 ) ) ;
#2263 = AXIS2_PLACEMENT_3D ( 'NONE', #2635, #1635, #2956 ) ;
#2264 = CARTESIAN_POINT ( 'NONE',  ( 6.528035413153449262, 3.158726812816184726, 0.000000000000000000 ) ) ;
#2265 = VERTEX_POINT ( 'NONE', #1729 ) ;
#2266 = CARTESIAN_POINT ( 'NONE',  ( 0.000000000000000000, -10.90000000000000036, -0.8000000000000000444 ) ) ;
#2267 = EDGE_CURVE ( 'NONE', #3734, #1036, #354, .T. ) ;
#2268 = EDGE_LOOP ( 'NONE', ( #1334, #2332, #637, #1499, #345, #4185, #3789, #674, #1416, #3366, #3396, #4007, #2636, #1447, #1478, #2060, #3987, #2448 ) ) ;
#2269 = PRESENTATION_LAYER_ASSIGNMENT (  '', '', ( #4126 ) ) ;
#2270 = CARTESIAN_POINT ( 'NONE',  ( -6.528035413153459920, 3.158726812816190055, 30.00000000000000000 ) ) ;
#2271 = FACE_BOUND ( 'NONE', #3596, .T. ) ;
#2272 = VERTEX_POINT ( 'NONE', #2292 ) ;
#2273 = PRODUCT_CONTEXT ( 'NONE', #2793, 'mechanical' ) ;
#2274 = COLOUR_RGB ( '',0.7921568627450980005, 0.8196078431372548767, 0.9333333333333333481 ) ;
#2275 = DIRECTION ( 'NONE',  ( 1.000000000000000000, 0.000000000000000000, 0.000000000000000000 ) ) ;
#2276 = CARTESIAN_POINT ( 'NONE',  ( 7.014297613749035598, 4.958924398833393532, 0.01354731969532095917 ) ) ;
#2277 = DIRECTION ( 'NONE',  ( 0.000000000000000000, -1.000000000000000000, 0.000000000000000000 ) ) ;
#2278 = DIRECTION ( 'NONE',  ( 1.000000000000000000, -7.885106708985490266E-17, 0.000000000000000000 ) ) ;
#2279 = EDGE_CURVE ( 'NONE', #3994, #2686, #1969, .T. ) ;
#2280 = CARTESIAN_POINT ( 'NONE',  ( 13.42893218813449963, -18.50000000000000000, 1.071067811865487940 ) ) ;
#2281 = CARTESIAN_POINT ( 'NONE',  ( -9.599999999999999645, 4.250000000000000000, 50.00000000000000711 ) ) ;
#2282 = ORIENTED_EDGE ( 'NONE', *, *, #1030, .T. ) ;
#2283 = ORIENTED_EDGE ( 'NONE', *, *, #3040, .F. ) ;
#2284 = EDGE_CURVE ( 'NONE', #326, #3204, #3283, .T. ) ;
#2285 = DIRECTION ( 'NONE',  ( -1.162880573482506019E-46, -1.000000000000000000, -5.446634458108700403E-32 ) ) ;
#2286 = FACE_OUTER_BOUND ( 'NONE', #3716, .T. ) ;
#2287 = VERTEX_POINT ( 'NONE', #2960 ) ;
#2288 = DIRECTION ( 'NONE',  ( -0.5734623443633289908, 0.000000000000000000, 0.8192319205190400355 ) ) ;
#2289 = VERTEX_POINT ( 'NONE', #3946 ) ;
#2290 = EDGE_CURVE ( 'NONE', #2376, #950, #3405, .T. ) ;
#2291 = CARTESIAN_POINT ( 'NONE',  ( -7.021564347915049353, 1.149999999999999911, 30.00000000000000000 ) ) ;
#2292 = CARTESIAN_POINT ( 'NONE',  ( -13.50000000000000000, 5.500000000000000000, 0.000000000000000000 ) ) ;
#2293 = CARTESIAN_POINT ( 'NONE',  ( -1.659999999999999920, -13.75000000000000000, 15.00000000000000000 ) ) ;
#2294 = VECTOR ( 'NONE', #2880, 1000.000000000000000 ) ;
#2295 = CARTESIAN_POINT ( 'NONE',  ( 6.888759196442561183, 5.339370117600844345, -0.1113272695027299336 ) ) ;
#2296 = CARTESIAN_POINT ( 'NONE',  ( 6.895537355421240022, -5.319528220463405788, -0.1065632490368275953 ) ) ;
#2297 = CIRCLE ( 'NONE', #2984, 1.749999999999999778 ) ;
#2298 = AXIS2_PLACEMENT_3D ( 'NONE', #60, #353, #1660 ) ;
#2299 = CARTESIAN_POINT ( 'NONE',  ( -7.500000000000000000, 17.30000000000000071, 6.000000000000000000 ) ) ;
#2300 = CARTESIAN_POINT ( 'NONE',  ( 7.004487272054069180, 17.30000000000000071, 1.084202172485503941E-16 ) ) ;
#2301 = ORIENTED_EDGE ( 'NONE', *, *, #738, .T. ) ;
#2302 = ORIENTED_EDGE ( 'NONE', *, *, #254, .T. ) ;
#2303 = ADVANCED_FACE ( 'NONE', ( #1348 ), #3653, .F. ) ;
#2304 = AXIS2_PLACEMENT_3D ( 'NONE', #2755, #2368, #2080 ) ;
#2305 = CARTESIAN_POINT ( 'NONE',  ( -7.030617832023852820, 4.907239154060917485, 0.03837922829244974632 ) ) ;
#2306 = DIRECTION ( 'NONE',  ( 0.000000000000000000, 0.000000000000000000, 1.000000000000000000 ) ) ;
#2307 = ORIENTED_EDGE ( 'NONE', *, *, #3135, .T. ) ;
#2308 = VECTOR ( 'NONE', #3797, 1000.000000000000000 ) ;
#2309 = DIRECTION ( 'NONE',  ( 0.000000000000000000, -1.000000000000000000, 0.000000000000000000 ) ) ;
#2310 = VERTEX_POINT ( 'NONE', #805 ) ;
#2311 = EDGE_CURVE ( 'NONE', #1857, #1620, #2781, .T. ) ;
#2312 = AXIS2_PLACEMENT_3D ( 'NONE', #13, #3299, #55 ) ;
#2313 = CARTESIAN_POINT ( 'NONE',  ( 2.160000000000000142, -13.75000000000000000, 14.50000000000000000 ) ) ;
#2314 = DIRECTION ( 'NONE',  ( 0.000000000000000000, -1.000000000000000000, 0.000000000000000000 ) ) ;
#2315 = EDGE_LOOP ( 'NONE', ( #4137, #3674 ) ) ;
#2316 = CLOSED_SHELL ( 'NONE', ( #2027, #3097, #494, #4001, #2577, #386, #259, #683, #477, #2072, #2991, #2918, #3911, #31, #3307, #1322, #3700, #1181, #3046, #836, #2446, #2100, #2999, #1517, #713, #1542, #2624, #159, #470, #2335, #3287, #4165, #1316, #1896, #1964, #2383, #1942, #2303, #3814, #3833, #4108, #3735, #915, #556, #2584, #1809, #415, #2473, #3103, #2442 ) ) ;
#2317 = ADVANCED_FACE ( 'NONE', ( #4096 ), #3471, .T. ) ;
#2318 = FACE_OUTER_BOUND ( 'NONE', #497, .T. ) ;
#2319 = DIRECTION ( 'NONE',  ( -1.224646799147353207E-16, -1.399410993809317354E-31, 1.000000000000000000 ) ) ;
#2320 = FACE_OUTER_BOUND ( 'NONE', #2795, .T. ) ;
#2321 = ADVANCED_FACE ( 'NONE', ( #1510 ), #2069, .F. ) ;
#2322 = CARTESIAN_POINT ( 'NONE',  ( 0.000000000000000000, -13.75000000000000000, 14.50000000000000000 ) ) ;
#2323 = LINE ( 'NONE', #3640, #483 ) ;
#2324 = CARTESIAN_POINT ( 'NONE',  ( 17.00000000000000000, -4.250000000000000000, 28.00000000000000000 ) ) ;
#2325 = ORIENTED_EDGE ( 'NONE', *, *, #2515, .F. ) ;
#2326 = EDGE_LOOP ( 'NONE', ( #3371, #3239 ) ) ;
#2327 = CARTESIAN_POINT ( 'NONE',  ( -6.904007308796987097, 5.294620613523565389, -0.1003891777541938285 ) ) ;
#2328 = CARTESIAN_POINT ( 'NONE',  ( 5.859999999999999432, -6.157142194232649857, 6.000000000000000000 ) ) ;
#2329 = ORIENTED_EDGE ( 'NONE', *, *, #2020, .F. ) ;
#2330 = CARTESIAN_POINT ( 'NONE',  ( 0.000000000000000000, -13.89999999999999858, 0.000000000000000000 ) ) ;
#2331 = AXIS2_PLACEMENT_3D ( 'NONE', #220, #198, #1547 ) ;
#2332 = ORIENTED_EDGE ( 'NONE', *, *, #2975, .F. ) ;
#2333 = AXIS2_PLACEMENT_3D ( 'NONE', #854, #1583, #1161 ) ;
#2334 = CARTESIAN_POINT ( 'NONE',  ( 12.00000000000000000, -4.250000000000000000, 33.00000000000000000 ) ) ;
#2335 = ADVANCED_FACE ( 'NONE', ( #3773 ), #1833, .F. ) ;
#2336 = CARTESIAN_POINT ( 'NONE',  ( -7.291612123339699991, 1.580668278431285101, 30.00000000000000000 ) ) ;
#2337 = ORIENTED_EDGE ( 'NONE', *, *, #1648, .F. ) ;
#2338 = ORIENTED_EDGE ( 'NONE', *, *, #446, .T. ) ;
#2339 = CARTESIAN_POINT ( 'NONE',  ( 0.000000000000000000, -5.500000000000000000, 0.000000000000000000 ) ) ;
#2340 = AXIS2_PLACEMENT_3D ( 'NONE', #668, #3292, #1332 ) ;
#2341 = ADVANCED_FACE ( 'NONE', ( #3087 ), #1106, .F. ) ;
#2342 = LINE ( 'NONE', #402, #4237 ) ;
#2343 = LINE ( 'NONE', #2670, #685 ) ;
#2344 = DIRECTION ( 'NONE',  ( 1.000000000000000000, 0.000000000000000000, 0.000000000000000000 ) ) ;
#2345 = ADVANCED_FACE ( 'NONE', ( #2481 ), #3792, .T. ) ;
#2346 = LINE ( 'NONE', #2117, #411 ) ;
#2347 = VERTEX_POINT ( 'NONE', #846 ) ;
#2348 = ORIENTED_EDGE ( 'NONE', *, *, #1232, .F. ) ;
#2349 = B_SPLINE_CURVE_WITH_KNOTS ( 'NONE', 3,
 ( #3726, #1600, #2170, #1950, #3804, #2917, #3566, #1187, #2474, #3886, #3265, #317, #1624, #1165, #3486, #619, #2295, #218, #2251, #2494, #3929, #535, #860, #2836, #1309, #296, #3785, #2276, #4134, #3908, #3165, #2942, #965, #1928, #942, #4255, #1207, #4236, #985, #3611, #3589 ),
 .UNSPECIFIED., .F., .F.,
 ( 4, 2, 2, 2, 2, 2, 2, 1, 1, 1, 2, 2, 2, 2, 1, 1, 2, 2, 2, 1, 1, 2, 2, 4 ),
 ( 0.000000000000000000, 0.1250000000000063838, 0.1875000000000095757, 0.2187500000000115741, 0.2500000000000135447, 0.3750000000000226485, 0.4375000000000272560, 0.4687500000000298095, 0.4843750000000314748, 0.4921875000000326406, 0.4960937500000331957, 0.5000000000000337508, 0.6250000000000273115, 0.6875000000000236478, 0.7187500000000210942, 0.7343750000000195399, 0.7421875000000195399, 0.7500000000000196509, 0.8125000000000147660, 0.8437500000000122125, 0.8593750000000107692, 0.8671875000000098810, 0.8750000000000088818, 1.000000000000000000 ),
 .UNSPECIFIED. ) ;
#2350 = CARTESIAN_POINT ( 'NONE',  ( -6.954230040640622335, 5.144308980328333725, -0.05748550218416921542 ) ) ;
#2351 = DIRECTION ( 'NONE',  ( 0.000000000000000000, 0.000000000000000000, 1.000000000000000000 ) ) ;
#2352 = ORIENTED_EDGE ( 'NONE', *, *, #3997, .T. ) ;
#2353 = CARTESIAN_POINT ( 'NONE',  ( -3.250000000000000000, 0.000000000000000000, 10.00000000000000000 ) ) ;
#2354 = ORIENTED_EDGE ( 'NONE', *, *, #1643, .F. ) ;
#2355 = CYLINDRICAL_SURFACE ( 'NONE', #2648, 1.749999999999999778 ) ;
#2356 = CARTESIAN_POINT ( 'NONE',  ( 5.859999999999999432, -6.157142194232649857, 3.000000000000000000 ) ) ;
#2357 = ORIENTED_EDGE ( 'NONE', *, *, #3373, .T. ) ;
#2358 = LINE ( 'NONE', #747, #171 ) ;
#2359 = CARTESIAN_POINT ( 'NONE',  ( 7.021564347915039583, 1.149999999999999911, 30.00000000000000000 ) ) ;
#2360 = SURFACE_STYLE_FILL_AREA ( #3474 ) ;
#2361 = EDGE_CURVE ( 'NONE', #268, #4064, #2037, .T. ) ;
#2362 = PLANE ( 'NONE',  #2227 ) ;
#2363 = FACE_BOUND ( 'NONE', #3273, .T. ) ;
#2364 = VERTEX_POINT ( 'NONE', #3150 ) ;
#2365 = VERTEX_POINT ( 'NONE', #1125 ) ;
#2366 = EDGE_CURVE ( 'NONE', #3472, #3383, #459, .T. ) ;
#2367 = AXIS2_PLACEMENT_3D ( 'NONE', #2812, #1201, #4146 ) ;
#2368 = DIRECTION ( 'NONE',  ( 1.334402673828311860E-16, 1.000000000000000000, 0.000000000000000000 ) ) ;
#2369 = CARTESIAN_POINT ( 'NONE',  ( -13.50000000000000000, -5.500000000000000000, 0.000000000000000000 ) ) ;
#2370 = VERTEX_POINT ( 'NONE', #204 ) ;
#2371 = ORIENTED_EDGE ( 'NONE', *, *, #3758, .F. ) ;
#2372 = LINE ( 'NONE', #1639, #3132 ) ;
#2373 = VECTOR ( 'NONE', #3491, 1000.000000000000000 ) ;
#2374 = CARTESIAN_POINT ( 'NONE',  ( 6.208387876660290239, 3.819331721568715476, 6.938893903907229955E-15 ) ) ;
#2375 = ORIENTED_EDGE ( 'NONE', *, *, #3807, .F. ) ;
#2376 = VERTEX_POINT ( 'NONE', #3714 ) ;
#2377 = VECTOR ( 'NONE', #2684, 1000.000000000000000 ) ;
#2378 = DIRECTION ( 'NONE',  ( 0.5734623443633289908, 0.000000000000000000, -0.8192319205190400355 ) ) ;
#2379 = CARTESIAN_POINT ( 'NONE',  ( -6.604487272054069713, 18.50000000000000000, -0.2000000000000025091 ) ) ;
#2380 = AXIS2_PLACEMENT_3D ( 'NONE', #2762, #480, #3406 ) ;
#2381 = CARTESIAN_POINT ( 'NONE',  ( 8.000000000000000000, 0.000000000000000000, 10.00000000000000000 ) ) ;
#2382 = LINE ( 'NONE', #3680, #4015 ) ;
#2383 = ADVANCED_FACE ( 'NONE', ( #1792 ), #2133, .F. ) ;
#2384 = DIRECTION ( 'NONE',  ( 0.7071067811865474617, 0.7071067811865474617, -0.000000000000000000 ) ) ;
#2385 = EDGE_LOOP ( 'NONE', ( #3212, #1395, #1540, #3819 ) ) ;
#2386 = EDGE_LOOP ( 'NONE', ( #58, #3694, #977, #3648, #2066, #2503 ) ) ;
#2387 = CARTESIAN_POINT ( 'NONE',  ( -13.50000000000000000, -18.50000000000000000, 0.9999999999999701350 ) ) ;
#2388 = EDGE_CURVE ( 'NONE', #510, #2083, #321, .T. ) ;
#2389 = CARTESIAN_POINT ( 'NONE',  ( 11.50000000000000000, -4.250000000000000000, 3.250000000000000000 ) ) ;
#2390 = VERTEX_POINT ( 'NONE', #3109 ) ;
#2391 = VERTEX_POINT ( 'NONE', #1747 ) ;
#2392 = DIRECTION ( 'NONE',  ( 0.000000000000000000, 1.000000000000000000, 0.000000000000000000 ) ) ;
#2393 = AXIS2_PLACEMENT_3D ( 'NONE', #27, #2650, #3271 ) ;
#2394 = EDGE_CURVE ( 'NONE', #1873, #3060, #3621, .T. ) ;
#2395 = DIRECTION ( 'NONE',  ( -1.000000000000000000, 0.000000000000000000, 0.000000000000000000 ) ) ;
#2396 = VERTEX_POINT ( 'NONE', #1464 ) ;
#2397 = ORIENTED_EDGE ( 'NONE', *, *, #3879, .F. ) ;
#2398 = VECTOR ( 'NONE', #2059, 1000.000000000000000 ) ;
#2399 = DIRECTION ( 'NONE',  ( 0.000000000000000000, 1.000000000000000000, 0.000000000000000000 ) ) ;
#2400 = DIRECTION ( 'NONE',  ( 0.000000000000000000, 0.000000000000000000, 1.000000000000000000 ) ) ;
#2401 = AXIS2_PLACEMENT_3D ( 'NONE', #15, #1658, #3988 ) ;
#2402 = AXIS2_PLACEMENT_3D ( 'NONE', #4104, #25, #1157 ) ;
#2403 = DIRECTION ( 'NONE',  ( 0.000000000000000000, 0.000000000000000000, 1.000000000000000000 ) ) ;
#2404 = CARTESIAN_POINT ( 'NONE',  ( 0.000000000000000000, 0.000000000000000000, 10.00000000000000000 ) ) ;
#2405 = ORIENTED_EDGE ( 'NONE', *, *, #4054, .T. ) ;
#2406 = EDGE_LOOP ( 'NONE', ( #944, #2588, #2034, #96 ) ) ;
#2407 = EDGE_CURVE ( 'NONE', #3316, #2686, #3451, .T. ) ;
#2408 = CARTESIAN_POINT ( 'NONE',  ( -2.160000000000000142, -13.75000000000000000, 10.00000000000000000 ) ) ;
#2409 = DIRECTION ( 'NONE',  ( -1.000000000000000000, 0.000000000000000000, -1.849736814544524620E-16 ) ) ;
#2410 = VERTEX_POINT ( 'NONE', #1424 ) ;
#2411 = VERTEX_POINT ( 'NONE', #2741 ) ;
#2412 = EDGE_CURVE ( 'NONE', #1247, #1748, #390, .T. ) ;
#2413 = CARTESIAN_POINT ( 'NONE',  ( -5.860000000000001208, -13.39999999999999680, 2.999999999999982681 ) ) ;
#2414 = DIRECTION ( 'NONE',  ( 1.000000000000000000, -8.673617379884035472E-17, 0.000000000000000000 ) ) ;
#2415 = ORIENTED_EDGE ( 'NONE', *, *, #3448, .T. ) ;
#2416 = ORIENTED_EDGE ( 'NONE', *, *, #441, .F. ) ;
#2417 = EDGE_CURVE ( 'NONE', #2968, #93, #246, .T. ) ;
#2418 = DIRECTION ( 'NONE',  ( 1.000000000000000000, 0.000000000000000000, 0.000000000000000000 ) ) ;
#2419 = CARTESIAN_POINT ( 'NONE',  ( -6.878169808496839899, -5.370188999574602384, -0.1184719822615199203 ) ) ;
#2420 = CARTESIAN_POINT ( 'NONE',  ( -5.859999999999999432, 6.157142194232649857, 3.000000000000000000 ) ) ;
#2421 = FACE_OUTER_BOUND ( 'NONE', #76, .T. ) ;
#2422 = DIRECTION ( 'NONE',  ( 0.000000000000000000, 0.000000000000000000, 1.000000000000000000 ) ) ;
#2423 = EDGE_LOOP ( 'NONE', ( #1727, #243 ) ) ;
#2424 = ORIENTED_EDGE ( 'NONE', *, *, #2366, .T. ) ;
#2425 = LINE ( 'NONE', #2387, #2853 ) ;
#2426 = AXIS2_PLACEMENT_3D ( 'NONE', #298, #1544, #968 ) ;
#2427 = CARTESIAN_POINT ( 'NONE',  ( -9.599999999999999645, 4.250000000000000000, 2.363240625312956755 ) ) ;
#2428 = CARTESIAN_POINT ( 'NONE',  ( 13.42893218813449963, 18.50000000000000000, 1.071067811865487940 ) ) ;
#2429 = ORIENTED_EDGE ( 'NONE', *, *, #1549, .F. ) ;
#2430 = ORIENTED_EDGE ( 'NONE', *, *, #3051, .T. ) ;
#2431 = CIRCLE ( 'NONE', #3261, 5.000000000000000000 ) ;
#2432 = DIRECTION ( 'NONE',  ( 0.000000000000000000, 0.000000000000000000, -1.000000000000000000 ) ) ;
#2433 = DIRECTION ( 'NONE',  ( -0.4355609281042803760, -0.9001592514155136726, 0.000000000000000000 ) ) ;
#2434 = ORIENTED_EDGE ( 'NONE', *, *, #365, .T. ) ;
#2435 = VECTOR ( 'NONE', #4053, 1000.000000000000000 ) ;
#2436 = EDGE_CURVE ( 'NONE', #1230, #3353, #4171, .T. ) ;
#2437 = ORIENTED_EDGE ( 'NONE', *, *, #294, .T. ) ;
#2438 = VECTOR ( 'NONE', #662, 1000.000000000000000 ) ;
#2439 = FACE_OUTER_BOUND ( 'NONE', #932, .T. ) ;
#2440 = CARTESIAN_POINT ( 'NONE',  ( -6.888759196441455401, -5.339370117602975974, -0.1113272695030330384 ) ) ;
#2441 = DIRECTION ( 'NONE',  ( 0.000000000000000000, 0.000000000000000000, 1.000000000000000000 ) ) ;
#2442 = ADVANCED_FACE ( 'NONE', ( #2219 ), #1612, .F. ) ;
#2443 = AXIS2_PLACEMENT_3D ( 'NONE', #2669, #1691, #3718 ) ;
#2444 = DIRECTION ( 'NONE',  ( 1.000000000000000000, -7.885106708985490266E-17, 0.000000000000000000 ) ) ;
#2445 = AXIS2_PLACEMENT_3D ( 'NONE', #3599, #2306, #1297 ) ;
#2446 = ADVANCED_FACE ( 'NONE', ( #3815, #2868 ), #224, .F. ) ;
#2447 = CARTESIAN_POINT ( 'NONE',  ( -12.00000000000000000, 0.000000000000000000, 33.00000000000000000 ) ) ;
#2448 = ORIENTED_EDGE ( 'NONE', *, *, #441, .T. ) ;
#2449 = ORIENTED_EDGE ( 'NONE', *, *, #1997, .F. ) ;
#2450 = DIRECTION ( 'NONE',  ( 0.8192319205190400355, 0.000000000000000000, 0.5734623443633289908 ) ) ;
#2451 = DIRECTION ( 'NONE',  ( 0.000000000000000000, 1.000000000000000000, 0.000000000000000000 ) ) ;
#2452 = LINE ( 'NONE', #3036, #681 ) ;
#2453 = ORIENTED_EDGE ( 'NONE', *, *, #3679, .F. ) ;
#2454 = ORIENTED_EDGE ( 'NONE', *, *, #285, .F. ) ;
#2455 = PLANE ( 'NONE',  #1685 ) ;
#2456 = DIRECTION ( 'NONE',  ( 1.000000000000000000, 0.000000000000000000, 0.000000000000000000 ) ) ;
#2457 = VERTEX_POINT ( 'NONE', #2906 ) ;
#2458 = DIRECTION ( 'NONE',  ( 0.000000000000000000, 1.000000000000000000, 0.000000000000000000 ) ) ;
#2459 = ORIENTED_EDGE ( 'NONE', *, *, #2460, .T. ) ;
#2460 = EDGE_CURVE ( 'NONE', #1801, #712, #869, .T. ) ;
#2461 = VECTOR ( 'NONE', #1724, 1000.000000000000000 ) ;
#2462 = DIRECTION ( 'NONE',  ( 0.000000000000000000, 0.000000000000000000, -1.000000000000000000 ) ) ;
#2463 = CARTESIAN_POINT ( 'NONE',  ( -7.400000000000000355, -13.89999999999999858, -0.2000000000000025091 ) ) ;
#2464 = DIRECTION ( 'NONE',  ( 1.849736814544525113E-16, 1.000000000000000000, 3.421526283081326831E-32 ) ) ;
#2465 = VECTOR ( 'NONE', #2107, 1000.000000000000000 ) ;
#2466 = EDGE_CURVE ( 'NONE', #3584, #3083, #2889, .T. ) ;
#2467 = DIRECTION ( 'NONE',  ( 0.000000000000000000, 1.000000000000000000, 0.000000000000000000 ) ) ;
#2468 = VECTOR ( 'NONE', #1152, 1000.000000000000114 ) ;
#2469 = PLANE ( 'NONE',  #1501 ) ;
#2470 = ORIENTED_EDGE ( 'NONE', *, *, #3679, .T. ) ;
#2471 = DIRECTION ( 'NONE',  ( 1.000000000000000000, 8.587739980083199972E-17, 0.000000000000000000 ) ) ;
#2472 = VECTOR ( 'NONE', #1278, 1000.000000000000000 ) ;
#2473 = ADVANCED_FACE ( 'NONE', ( #4224 ), #2524, .F. ) ;
#2474 = CARTESIAN_POINT ( 'NONE',  ( 6.745724207647237236, 5.742243484539082843, -0.1797101669004704805 ) ) ;
#2475 = FACE_OUTER_BOUND ( 'NONE', #1855, .T. ) ;
#2476 = AXIS2_PLACEMENT_3D ( 'NONE', #1798, #1755, #2649 ) ;
#2477 = DIRECTION ( 'NONE',  ( -7.885106708985490266E-17, -1.000000000000000000, 0.000000000000000000 ) ) ;
#2478 = ORIENTED_EDGE ( 'NONE', *, *, #1654, .T. ) ;
#2479 = EDGE_LOOP ( 'NONE', ( #2135, #3577, #4091, #4196 ) ) ;
#2480 = FACE_OUTER_BOUND ( 'NONE', #3901, .T. ) ;
#2481 = FACE_OUTER_BOUND ( 'NONE', #1020, .T. ) ;
#2482 = VERTEX_POINT ( 'NONE', #306 ) ;
#2483 = B_SPLINE_CURVE_WITH_KNOTS ( 'NONE', 3,
 ( #1472, #4103, #876, #2184, #2766, #3778, #442, #832, #1754, #2746, #4060, #3412, #1111, #4079, #2419, #1132, #2440, #3759, #251, #3540, #1944, #2206, #230, #1304, #4211, #2620, #615, #271, #1242, #2912, #571, #3563, #3926, #981, #3242, #3842, #552, #2936, #4190, #1861, #3498 ),
 .UNSPECIFIED., .F., .F.,
 ( 4, 2, 2, 2, 2, 2, 2, 1, 1, 1, 2, 2, 2, 2, 1, 1, 2, 2, 2, 1, 1, 2, 2, 4 ),
 ( 0.000000000000000000, 0.1249999999999986122, 0.1874999999999974742, 0.2187499999999963363, 0.2499999999999951705, 0.3749999999999923950, 0.4374999999999917288, 0.4687499999999905076, 0.4843749999999902300, 0.4921874999999907851, 0.4960937499999903411, 0.4999999999999898970, 0.6249999999999977796, 0.6875000000000017764, 0.7187500000000045519, 0.7343750000000071054, 0.7421875000000074385, 0.7500000000000077716, 0.8125000000000038858, 0.8437500000000013323, 0.8593750000000004441, 0.8671875000000000000, 0.8749999999999995559, 1.000000000000000000 ),
 .UNSPECIFIED. ) ;
#2484 = VERTEX_POINT ( 'NONE', #2547 ) ;
#2485 = CARTESIAN_POINT ( 'NONE',  ( 0.000000000000000000, -18.50000000000000000, 6.000000000000000000 ) ) ;
#2486 = LINE ( 'NONE', #1797, #385 ) ;
#2487 = SHAPE_REPRESENTATION_RELATIONSHIP ( 'NONE' , 'NONE' ,  #983, #4018 ) ;
#2488 = EDGE_CURVE ( 'NONE', #2723, #3764, #3276, .T. ) ;
#2489 = FACE_OUTER_BOUND ( 'NONE', #2513, .T. ) ;
#2490 = CARTESIAN_POINT ( 'NONE',  ( -3.154362416107384881, -18.50000000000000000, 12.20805369127516116 ) ) ;
#2491 = EDGE_LOOP ( 'NONE', ( #961, #2758, #3690, #436 ) ) ;
#2492 = EDGE_CURVE ( 'NONE', #824, #1358, #588, .T. ) ;
#2493 = DIRECTION ( 'NONE',  ( 1.000000000000000000, -2.551063935260009690E-17, 0.000000000000000000 ) ) ;
#2494 = CARTESIAN_POINT ( 'NONE',  ( 6.891209575572205814, 5.332208250149485629, -0.1096235186462961864 ) ) ;
#2495 = CARTESIAN_POINT ( 'NONE',  ( -7.852348993288590151, -5.500000000000000000, 5.496644295302020033 ) ) ;
#2496 = PLANE ( 'NONE',  #1916 ) ;
#2497 = EDGE_LOOP ( 'NONE', ( #949, #113, #186, #3724 ) ) ;
#2498 = ADVANCED_FACE ( 'NONE', ( #3898 ), #1898, .F. ) ;
#2499 = ORIENTED_EDGE ( 'NONE', *, *, #3282, .F. ) ;
#2500 = AXIS2_PLACEMENT_3D ( 'NONE', #688, #1998, #2344 ) ;
#2501 = CARTESIAN_POINT ( 'NONE',  ( 1.118033988749894903, 1.149999999999999911, 27.00000000000000000 ) ) ;
#2502 = DIRECTION ( 'NONE',  ( 0.7071067811865474617, -0.7071067811865474617, -0.000000000000000000 ) ) ;
#2503 = ORIENTED_EDGE ( 'NONE', *, *, #1882, .F. ) ;
#2504 = LINE ( 'NONE', #3818, #3576 ) ;
#2505 = VERTEX_POINT ( 'NONE', #287 ) ;
#2506 = DIRECTION ( 'NONE',  ( 1.000802005371233895E-16, 1.000000000000000000, 0.000000000000000000 ) ) ;
#2507 = AXIS2_PLACEMENT_3D ( 'NONE', #3629, #2008, #3605 ) ;
#2508 = DIRECTION ( 'NONE',  ( 0.000000000000000000, 0.000000000000000000, -1.000000000000000000 ) ) ;
#2509 = VECTOR ( 'NONE', #181, 1000.000000000000000 ) ;
#2510 = LINE ( 'NONE', #1453, #511 ) ;
#2511 = AXIS2_PLACEMENT_3D ( 'NONE', #786, #1773, #3737 ) ;
#2512 = CARTESIAN_POINT ( 'NONE',  ( 0.000000000000000000, 0.000000000000000000, 0.000000000000000000 ) ) ;
#2513 = EDGE_LOOP ( 'NONE', ( #3628, #1577, #2826, #3723 ) ) ;
#2514 = DIRECTION ( 'NONE',  ( -0.7071067811865510144, 0.000000000000000000, 0.7071067811865441310 ) ) ;
#2515 = EDGE_CURVE ( 'NONE', #29, #2089, #1854, .T. ) ;
#2516 = CARTESIAN_POINT ( 'NONE',  ( 7.055028863459309463, -13.89999999999999858, 0.5168231408637730118 ) ) ;
#2517 = CARTESIAN_POINT ( 'NONE',  ( 13.42893218813449963, 5.500000000000000000, 1.071067811865487940 ) ) ;
#2518 = CYLINDRICAL_SURFACE ( 'NONE', #3167, 2.160000000000000142 ) ;
#2519 = ORIENTED_EDGE ( 'NONE', *, *, #2914, .F. ) ;
#2520 = VECTOR ( 'NONE', #2502, 1000.000000000000114 ) ;
#2521 = ORIENTED_EDGE ( 'NONE', *, *, #3161, .T. ) ;
#2522 = EDGE_CURVE ( 'NONE', #1320, #892, #3191, .T. ) ;
#2523 = LINE ( 'NONE', #1874, #4093 ) ;
#2524 = PLANE ( 'NONE',  #1079 ) ;
#2525 = ORIENTED_EDGE ( 'NONE', *, *, #3784, .F. ) ;
#2526 = FACE_OUTER_BOUND ( 'NONE', #2108, .T. ) ;
#2527 = VERTEX_POINT ( 'NONE', #1254 ) ;
#2528 = EDGE_CURVE ( 'NONE', #28, #4174, #2564, .T. ) ;
#2529 = CARTESIAN_POINT ( 'NONE',  ( -5.359999999999999432, -13.89999999999999858, 2.885947578294145721 ) ) ;
#2530 = DIRECTION ( 'NONE',  ( 0.000000000000000000, 1.000000000000000000, 0.000000000000000000 ) ) ;
#2531 = FILL_AREA_STYLE_COLOUR ( '', #2274 ) ;
#2532 = LINE ( 'NONE', #877, #2848 ) ;
#2533 = AXIS2_PLACEMENT_3D ( 'NONE', #1651, #1333, #1672 ) ;
#2534 = FACE_OUTER_BOUND ( 'NONE', #2955, .T. ) ;
#2535 = ORIENTED_EDGE ( 'NONE', *, *, #2814, .T. ) ;
#2536 = DIRECTION ( 'NONE',  ( 0.000000000000000000, 0.000000000000000000, -1.000000000000000000 ) ) ;
#2537 = VECTOR ( 'NONE', #1330, 1000.000000000000000 ) ;
#2538 = DIRECTION ( 'NONE',  ( 0.000000000000000000, 0.000000000000000000, 1.000000000000000000 ) ) ;
#2539 = LINE ( 'NONE', #1292, #693 ) ;
#2540 = LINE ( 'NONE', #3229, #1496 ) ;
#2541 = EDGE_LOOP ( 'NONE', ( #3237, #1814, #2240, #2173, #1980, #3418 ) ) ;
#2542 = CIRCLE ( 'NONE', #687, 0.2999999999999999334 ) ;
#2543 = ORIENTED_EDGE ( 'NONE', *, *, #2466, .F. ) ;
#2544 = EDGE_CURVE ( 'NONE', #585, #526, #3874, .T. ) ;
#2545 = CIRCLE ( 'NONE', #1926, 4.999999999999999112 ) ;
#2546 = CARTESIAN_POINT ( 'NONE',  ( -17.00000000000000000, 0.000000000000000000, 30.00000000000000000 ) ) ;
#2547 = CARTESIAN_POINT ( 'NONE',  ( 13.50000000000000000, -18.50000000000000000, 0.9999999999999701350 ) ) ;
#2548 = VERTEX_POINT ( 'NONE', #1920 ) ;
#2549 = FACE_OUTER_BOUND ( 'NONE', #108, .T. ) ;
#2550 = EDGE_LOOP ( 'NONE', ( #1762, #408, #2430, #4036, #1607, #829, #199, #2565 ) ) ;
#2551 = ADVANCED_FACE ( 'NONE', ( #3236 ), #631, .T. ) ;
#2552 = CYLINDRICAL_SURFACE ( 'NONE', #929, 4.999999999999999112 ) ;
#2553 = DIRECTION ( 'NONE',  ( 0.000000000000000000, 0.000000000000000000, 1.000000000000000000 ) ) ;
#2554 = EDGE_CURVE ( 'NONE', #2994, #2201, #4161, .T. ) ;
#2555 = LINE ( 'NONE', #3565, #3537 ) ;
#2556 = CARTESIAN_POINT ( 'NONE',  ( 7.030617832023972724, -4.907239154060990316, 0.03837922829222651516 ) ) ;
#2557 = EDGE_LOOP ( 'NONE', ( #170, #89, #2325, #3964 ) ) ;
#2558 = FACE_OUTER_BOUND ( 'NONE', #776, .T. ) ;
#2559 = PLANE ( 'NONE',  #894 ) ;
#2560 = FACE_BOUND ( 'NONE', #1766, .T. ) ;
#2561 = ORIENTED_EDGE ( 'NONE', *, *, #264, .T. ) ;
#2562 = EDGE_LOOP ( 'NONE', ( #10, #120 ) ) ;
#2563 = DIRECTION ( 'NONE',  ( 0.000000000000000000, 0.000000000000000000, -1.000000000000000000 ) ) ;
#2564 = LINE ( 'NONE', #3558, #801 ) ;
#2565 = ORIENTED_EDGE ( 'NONE', *, *, #2145, .T. ) ;
#2566 = DIRECTION ( 'NONE',  ( 1.000000000000000000, 0.000000000000000000, 0.000000000000000000 ) ) ;
#2567 = EDGE_LOOP ( 'NONE', ( #2950, #1467, #2801, #1361 ) ) ;
#2568 = B_SPLINE_CURVE_WITH_KNOTS ( 'NONE', 3,
 ( #30, #1937, #2697, #1700, #3014, #2262, #3579, #2305, #714, #3252, #392, #2676, #1960, #73, #2350, #305, #2023, #1655, #2327, #630, #3622, #3961, #2971, #3598, #1610, #1982, #54, #1359, #1038, #2928, #1632, #1339, #2655, #3645 ),
 .UNSPECIFIED., .F., .F.,
 ( 4, 2, 2, 1, 1, 1, 2, 2, 2, 2, 1, 1, 2, 2, 2, 2, 1, 2, 2, 4 ),
 ( 0.000000000000000000, 0.1249999999999836797, 0.1874999999999749645, 0.2187499999999704681, 0.2343749999999677480, 0.2421874999999668321, 0.2460937499999659162, 0.2499999999999650280, 0.3749999999999839018, 0.4374999999999942268, 0.4687499999999987232, 0.4843750000000002220, 0.4921875000000003331, 0.5000000000000005551, 0.6250000000000003331, 0.6875000000000004441, 0.7187500000000005551, 0.7343750000000005551, 0.7500000000000006661, 1.000000000000000000 ),
 .UNSPECIFIED. ) ;
#2569 = CYLINDRICAL_SURFACE ( 'NONE', #1749, 3.750000000000000000 ) ;
#2570 = EDGE_CURVE ( 'NONE', #3561, #3769, #3348, .T. ) ;
#2571 = CARTESIAN_POINT ( 'NONE',  ( -12.00000000000000000, -4.250000000000000000, 5.000000000000000000 ) ) ;
#2572 = DIRECTION ( 'NONE',  ( 0.000000000000000000, 0.000000000000000000, 1.000000000000000000 ) ) ;
#2573 = CIRCLE ( 'NONE', #3258, 5.000000000000000888 ) ;
#2574 = APPLICATION_CONTEXT ( 'automotive_design' ) ;
#2575 = CIRCLE ( 'NONE', #1745, 3.249999999999999556 ) ;
#2576 = DIRECTION ( 'NONE',  ( 0.000000000000000000, 0.000000000000000000, -1.000000000000000000 ) ) ;
#2577 = ADVANCED_FACE ( 'NONE', ( #3363 ), #715, .T. ) ;
#2578 = CARTESIAN_POINT ( 'NONE',  ( 6.604487272054069713, -6.113979708281330083, -0.2000000000000000111 ) ) ;
#2579 = VERTEX_POINT ( 'NONE', #2328 ) ;
#2580 = SHAPE_REPRESENTATION ( '\X2\624b815563d295004ef6\X0\-v23', ( #830 ), #2057 ) ;
#2581 = VECTOR ( 'NONE', #1943, 999.9999999999998863 ) ;
#2582 = DIRECTION ( 'NONE',  ( 0.000000000000000000, 0.000000000000000000, 1.000000000000000000 ) ) ;
#2583 = AXIS2_PLACEMENT_3D ( 'NONE', #2613, #2285, #648 ) ;
#2584 = ADVANCED_FACE ( 'NONE', ( #2286 ), #1679, .F. ) ;
#2585 = CARTESIAN_POINT ( 'NONE',  ( -6.208387876660300009, 3.819331721568715476, 30.00000000000000000 ) ) ;
#2586 = CARTESIAN_POINT ( 'NONE',  ( 11.50000000000000000, 4.250000000000000000, 28.00000000000000000 ) ) ;
#2587 = ORIENTED_EDGE ( 'NONE', *, *, #1056, .F. ) ;
#2588 = ORIENTED_EDGE ( 'NONE', *, *, #4145, .T. ) ;
#2589 =( GEOMETRIC_REPRESENTATION_CONTEXT ( 3 ) GLOBAL_UNCERTAINTY_ASSIGNED_CONTEXT ( ( #4107 ) ) GLOBAL_UNIT_ASSIGNED_CONTEXT ( ( #3071, #3434, #1180 ) ) REPRESENTATION_CONTEXT ( 'NONE', 'WORKASPACE' ) );
#2590 = DIRECTION ( 'NONE',  ( 0.000000000000000000, 1.000000000000000000, 0.000000000000000000 ) ) ;
#2591 = VECTOR ( 'NONE', #1275, 1000.000000000000000 ) ;
#2592 = DIRECTION ( 'NONE',  ( 0.000000000000000000, -1.000000000000000000, 0.000000000000000000 ) ) ;
#2593 = VERTEX_POINT ( 'NONE', #3919 ) ;
#2594 = CARTESIAN_POINT ( 'NONE',  ( -7.104487272054069713, 4.666504109204420381, 0.2999999999999999889 ) ) ;
#2595 = CARTESIAN_POINT ( 'NONE',  ( -11.70000000000000107, 5.500000000000000000, 0.000000000000000000 ) ) ;
#2596 = CARTESIAN_POINT ( 'NONE',  ( -7.500000000000000000, -25.50000000000000000, 6.000000000000000000 ) ) ;
#2597 = VERTEX_POINT ( 'NONE', #349 ) ;
#2598 = APPLICATION_PROTOCOL_DEFINITION ( 'draft international standard', 'automotive_design', 1998, #2793 ) ;
#2599 = EDGE_CURVE ( 'NONE', #3582, #1608, #4006, .T. ) ;
#2600 = PLANE ( 'NONE',  #440 ) ;
#2601 = DIRECTION ( 'NONE',  ( -1.000000000000000000, 0.000000000000000000, 0.000000000000000000 ) ) ;
#2602 = CARTESIAN_POINT ( 'NONE',  ( 6.915525348485676460, -5.260563962686923389, -0.09159919569683061535 ) ) ;
#2603 = EDGE_CURVE ( 'NONE', #3447, #2364, #3691, .T. ) ;
#2604 = DIRECTION ( 'NONE',  ( -0.000000000000000000, -0.000000000000000000, -1.000000000000000000 ) ) ;
#2605 = AXIS2_PLACEMENT_3D ( 'NONE', #710, #49, #2967 ) ;
#2606 =( BOUNDED_CURVE ( )  B_SPLINE_CURVE ( 3, ( #2356, #1990, #18, #4035 ),
 .UNSPECIFIED., .F., .T. ) 
 B_SPLINE_CURVE_WITH_KNOTS ( ( 4, 4 ),
 ( 5.473065653935130115, 5.691502752847979352 ),
 .UNSPECIFIED. ) 
 CURVE ( )  GEOMETRIC_REPRESENTATION_ITEM ( )  RATIONAL_B_SPLINE_CURVE ( ( 1.000000000000000000, 0.9960277205158439839, 0.9960277205158439839, 1.000000000000000000 ) ) 
 REPRESENTATION_ITEM ( '' )  );
#2607 = DIRECTION ( 'NONE',  ( 0.000000000000000000, -1.000000000000000000, 0.000000000000000000 ) ) ;
#2608 = DIRECTION ( 'NONE',  ( -4.081702296416015011E-16, 1.000000000000000000, 0.000000000000000000 ) ) ;
#2609 = VERTEX_POINT ( 'NONE', #1360 ) ;
#2610 = ORIENTED_EDGE ( 'NONE', *, *, #1392, .T. ) ;
#2611 = AXIS2_PLACEMENT_3D ( 'NONE', #1760, #814, #1477 ) ;
#2612 = ADVANCED_FACE ( 'NONE', ( #2004 ), #2656, .T. ) ;
#2613 = CARTESIAN_POINT ( 'NONE',  ( 11.50000000000000000, 4.250000000000000000, 28.00000000000000000 ) ) ;
#2614 = AXIS2_PLACEMENT_3D ( 'NONE', #2203, #3516, #1237 ) ;
#2615 = CARTESIAN_POINT ( 'NONE',  ( -1.109842088726713096E-16, -10.90000000000000036, -0.2000000000000010658 ) ) ;
#2616 = ORIENTED_EDGE ( 'NONE', *, *, #4203, .T. ) ;
#2617 = DIRECTION ( 'NONE',  ( -1.000000000000000000, 1.334402673828313339E-16, 0.000000000000000000 ) ) ;
#2618 = ORIENTED_EDGE ( 'NONE', *, *, #2234, .F. ) ;
#2619 = LINE ( 'NONE', #3325, #3812 ) ;
#2620 = CARTESIAN_POINT ( 'NONE',  ( -7.004454045055291900, -4.989777343810560595, -0.0001329699694242617383 ) ) ;
#2621 = PRODUCT_DEFINITION_FORMATION_WITH_SPECIFIED_SOURCE ( 'ä»', '', #116, .NOT_KNOWN. ) ;
#2622 = PLANE ( 'NONE',  #2646 ) ;
#2623 = LINE ( 'NONE', #2516, #2438 ) ;
#2624 = ADVANCED_FACE ( 'NONE', ( #3986 ), #2677, .F. ) ;
#2625 = CARTESIAN_POINT ( 'NONE',  ( -10.73213150326322030, 4.456093859144889535, 6.000000000000000000 ) ) ;
#2626 = CARTESIAN_POINT ( 'NONE',  ( 2.160000000000000142, -13.75000000000000000, 15.00000000000000000 ) ) ;
#2627 = FACE_OUTER_BOUND ( 'NONE', #177, .T. ) ;
#2628 = EDGE_CURVE ( 'NONE', #2310, #828, #2929, .T. ) ;
#2629 = DIRECTION ( 'NONE',  ( 0.8302211308910921739, -0.5574341878840192166, 0.000000000000000000 ) ) ;
#2630 = ORIENTED_EDGE ( 'NONE', *, *, #3157, .F. ) ;
#2631 = DIRECTION ( 'NONE',  ( -0.8192319205190404796, 0.000000000000000000, 0.5734623443633283246 ) ) ;
#2632 = EDGE_CURVE ( 'NONE', #2484, #4003, #2930, .T. ) ;
#2633 = PLANE ( 'NONE',  #1830 ) ;
#2634 = VERTEX_POINT ( 'NONE', #1016 ) ;
#2635 = CARTESIAN_POINT ( 'NONE',  ( -20.50000000000000000, 17.30000000000000071, 8.142135623730919036 ) ) ;
#2636 = ORIENTED_EDGE ( 'NONE', *, *, #4149, .T. ) ;
#2637 = DIRECTION ( 'NONE',  ( 0.000000000000000000, 1.000000000000000000, 0.000000000000000000 ) ) ;
#2638 = EDGE_CURVE ( 'NONE', #1923, #1272, #393, .T. ) ;
#2639 = CARTESIAN_POINT ( 'NONE',  ( 11.50000000000000000, -4.250000000000000000, 6.750000000000000000 ) ) ;
#2640 = VERTEX_POINT ( 'NONE', #2972 ) ;
#2641 = PRODUCT_CONTEXT ( 'NONE', #1693, 'mechanical' ) ;
#2642 = DIRECTION ( 'NONE',  ( -0.9010831828104849395, 0.000000000000000000, 0.4336462817275460457 ) ) ;
#2643 = AXIS2_PLACEMENT_3D ( 'NONE', #3290, #1649, #3954 ) ;
#2644 = DIRECTION ( 'NONE',  ( 0.000000000000000000, 1.000000000000000000, 0.000000000000000000 ) ) ;
#2645 = CARTESIAN_POINT ( 'NONE',  ( -9.599999999999999645, 4.250000000000000000, 25.36324062531295809 ) ) ;
#2646 = AXIS2_PLACEMENT_3D ( 'NONE', #2250, #274, #2875 ) ;
#2647 = PLANE ( 'NONE',  #2149 ) ;
#2648 = AXIS2_PLACEMENT_3D ( 'NONE', #3349, #4116, #1463 ) ;
#2649 = DIRECTION ( 'NONE',  ( -1.000000000000000000, 0.000000000000000000, 0.000000000000000000 ) ) ;
#2650 = DIRECTION ( 'NONE',  ( 0.000000000000000000, 0.000000000000000000, -1.000000000000000000 ) ) ;
#2651 = ORIENTED_EDGE ( 'NONE', *, *, #2075, .T. ) ;
#2652 = ORIENTED_EDGE ( 'NONE', *, *, #4235, .T. ) ;
#2653 = VECTOR ( 'NONE', #174, 1000.000000000000000 ) ;
#2654 = ADVANCED_FACE ( 'NONE', ( #739 ), #2633, .T. ) ;
#2655 = CARTESIAN_POINT ( 'NONE',  ( -6.633690601384014229, 6.039414308179778423, -0.2000000000000013711 ) ) ;
#2656 = PLANE ( 'NONE',  #2445 ) ;
#2657 = VERTEX_POINT ( 'NONE', #2369 ) ;
#2658 = VECTOR ( 'NONE', #1044, 1000.000000000000114 ) ;
#2659 = DIRECTION ( 'NONE',  ( 0.000000000000000000, -1.000000000000000000, 0.000000000000000000 ) ) ;
#2660 = ORIENTED_EDGE ( 'NONE', *, *, #3108, .F. ) ;
#2661 = PRODUCT_DEFINITION_SHAPE ( 'NONE', 'NONE',  #1611 ) ;
#2662 = EDGE_CURVE ( 'NONE', #3764, #3510, #2099, .T. ) ;
#2663 = AXIS2_PLACEMENT_3D ( 'NONE', #544, #1875, #3492 ) ;
#2664 = CARTESIAN_POINT ( 'NONE',  ( 5.359999999999999432, -13.89999999999999858, 0.000000000000000000 ) ) ;
#2665 = DIRECTION ( 'NONE',  ( 0.000000000000000000, 0.000000000000000000, -1.000000000000000000 ) ) ;
#2666 = EDGE_LOOP ( 'NONE', ( #855, #1653, #4097, #2651 ) ) ;
#2667 = EDGE_CURVE ( 'NONE', #3372, #4110, #2998, .T. ) ;
#2668 = CARTESIAN_POINT ( 'NONE',  ( -12.00000000000000000, -4.250000000000000000, 0.000000000000000000 ) ) ;
#2669 = CARTESIAN_POINT ( 'NONE',  ( 6.604487272054069713, -13.39999999999999147, 0.2999999999999999889 ) ) ;
#2670 = CARTESIAN_POINT ( 'NONE',  ( 33.50000000000000000, 5.500000000000000000, 6.000000000000000000 ) ) ;
#2671 = CARTESIAN_POINT ( 'NONE',  ( -10.50000000000000000, -18.50000000000000000, 10.00000000000000000 ) ) ;
#2672 = LINE ( 'NONE', #709, #4127 ) ;
#2673 = DIRECTION ( 'NONE',  ( -0.000000000000000000, 1.000000000000000000, 0.000000000000000000 ) ) ;
#2674 = EDGE_LOOP ( 'NONE', ( #671, #1399, #1096, #288, #3702, #3382, #2437, #1146 ) ) ;
#2675 = ORIENTED_EDGE ( 'NONE', *, *, #3437, .F. ) ;
#2676 = CARTESIAN_POINT ( 'NONE',  ( -7.018524322003565352, 4.945611890880672767, 0.01968957121221421094 ) ) ;
#2677 = PLANE ( 'NONE',  #1285 ) ;
#2678 = ORIENTED_EDGE ( 'NONE', *, *, #4157, .T. ) ;
#2679 = FACE_OUTER_BOUND ( 'NONE', #4086, .T. ) ;
#2680 = CIRCLE ( 'NONE', #269, 0.2999999999999999334 ) ;
#2681 = ORIENTED_EDGE ( 'NONE', *, *, #1869, .T. ) ;
#2682 = CIRCLE ( 'NONE', #823, 9.000000000000000000 ) ;
#2683 = DIRECTION ( 'NONE',  ( 0.000000000000000000, 1.000000000000000000, 0.000000000000000000 ) ) ;
#2684 = DIRECTION ( 'NONE',  ( -1.000000000000000000, 0.000000000000000000, 0.000000000000000000 ) ) ;
#2685 = EDGE_CURVE ( 'NONE', #3467, #1231, #663, .T. ) ;
#2686 = VERTEX_POINT ( 'NONE', #328 ) ;
#2687 = CIRCLE ( 'NONE', #1171, 3.249999999999999556 ) ;
#2688 = CARTESIAN_POINT ( 'NONE',  ( 17.00000000000000000, 0.7500000000000000000, 33.00000000000000000 ) ) ;
#2689 = VECTOR ( 'NONE', #2096, 1000.000000000000000 ) ;
#2690 = CYLINDRICAL_SURFACE ( 'NONE', #3063, 1.749999999999999778 ) ;
#2691 = EDGE_CURVE ( 'NONE', #843, #1460, #1633, .T. ) ;
#2692 = CARTESIAN_POINT ( 'NONE',  ( 1.917499450324875057E-16, 0.000000000000000000, -0.2000000000000000111 ) ) ;
#2693 = DIRECTION ( 'NONE',  ( 0.000000000000000000, -1.000000000000000000, 0.000000000000000000 ) ) ;
#2694 = DIRECTION ( 'NONE',  ( 0.000000000000000000, 1.000000000000000000, 0.000000000000000000 ) ) ;
#2695 = ORIENTED_EDGE ( 'NONE', *, *, #2784, .F. ) ;
#2696 = LINE ( 'NONE', #4065, #1009 ) ;
#2697 = CARTESIAN_POINT ( 'NONE',  ( -7.097272384650780808, 4.689527847379778791, 0.2054257988132953128 ) ) ;
#2698 = DIRECTION ( 'NONE',  ( 0.000000000000000000, -1.000000000000000000, 0.000000000000000000 ) ) ;
#2699 = ORIENTED_EDGE ( 'NONE', *, *, #3387, .T. ) ;
#2700 = ORIENTED_EDGE ( 'NONE', *, *, #4047, .F. ) ;
#2701 = LINE ( 'NONE', #4009, #1405 ) ;
#2702 = CARTESIAN_POINT ( 'NONE',  ( 5.859999999999999432, -13.89999999999999858, 6.000000000000000000 ) ) ;
#2703 = EDGE_LOOP ( 'NONE', ( #3089, #2047, #1380, #14, #1613, #4148, #3408, #2011, #533, #1217, #1641, #1443, #1780, #309, #628, #3126, #2734, #1513 ) ) ;
#2704 = EDGE_LOOP ( 'NONE', ( #1295, #3339, #2375, #3038, #928, #1195 ) ) ;
#2705 = EDGE_CURVE ( 'NONE', #3468, #62, #1398, .T. ) ;
#2706 = CARTESIAN_POINT ( 'NONE',  ( -13.50000000000000000, 18.50000000000000000, 0.9999999999999701350 ) ) ;
#2707 = CIRCLE ( 'NONE', #1949, 3.750000000000000000 ) ;
#2708 = ADVANCED_FACE ( 'NONE', ( #2775 ), #3707, .F. ) ;
#2709 = DIRECTION ( 'NONE',  ( 1.000000000000000000, 0.000000000000000000, 0.000000000000000000 ) ) ;
#2710 = CARTESIAN_POINT ( 'NONE',  ( -7.055028863459309463, -4.740945869313009986, 0.5168231408637700142 ) ) ;
#2711 = ORIENTED_EDGE ( 'NONE', *, *, #966, .F. ) ;
#2712 = AXIS2_PLACEMENT_3D ( 'NONE', #2036, #1409, #1048 ) ;
#2713 = ORIENTED_EDGE ( 'NONE', *, *, #2841, .F. ) ;
#2714 = EDGE_CURVE ( 'NONE', #2931, #290, #3124, .T. ) ;
#2715 = AXIS2_PLACEMENT_3D ( 'NONE', #1328, #2642, #3950 ) ;
#2716 = CARTESIAN_POINT ( 'NONE',  ( 3.803188698462964889E-15, 0.000000000000000000, 30.04163056034259682 ) ) ;
#2717 = ORIENTED_EDGE ( 'NONE', *, *, #2628, .F. ) ;
#2718 = ORIENTED_EDGE ( 'NONE', *, *, #4254, .T. ) ;
#2719 = AXIS2_PLACEMENT_3D ( 'NONE', #1324, #1382, #311 ) ;
#2720 = DIRECTION ( 'NONE',  ( 0.000000000000000000, -1.000000000000000000, 0.000000000000000000 ) ) ;
#2721 = VECTOR ( 'NONE', #367, 999.9999999999998863 ) ;
#2722 = DIRECTION ( 'NONE',  ( -1.000000000000000000, 0.000000000000000000, 0.000000000000000000 ) ) ;
#2723 = VERTEX_POINT ( 'NONE', #3081 ) ;
#2724 = EDGE_LOOP ( 'NONE', ( #249, #496, #242, #3756, #1025, #1709, #3927, #3407, #1425, #548, #3112, #1962, #2961, #2175, #3776, #1336, #4202, #2857, #3250, #1238, #2021 ) ) ;
#2725 = AXIS2_PLACEMENT_3D ( 'NONE', #1708, #657, #399 ) ;
#2726 = DIRECTION ( 'NONE',  ( 0.000000000000000000, 0.000000000000000000, -1.000000000000000000 ) ) ;
#2727 = FACE_BOUND ( 'NONE', #163, .T. ) ;
#2728 = AXIS2_PLACEMENT_3D ( 'NONE', #3993, #3732, #2111 ) ;
#2729 = EDGE_CURVE ( 'NONE', #3917, #2265, #2736, .T. ) ;
#2730 = CARTESIAN_POINT ( 'NONE',  ( 9.599999999999999645, 4.250000000000000000, 7.636759374687045465 ) ) ;
#2731 = PLANE ( 'NONE',  #1093 ) ;
#2732 = ORIENTED_EDGE ( 'NONE', *, *, #1311, .F. ) ;
#2733 = ADVANCED_FACE ( 'NONE', ( #840 ), #1081, .F. ) ;
#2734 = ORIENTED_EDGE ( 'NONE', *, *, #866, .T. ) ;
#2735 = LINE ( 'NONE', #4046, #45 ) ;
#2736 = LINE ( 'NONE', #1483, #613 ) ;
#2737 = ORIENTED_EDGE ( 'NONE', *, *, #434, .T. ) ;
#2738 = EDGE_CURVE ( 'NONE', #3383, #451, #134, .T. ) ;
#2739 = EDGE_LOOP ( 'NONE', ( #2454, #2204 ) ) ;
#2740 = CARTESIAN_POINT ( 'NONE',  ( 7.500000000000000000, 17.30000000000000071, 6.000000000000000000 ) ) ;
#2741 = CARTESIAN_POINT ( 'NONE',  ( 11.70000000000000107, 5.500000000000000000, 8.673617379884030542E-16 ) ) ;
#2742 = EDGE_LOOP ( 'NONE', ( #2371, #2825, #151, #2010 ) ) ;
#2743 = VERTEX_POINT ( 'NONE', #1765 ) ;
#2744 = VECTOR ( 'NONE', #2877, 1000.000000000000000 ) ;
#2745 = LINE ( 'NONE', #4078, #3681 ) ;
#2746 = CARTESIAN_POINT ( 'NONE',  ( -6.785571628369303276, -5.633547156083248630, -0.1672515577160175182 ) ) ;
#2747 = CARTESIAN_POINT ( 'NONE',  ( -7.004487272054069180, 17.30000000000000071, 1.084202172485503941E-16 ) ) ;
#2748 = CIRCLE ( 'NONE', #2813, 2.160000000000000142 ) ;
#2749 = AXIS2_PLACEMENT_3D ( 'NONE', #3541, #2137, #3220 ) ;
#2750 = CARTESIAN_POINT ( 'NONE',  ( 9.599999999999999645, 4.250000000000000000, 50.00000000000000711 ) ) ;
#2751 = CARTESIAN_POINT ( 'NONE',  ( 13.50000000000000000, 5.500000000000000000, 0.000000000000000000 ) ) ;
#2752 = ORIENTED_EDGE ( 'NONE', *, *, #1462, .F. ) ;
#2753 = ORIENTED_EDGE ( 'NONE', *, *, #1686, .F. ) ;
#2754 = EDGE_CURVE ( 'NONE', #3060, #3302, #3104, .T. ) ;
#2755 = CARTESIAN_POINT ( 'NONE',  ( -11.50000000000000000, -2.250000000000000000, 5.000000000000000000 ) ) ;
#2756 = LINE ( 'NONE', #3508, #341 ) ;
#2757 = DIRECTION ( 'NONE',  ( 0.000000000000000000, 0.000000000000000000, -1.000000000000000000 ) ) ;
#2758 = ORIENTED_EDGE ( 'NONE', *, *, #2279, .T. ) ;
#2759 = EDGE_LOOP ( 'NONE', ( #460, #1212, #524, #2878, #3066, #2845 ) ) ;
#2760 = EDGE_CURVE ( 'NONE', #2239, #394, #156, .T. ) ;
#2761 = DIRECTION ( 'NONE',  ( 0.000000000000000000, -1.000000000000000000, 0.000000000000000000 ) ) ;
#2762 = CARTESIAN_POINT ( 'NONE',  ( -11.50000000000000000, -7.750000000000000000, 5.000000000000000000 ) ) ;
#2763 = ORIENTED_EDGE ( 'NONE', *, *, #3084, .F. ) ;
#2764 = ORIENTED_EDGE ( 'NONE', *, *, #2361, .T. ) ;
#2765 = DIRECTION ( 'NONE',  ( 1.849736814544524867E-16, 0.000000000000000000, -1.000000000000000000 ) ) ;
#2766 = CARTESIAN_POINT ( 'NONE',  ( -6.691152953798363612, -5.889105208247674028, -0.1927057494255817738 ) ) ;
#2767 = CARTESIAN_POINT ( 'NONE',  ( -11.50000000000000000, -4.250000000000000000, 5.000000000000000000 ) ) ;
#2768 = DIRECTION ( 'NONE',  ( -1.000000000000000000, -8.673617379884035472E-17, 0.000000000000000000 ) ) ;
#2769 = DIRECTION ( 'NONE',  ( 0.000000000000000000, 0.000000000000000000, -1.000000000000000000 ) ) ;
#2770 = VERTEX_POINT ( 'NONE', #1459 ) ;
#2771 = ORIENTED_EDGE ( 'NONE', *, *, #2809, .T. ) ;
#2772 = LINE ( 'NONE', #2063, #3403 ) ;
#2773 = AXIS2_PLACEMENT_3D ( 'NONE', #86, #1092, #1391 ) ;
#2774 = LINE ( 'NONE', #3487, #3985 ) ;
#2775 = FACE_OUTER_BOUND ( 'NONE', #4244, .T. ) ;
#2776 = EDGE_LOOP ( 'NONE', ( #3106, #2338, #115, #584 ) ) ;
#2777 = ORIENTED_EDGE ( 'NONE', *, *, #3762, .F. ) ;
#2778 = EDGE_CURVE ( 'NONE', #2025, #2390, #2680, .T. ) ;
#2779 = AXIS2_PLACEMENT_3D ( 'NONE', #192, #1475, #3116 ) ;
#2780 = LINE ( 'NONE', #2740, #2435 ) ;
#2781 = LINE ( 'NONE', #4055, #1759 ) ;
#2782 = ORIENTED_EDGE ( 'NONE', *, *, #3205, .F. ) ;
#2783 = VERTEX_POINT ( 'NONE', #2389 ) ;
#2784 = EDGE_CURVE ( 'NONE', #1036, #1385, #1787, .T. ) ;
#2785 = VECTOR ( 'NONE', #1396, 1000.000000000000000 ) ;
#2786 = DIRECTION ( 'NONE',  ( 0.000000000000000000, 0.000000000000000000, 1.000000000000000000 ) ) ;
#2787 = CARTESIAN_POINT ( 'NONE',  ( 11.50000000000000000, 0.7500000000000000000, 28.00000000000000000 ) ) ;
#2788 = FACE_OUTER_BOUND ( 'NONE', #3682, .T. ) ;
#2789 = AXIS2_PLACEMENT_3D ( 'NONE', #1069, #2013, #748 ) ;
#2790 = EDGE_CURVE ( 'NONE', #1082, #1732, #1143, .T. ) ;
#2791 = LINE ( 'NONE', #2076, #1401 ) ;
#2792 = VECTOR ( 'NONE', #2433, 999.9999999999998863 ) ;
#2793 = APPLICATION_CONTEXT ( 'automotive_design' ) ;
#2794 = CARTESIAN_POINT ( 'NONE',  ( 13.00000000000000000, 0.000000000000000000, 6.000000000000000000 ) ) ;
#2795 = EDGE_LOOP ( 'NONE', ( #4216, #158, #1782, #3708, #1984, #225 ) ) ;
#2796 = CARTESIAN_POINT ( 'NONE',  ( 0.000000000000000000, 0.000000000000000000, 50.00000000000000000 ) ) ;
#2797 = CARTESIAN_POINT ( 'NONE',  ( 5.859999999999999432, 6.157142194232649857, 3.000000000000000000 ) ) ;
#2798 = FACE_OUTER_BOUND ( 'NONE', #1455, .T. ) ;
#2799 = DIRECTION ( 'NONE',  ( -7.885106708985490266E-17, -1.000000000000000000, 0.000000000000000000 ) ) ;
#2800 = VERTEX_POINT ( 'NONE', #2428 ) ;
#2801 = ORIENTED_EDGE ( 'NONE', *, *, #2436, .T. ) ;
#2802 = CYLINDRICAL_SURFACE ( 'NONE', #586, 10.00000000000000000 ) ;
#2803 = DIRECTION ( 'NONE',  ( -1.000000000000000000, 0.000000000000000000, 0.000000000000000000 ) ) ;
#2804 = ORIENTED_EDGE ( 'NONE', *, *, #1490, .T. ) ;
#2805 = CARTESIAN_POINT ( 'NONE',  ( 7.055028863459309463, 4.740945869313009986, 0.5168231408637720126 ) ) ;
#2806 = ORIENTED_EDGE ( 'NONE', *, *, #125, .T. ) ;
#2807 = VECTOR ( 'NONE', #2948, 1000.000000000000000 ) ;
#2808 = FACE_OUTER_BOUND ( 'NONE', #501, .T. ) ;
#2809 = EDGE_CURVE ( 'NONE', #3230, #2931, #2452, .T. ) ;
#2810 = FACE_OUTER_BOUND ( 'NONE', #2776, .T. ) ;
#2811 = SHAPE_REPRESENTATION_RELATIONSHIP ( 'NONE' , 'NONE' ,  #2580, #579 ) ;
#2812 = CARTESIAN_POINT ( 'NONE',  ( 7.021564347915039583, 1.449999999999999956, 30.00000000000000000 ) ) ;
#2813 = AXIS2_PLACEMENT_3D ( 'NONE', #197, #3806, #1504 ) ;
#2814 = EDGE_CURVE ( 'NONE', #62, #2112, #91, .T. ) ;
#2815 = CARTESIAN_POINT ( 'NONE',  ( 7.067180764228154999, -4.788697529385260943, 0.1102015843893613539 ) ) ;
#2816 = ORIENTED_EDGE ( 'NONE', *, *, #347, .T. ) ;
#2817 = CARTESIAN_POINT ( 'NONE',  ( 5.859999999999999432, 6.157142194232649857, 30.04163056034259682 ) ) ;
#2818 = DIRECTION ( 'NONE',  ( 0.000000000000000000, -1.000000000000000000, 0.000000000000000000 ) ) ;
#2819 = CARTESIAN_POINT ( 'NONE',  ( -10.28771024652967014, 3.225750696657939010, 1.867689350915210378 ) ) ;
#2820 = CARTESIAN_POINT ( 'NONE',  ( 7.321564347915040294, 1.449999999999999956, 0.000000000000000000 ) ) ;
#2821 = EDGE_LOOP ( 'NONE', ( #2033, #1793, #2397, #3530 ) ) ;
#2822 = ORIENTED_EDGE ( 'NONE', *, *, #4077, .T. ) ;
#2823 = DIRECTION ( 'NONE',  ( 1.000000000000000000, 0.000000000000000000, 0.000000000000000000 ) ) ;
#2824 = CARTESIAN_POINT ( 'NONE',  ( -11.50000000000000000, -7.750000000000000000, 28.00000000000000000 ) ) ;
#2825 = ORIENTED_EDGE ( 'NONE', *, *, #1678, .F. ) ;
#2826 = ORIENTED_EDGE ( 'NONE', *, *, #371, .T. ) ;
#2827 = PRODUCT_RELATED_PRODUCT_CATEGORY ( 'part', '', ( #803 ) ) ;
#2828 = LINE ( 'NONE', #614, #1541 ) ;
#2829 = CARTESIAN_POINT ( 'NONE',  ( -11.70000000000000107, -18.50000000000000000, 0.000000000000000000 ) ) ;
#2830 = EDGE_CURVE ( 'NONE', #3147, #3010, #3013, .T. ) ;
#2831 = FACE_OUTER_BOUND ( 'NONE', #2479, .T. ) ;
#2832 = DIRECTION ( 'NONE',  ( -1.837120347822659688E-16, -1.120567347522609887E-33, 1.000000000000000000 ) ) ;
#2833 = EDGE_LOOP ( 'NONE', ( #3397, #1914, #927, #2675, #2885, #2777 ) ) ;
#2834 = LINE ( 'NONE', #2817, #3623 ) ;
#2835 = EDGE_CURVE ( 'NONE', #1620, #1461, #4029, .T. ) ;
#2836 = CARTESIAN_POINT ( 'NONE',  ( 6.984723126950989069, 5.051000737438815058, -0.02484739716299155451 ) ) ;
#2837 = CARTESIAN_POINT ( 'NONE',  ( 11.70000000000000107, -18.50000000000000000, 0.000000000000000000 ) ) ;
#2838 = FACE_BOUND ( 'NONE', #2423, .T. ) ;
#2839 = EDGE_LOOP ( 'NONE', ( #723, #222, #2449, #772, #1682, #1151, #2816 ) ) ;
#2840 = ORIENTED_EDGE ( 'NONE', *, *, #975, .F. ) ;
#2841 = EDGE_CURVE ( 'NONE', #1829, #3302, #1776, .T. ) ;
#2842 = CIRCLE ( 'NONE', #3603, 0.5000000000000000000 ) ;
#2843 = LINE ( 'NONE', #2905, #3136 ) ;
#2844 = DIRECTION ( 'NONE',  ( 0.000000000000000000, 0.000000000000000000, 1.000000000000000000 ) ) ;
#2845 = ORIENTED_EDGE ( 'NONE', *, *, #2754, .F. ) ;
#2846 = DIRECTION ( 'NONE',  ( 0.5734623443633282136, 0.000000000000000000, 0.8192319205190404796 ) ) ;
#2847 = ORIENTED_EDGE ( 'NONE', *, *, #2685, .F. ) ;
#2848 = VECTOR ( 'NONE', #2208, 1000.000000000000000 ) ;
#2849 = CARTESIAN_POINT ( 'NONE',  ( -5.859999999999999432, -13.89999999999999858, 6.000000000000000000 ) ) ;
#2850 = VECTOR ( 'NONE', #1684, 1000.000000000000000 ) ;
#2851 = LINE ( 'NONE', #1283, #2995 ) ;
#2852 = CARTESIAN_POINT ( 'NONE',  ( 0.000000000000000000, 0.000000000000000000, 0.000000000000000000 ) ) ;
#2853 = VECTOR ( 'NONE', #1080, 1000.000000000000000 ) ;
#2854 = PLANE ( 'NONE',  #1604 ) ;
#2855 = EDGE_CURVE ( 'NONE', #3316, #4076, #3381, .T. ) ;
#2856 = CARTESIAN_POINT ( 'NONE',  ( -10.50000000000000000, 4.330127018922190985, 8.142135623730919036 ) ) ;
#2857 = ORIENTED_EDGE ( 'NONE', *, *, #4098, .F. ) ;
#2858 = CARTESIAN_POINT ( 'NONE',  ( -20.50000000000000000, -18.50000000000000000, 8.142135623730919036 ) ) ;
#2859 = AXIS2_PLACEMENT_3D ( 'NONE', #1059, #2993, #3668 ) ;
#2860 = LINE ( 'NONE', #5, #577 ) ;
#2861 = DIRECTION ( 'NONE',  ( 0.000000000000000000, -1.000000000000000000, 0.000000000000000000 ) ) ;
#2862 = ADVANCED_FACE ( 'NONE', ( #112 ), #1420, .F. ) ;
#2863 = CYLINDRICAL_SURFACE ( 'NONE', #201, 3.249999999999999556 ) ;
#2864 = ORIENTED_EDGE ( 'NONE', *, *, #1432, .F. ) ;
#2865 = VERTEX_POINT ( 'NONE', #1913 ) ;
#2866 = LINE ( 'NONE', #4183, #1821 ) ;
#2867 = ADVANCED_FACE ( 'NONE', ( #3509 ), #2518, .T. ) ;
#2868 = FACE_OUTER_BOUND ( 'NONE', #1702, .T. ) ;
#2869 = EDGE_LOOP ( 'NONE', ( #4221, #3654, #3364, #4100 ) ) ;
#2870 = DIRECTION ( 'NONE',  ( 0.000000000000000000, 0.000000000000000000, 1.000000000000000000 ) ) ;
#2871 = ORIENTED_EDGE ( 'NONE', *, *, #1494, .F. ) ;
#2872 = DIRECTION ( 'NONE',  ( 0.000000000000000000, 0.000000000000000000, -1.000000000000000000 ) ) ;
#2873 = CARTESIAN_POINT ( 'NONE',  ( 0.000000000000000000, 1.149999999999999911, 27.00000000000000000 ) ) ;
#2874 =( NAMED_UNIT ( * ) SI_UNIT ( $, .STERADIAN. ) SOLID_ANGLE_UNIT ( ) );
#2875 = DIRECTION ( 'NONE',  ( 0.000000000000000000, -1.000000000000000000, 0.000000000000000000 ) ) ;
#2876 = AXIS2_PLACEMENT_3D ( 'NONE', #2716, #473, #495 ) ;
#2877 = DIRECTION ( 'NONE',  ( -7.885106708985490266E-17, -1.000000000000000000, 0.000000000000000000 ) ) ;
#2878 = ORIENTED_EDGE ( 'NONE', *, *, #3257, .T. ) ;
#2879 = AXIS2_PLACEMENT_3D ( 'NONE', #967, #2277, #3266 ) ;
#2880 = DIRECTION ( 'NONE',  ( -4.081702296416015011E-16, 1.000000000000000000, 0.000000000000000000 ) ) ;
#2881 = CARTESIAN_POINT ( 'NONE',  ( 7.088152134812068184, 4.691654938370623640, 0.4479955640268503680 ) ) ;
#2882 = CARTESIAN_POINT ( 'NONE',  ( -11.95000000000000107, 0.7499999999999995559, 8.218695387886221226 ) ) ;
#2883 = ORIENTED_EDGE ( 'NONE', *, *, #3656, .F. ) ;
#2884 = AXIS2_PLACEMENT_3D ( 'NONE', #3746, #1188, #2171 ) ;
#2885 = ORIENTED_EDGE ( 'NONE', *, *, #3342, .F. ) ;
#2886 = EDGE_CURVE ( 'NONE', #3555, #1867, #1117, .T. ) ;
#2887 = VECTOR ( 'NONE', #1355, 1000.000000000000000 ) ;
#2888 = CARTESIAN_POINT ( 'NONE',  ( 10.28771024652967014, 3.225750696657937233, 31.13231064908478629 ) ) ;
#2889 = LINE ( 'NONE', #4184, #2520 ) ;
#2890 = ORIENTED_EDGE ( 'NONE', *, *, #1373, .T. ) ;
#2891 = FACE_OUTER_BOUND ( 'NONE', #1849, .T. ) ;
#2892 = EDGE_LOOP ( 'NONE', ( #3631, #3490, #2028, #200 ) ) ;
#2893 = EDGE_CURVE ( 'NONE', #2597, #56, #2540, .T. ) ;
#2894 = CARTESIAN_POINT ( 'NONE',  ( 10.57523382101676468, 4.376242912996730183, 6.715433659124173893 ) ) ;
#2895 = CARTESIAN_POINT ( 'NONE',  ( 7.104487272054069713, -4.666504109204420381, 0.2999999999999999889 ) ) ;
#2896 = EDGE_CURVE ( 'NONE', #568, #1527, #68, .T. ) ;
#2897 = DIRECTION ( 'NONE',  ( 0.000000000000000000, 1.000000000000000000, 0.000000000000000000 ) ) ;
#2898 = CARTESIAN_POINT ( 'NONE',  ( -11.50000000000000000, -7.750000000000000000, 28.00000000000000000 ) ) ;
#2899 = VERTEX_POINT ( 'NONE', #583 ) ;
#2900 = DIRECTION ( 'NONE',  ( 1.000000000000000000, 0.000000000000000000, 0.000000000000000000 ) ) ;
#2901 = DIRECTION ( 'NONE',  ( 1.000000000000000000, 0.000000000000000000, 0.000000000000000000 ) ) ;
#2902 = DIRECTION ( 'NONE',  ( 0.000000000000000000, 0.000000000000000000, -1.000000000000000000 ) ) ;
#2903 = EDGE_LOOP ( 'NONE', ( #372, #50 ) ) ;
#2904 = ORIENTED_EDGE ( 'NONE', *, *, #3967, .F. ) ;
#2905 = CARTESIAN_POINT ( 'NONE',  ( 11.50000000000000000, -7.750000000000000000, 29.75000000000000000 ) ) ;
#2906 = CARTESIAN_POINT ( 'NONE',  ( 5.859999999999999432, -13.39999999999999858, 6.000000000000000000 ) ) ;
#2907 = ORIENTED_EDGE ( 'NONE', *, *, #1971, .F. ) ;
#2908 = ADVANCED_FACE ( 'NONE', ( #1892 ), #1567, .T. ) ;
#2909 = CARTESIAN_POINT ( 'NONE',  ( -10.50000000000000000, -4.330127018922190985, 8.142135623730919036 ) ) ;
#2910 = ORIENTED_EDGE ( 'NONE', *, *, #781, .T. ) ;
#2911 = PLANE ( 'NONE',  #3335 ) ;
#2912 = CARTESIAN_POINT ( 'NONE',  ( -7.016599345041585778, -4.951683693088169136, 0.01685649629343135072 ) ) ;
#2913 = VECTOR ( 'NONE', #1500, 1000.000000000000000 ) ;
#2914 = EDGE_CURVE ( 'NONE', #4064, #268, #3291, .T. ) ;
#2915 = AXIS2_PLACEMENT_3D ( 'NONE', #3543, #100, #3634 ) ;
#2916 = DIRECTION ( 'NONE',  ( 1.000000000000000000, 0.000000000000000000, 0.000000000000000000 ) ) ;
#2917 = CARTESIAN_POINT ( 'NONE',  ( 6.713389139201700218, 5.829639158892260475, -0.1880839427861707158 ) ) ;
#2918 = ADVANCED_FACE ( 'NONE', ( #1270 ), #2863, .F. ) ;
#2919 = CARTESIAN_POINT ( 'NONE',  ( 17.00000000000000000, -4.250000000000000000, 28.00000000000000000 ) ) ;
#2920 = CIRCLE ( 'NONE', #1474, 1.749999999999999778 ) ;
#2921 = FACE_OUTER_BOUND ( 'NONE', #2326, .T. ) ;
#2922 = VECTOR ( 'NONE', #763, 1000.000000000000000 ) ;
#2923 = CARTESIAN_POINT ( 'NONE',  ( 0.000000000000000000, 1.149999999999999911, 27.00000000000000000 ) ) ;
#2924 = CYLINDRICAL_SURFACE ( 'NONE', #3906, 5.000000000000000000 ) ;
#2925 = ORIENTED_EDGE ( 'NONE', *, *, #2667, .F. ) ;
#2926 = ORIENTED_EDGE ( 'NONE', *, *, #1975, .T. ) ;
#2927 = MECHANICAL_DESIGN_GEOMETRIC_PRESENTATION_REPRESENTATION (  '', ( #2035 ), #2589 ) ;
#2928 = CARTESIAN_POINT ( 'NONE',  ( -6.761590683781013134, 5.699514179296050642, -0.1748171610117700281 ) ) ;
#2929 = CIRCLE ( 'NONE', #3073, 1.659999999999999920 ) ;
#2930 = LINE ( 'NONE', #3343, #1972 ) ;
#2931 = VERTEX_POINT ( 'NONE', #3551 ) ;
#2932 = CARTESIAN_POINT ( 'NONE',  ( -10.50003773920376915, -4.330148807661648114, 7.429478867031472866 ) ) ;
#2933 = ORIENTED_EDGE ( 'NONE', *, *, #371, .F. ) ;
#2934 = EDGE_CURVE ( 'NONE', #1095, #2396, #3209, .T. ) ;
#2935 = CARTESIAN_POINT ( 'NONE',  ( 0.000000000000000000, -13.75000000000000000, 14.50000000000000000 ) ) ;
#2936 = CARTESIAN_POINT ( 'NONE',  ( -7.071374334410531759, -4.775949604688942252, 0.1210286273285492709 ) ) ;
#2937 = EDGE_LOOP ( 'NONE', ( #1966, #806, #1594, #2282, #207, #409 ) ) ;
#2938 = CONTEXT_DEPENDENT_SHAPE_REPRESENTATION ( #3235, #150 ) ;
#2939 = B_SPLINE_CURVE_WITH_KNOTS ( 'NONE', 3,
 ( #1879, #2894, #250, #4210 ),
 .UNSPECIFIED., .F., .F.,
 ( 4, 4 ),
 ( 0.000000000000000000, 1.000000000000000000 ),
 .UNSPECIFIED. ) ;
#2940 = EDGE_CURVE ( 'NONE', #711, #33, #1026, .T. ) ;
#2941 = DIRECTION ( 'NONE',  ( 1.849521353063509899E-16, 0.000000000000000000, -1.000000000000000000 ) ) ;
#2942 = CARTESIAN_POINT ( 'NONE',  ( 7.040029782122567248, 4.877336122142062358, 0.05366879296798094529 ) ) ;
#2943 = CARTESIAN_POINT ( 'NONE',  ( 7.003272971264369318, -4.993723297349724533, -0.002761650689773469287 ) ) ;
#2944 = EDGE_CURVE ( 'NONE', #4110, #3372, #3427, .T. ) ;
#2945 = FACE_OUTER_BOUND ( 'NONE', #482, .T. ) ;
#2946 = CIRCLE ( 'NONE', #3155, 1.749999999999999778 ) ;
#2947 = CARTESIAN_POINT ( 'NONE',  ( -7.400000000000000355, -13.39999999999999147, -0.2000000000000025091 ) ) ;
#2948 = DIRECTION ( 'NONE',  ( -0.000000000000000000, -0.000000000000000000, -1.000000000000000000 ) ) ;
#2949 = VERTEX_POINT ( 'NONE', #2882 ) ;
#2950 = ORIENTED_EDGE ( 'NONE', *, *, #285, .T. ) ;
#2951 = VECTOR ( 'NONE', #1454, 1000.000000000000000 ) ;
#2952 = CARTESIAN_POINT ( 'NONE',  ( 12.00000000000000000, 0.7500000000000000000, 0.000000000000000000 ) ) ;
#2953 = CIRCLE ( 'NONE', #618, 5.000000000000000000 ) ;
#2954 = CARTESIAN_POINT ( 'NONE',  ( 1.084202172485503941E-16, 4.250000000000000000, 0.000000000000000000 ) ) ;
#2955 = EDGE_LOOP ( 'NONE', ( #4143, #545, #396, #1014 ) ) ;
#2956 = DIRECTION ( 'NONE',  ( 1.000000000000000000, 0.000000000000000000, 0.000000000000000000 ) ) ;
#2957 = ORIENTED_EDGE ( 'NONE', *, *, #232, .T. ) ;
#2958 = CIRCLE ( 'NONE', #1720, 1.749999999999999778 ) ;
#2959 = PLANE ( 'NONE',  #2719 ) ;
#2960 = CARTESIAN_POINT ( 'NONE',  ( -11.50000000000000000, -4.250000000000000000, 26.25000000000000000 ) ) ;
#2961 = ORIENTED_EDGE ( 'NONE', *, *, #2784, .T. ) ;
#2962 = CARTESIAN_POINT ( 'NONE',  ( 6.604487272054069713, 18.50000000000000000, 0.2999999999999999889 ) ) ;
#2963 = CARTESIAN_POINT ( 'NONE',  ( 17.00000000000000000, 0.7500000000000000000, 5.000000000000000000 ) ) ;
#2964 = PLANE ( 'NONE',  #3983 ) ;
#2965 = EDGE_CURVE ( 'NONE', #450, #3959, #2215, .T. ) ;
#2966 = DIRECTION ( 'NONE',  ( 0.000000000000000000, -1.000000000000000000, 0.000000000000000000 ) ) ;
#2967 = DIRECTION ( 'NONE',  ( -1.000000000000000000, 0.000000000000000000, 0.000000000000000000 ) ) ;
#2968 = VERTEX_POINT ( 'NONE', #1250 ) ;
#2969 = EDGE_CURVE ( 'NONE', #3134, #1608, #537, .T. ) ;
#2970 = ORIENTED_EDGE ( 'NONE', *, *, #3839, .F. ) ;
#2971 = CARTESIAN_POINT ( 'NONE',  ( -6.875632855191229353, 5.377816063054556395, -0.1205771709883031728 ) ) ;
#2972 = CARTESIAN_POINT ( 'NONE',  ( 10.50000000000000000, 18.50000000000000000, 8.142135623730929694 ) ) ;
#2973 = ORIENTED_EDGE ( 'NONE', *, *, #3019, .F. ) ;
#2974 = FACE_OUTER_BOUND ( 'NONE', #1040, .T. ) ;
#2975 = EDGE_CURVE ( 'NONE', #2018, #1460, #4136, .T. ) ;
#2976 = ORIENTED_EDGE ( 'NONE', *, *, #3176, .F. ) ;
#2977 = LINE ( 'NONE', #398, #2850 ) ;
#2978 = CARTESIAN_POINT ( 'NONE',  ( 0.000000000000000000, 18.50000000000000000, 0.000000000000000000 ) ) ;
#2979 = ORIENTED_EDGE ( 'NONE', *, *, #291, .T. ) ;
#2980 = CARTESIAN_POINT ( 'NONE',  ( 0.000000000000000000, -13.75000000000000000, 14.50000000000000000 ) ) ;
#2981 = VECTOR ( 'NONE', #3207, 1000.000000000000000 ) ;
#2982 = CARTESIAN_POINT ( 'NONE',  ( -7.400000000000000355, -13.89999999999999858, -0.2000000000000025091 ) ) ;
#2983 = CARTESIAN_POINT ( 'NONE',  ( -13.50000000000000000, 5.500000000000000000, 0.000000000000000000 ) ) ;
#2984 = AXIS2_PLACEMENT_3D ( 'NONE', #1245, #1927, #3863 ) ;
#2985 = DIRECTION ( 'NONE',  ( 0.000000000000000000, 0.000000000000000000, 1.000000000000000000 ) ) ;
#2986 = LINE ( 'NONE', #3979, #2887 ) ;
#2987 = DIRECTION ( 'NONE',  ( 1.000000000000000000, 0.000000000000000000, 0.000000000000000000 ) ) ;
#2988 = ORIENTED_EDGE ( 'NONE', *, *, #1462, .T. ) ;
#2989 = VERTEX_POINT ( 'NONE', #2820 ) ;
#2990 = CIRCLE ( 'NONE', #933, 0.2999999999999999334 ) ;
#2991 = ADVANCED_FACE ( 'NONE', ( #2560, #1189 ), #2496, .T. ) ;
#2992 = DIRECTION ( 'NONE',  ( 4.081702296416015011E-16, -1.000000000000000000, 0.000000000000000000 ) ) ;
#2993 = DIRECTION ( 'NONE',  ( -1.162880573482506019E-46, -1.000000000000000000, -5.446634458108700403E-32 ) ) ;
#2994 = VERTEX_POINT ( 'NONE', #862 ) ;
#2995 = VECTOR ( 'NONE', #2553, 1000.000000000000000 ) ;
#2996 = DIRECTION ( 'NONE',  ( 0.000000000000000000, 0.000000000000000000, -1.000000000000000000 ) ) ;
#2997 = ORIENTED_EDGE ( 'NONE', *, *, #2284, .T. ) ;
#2998 = CIRCLE ( 'NONE', #4239, 1.374772708486752926 ) ;
#2999 = ADVANCED_FACE ( 'NONE', ( #1526, #2838, #363, #626, #3663 ), #3249, .F. ) ;
#3000 = CARTESIAN_POINT ( 'NONE',  ( -11.50000000000000000, -7.750000000000000000, 3.250000000000000000 ) ) ;
#3001 = DIRECTION ( 'NONE',  ( 0.000000000000000000, 0.000000000000000000, -1.000000000000000000 ) ) ;
#3002 = APPLICATION_PROTOCOL_DEFINITION ( 'draft international standard', 'automotive_design', 1998, #2574 ) ;
#3003 = EDGE_LOOP ( 'NONE', ( #247, #2354, #2737, #2217 ) ) ;
#3004 = AXIS2_PLACEMENT_3D ( 'NONE', #217, #1543, #2471 ) ;
#3005 = LINE ( 'NONE', #2688, #3608 ) ;
#3006 = CYLINDRICAL_SURFACE ( 'NONE', #452, 1.750000000000001554 ) ;
#3007 = DIRECTION ( 'NONE',  ( -0.000000000000000000, -0.000000000000000000, -1.000000000000000000 ) ) ;
#3008 = DIRECTION ( 'NONE',  ( 0.000000000000000000, -1.000000000000000000, 0.000000000000000000 ) ) ;
#3009 = DIRECTION ( 'NONE',  ( 4.081702296416015011E-16, -1.000000000000000000, 0.000000000000000000 ) ) ;
#3010 = VERTEX_POINT ( 'NONE', #1314 ) ;
#3011 = VERTEX_POINT ( 'NONE', #3315 ) ;
#3012 =( REPRESENTATION_RELATIONSHIP ('NONE','NONE', #1858, #983 ) REPRESENTATION_RELATIONSHIP_WITH_TRANSFORMATION ( #1023 )SHAPE_REPRESENTATION_RELATIONSHIP( ) );
#3013 = CIRCLE ( 'NONE', #1300, 1.500000000000000000 ) ;
#3014 = CARTESIAN_POINT ( 'NONE',  ( -7.067180764227858347, 4.788697529385077978, 0.1102015843901821279 ) ) ;
#3015 = DIRECTION ( 'NONE',  ( -1.000000000000000000, 0.000000000000000000, 0.000000000000000000 ) ) ;
#3016 = ORIENTED_EDGE ( 'NONE', *, *, #3705, .F. ) ;
#3017 = STYLED_ITEM ( 'NONE', ( #1794 ), #3552 ) ;
#3018 = VERTEX_POINT ( 'NONE', #1035 ) ;
#3019 = EDGE_CURVE ( 'NONE', #3401, #2743, #1986, .T. ) ;
#3020 = COLOUR_RGB ( '',0.7921568627450980005, 0.8196078431372548767, 0.9333333333333333481 ) ;
#3021 = CARTESIAN_POINT ( 'NONE',  ( -8.250000000000000000, 12.75000000000000000, 28.00000000000000000 ) ) ;
#3022 = DIRECTION ( 'NONE',  ( 1.000000000000000000, 0.000000000000000000, 0.000000000000000000 ) ) ;
#3023 = ORIENTED_EDGE ( 'NONE', *, *, #2628, .T. ) ;
#3024 = AXIS2_PLACEMENT_3D ( 'NONE', #1965, #2659, #1019 ) ;
#3025 = EDGE_CURVE ( 'NONE', #3302, #1829, #1707, .T. ) ;
#3026 = LINE ( 'NONE', #401, #3127 ) ;
#3027 = CIRCLE ( 'NONE', #3095, 0.2999999999999999334 ) ;
#3028 = DIRECTION ( 'NONE',  ( 1.000000000000000000, 0.000000000000000000, 1.849736814544524620E-16 ) ) ;
#3029 = CARTESIAN_POINT ( 'NONE',  ( -5.859999999999999432, -13.39999999999999858, 6.000000000000000000 ) ) ;
#3030 = ADVANCED_FACE ( 'NONE', ( #1956 ), #1293, .T. ) ;
#3031 = DIRECTION ( 'NONE',  ( 0.000000000000000000, 1.000000000000000000, 0.000000000000000000 ) ) ;
#3032 = LINE ( 'NONE', #87, #339 ) ;
#3033 = ORIENTED_EDGE ( 'NONE', *, *, #3373, .F. ) ;
#3034 = ORIENTED_EDGE ( 'NONE', *, *, #4231, .F. ) ;
#3035 = CARTESIAN_POINT ( 'NONE',  ( -2.160000000000000142, -13.75000000000000000, 15.00000000000000000 ) ) ;
#3036 = CARTESIAN_POINT ( 'NONE',  ( -10.50000000000000000, -18.50000000000000000, 4.000000000000000000 ) ) ;
#3037 = ORIENTED_EDGE ( 'NONE', *, *, #1024, .T. ) ;
#3038 = ORIENTED_EDGE ( 'NONE', *, *, #347, .F. ) ;
#3039 = DIRECTION ( 'NONE',  ( -1.000000000000000000, 0.000000000000000000, 0.000000000000000000 ) ) ;
#3040 = EDGE_CURVE ( 'NONE', #1323, #2109, #3772, .T. ) ;
#3041 = CARTESIAN_POINT ( 'NONE',  ( 33.50000000000000000, -5.500000000000000000, 6.000000000000000000 ) ) ;
#3042 = VERTEX_POINT ( 'NONE', #4002 ) ;
#3043 =( BOUNDED_CURVE ( )  B_SPLINE_CURVE ( 3, ( #3934, #691, #3641, #643 ),
 .UNSPECIFIED., .F., .T. ) 
 B_SPLINE_CURVE_WITH_KNOTS ( ( 4, 4 ),
 ( 0.5916825543316029945, 0.8101196532444570053 ),
 .UNSPECIFIED. ) 
 CURVE ( )  GEOMETRIC_REPRESENTATION_ITEM ( )  RATIONAL_B_SPLINE_CURVE ( ( 1.000000000000000000, 0.9960277205158439839, 0.9960277205158439839, 1.000000000000000000 ) ) 
 REPRESENTATION_ITEM ( '' )  );
#3044 = ORIENTED_EDGE ( 'NONE', *, *, #1373, .F. ) ;
#3045 = DIRECTION ( 'NONE',  ( 0.6371620289784514224, 0.7071067811865474617, -0.3066342264458798428 ) ) ;
#3046 = ADVANCED_FACE ( 'NONE', ( #1356 ), #387, .F. ) ;
#3047 = DIRECTION ( 'NONE',  ( 0.000000000000000000, 1.000000000000000000, 0.000000000000000000 ) ) ;
#3048 = B_SPLINE_CURVE_WITH_KNOTS ( 'NONE', 3,
 ( #2165, #3482, #193, #1498, #2815, #1203, #4130, #2556, #1183, #3865, #3311, #1694, #2943, #3332, #3975, #3930, #986, #2602, #340, #1031, #2296, #359, #3888, #2014, #3289, #664, #23, #943, #1976, #3591, #3612, #620, #640, #2578 ),
 .UNSPECIFIED., .F., .F.,
 ( 4, 2, 2, 1, 1, 1, 2, 2, 2, 2, 1, 1, 2, 2, 2, 2, 1, 2, 2, 4 ),
 ( 0.000000000000000000, 0.1250000000000518474, 0.1875000000000779377, 0.2187500000000904832, 0.2343750000000962563, 0.2421875000000988376, 0.2460937500001002809, 0.2500000000001016964, 0.3750000000001090239, 0.4375000000001131317, 0.4687500000001149636, 0.4843750000001152967, 0.4921875000001152967, 0.5000000000001152411, 0.6250000000000910383, 0.6875000000000779377, 0.7187500000000707212, 0.7343750000000663913, 0.7500000000000619504, 1.000000000000000000 ),
 .UNSPECIFIED. ) ;
#3049 = VECTOR ( 'NONE', #3740, 1000.000000000000000 ) ;
#3050 = CARTESIAN_POINT ( 'NONE',  ( 7.500000000000000000, -25.50000000000000000, 6.000000000000000000 ) ) ;
#3051 = EDGE_CURVE ( 'NONE', #3246, #2179, #3043, .T. ) ;
#3052 = LINE ( 'NONE', #2447, #1573 ) ;
#3053 = ORIENTED_EDGE ( 'NONE', *, *, #2685, .T. ) ;
#3054 = AXIS2_PLACEMENT_3D ( 'NONE', #3113, #165, #145 ) ;
#3055 = DIRECTION ( 'NONE',  ( 0.000000000000000000, 0.000000000000000000, -1.000000000000000000 ) ) ;
#3056 = VECTOR ( 'NONE', #784, 1000.000000000000000 ) ;
#3057 = CARTESIAN_POINT ( 'NONE',  ( -9.599999999999999645, 4.250000000000000000, 25.36324062531295809 ) ) ;
#3058 = CARTESIAN_POINT ( 'NONE',  ( 6.604487272054069713, -13.89999999999999858, -0.2000000000000000111 ) ) ;
#3059 = ORIENTED_EDGE ( 'NONE', *, *, #59, .F. ) ;
#3060 = VERTEX_POINT ( 'NONE', #3957 ) ;
#3061 = AXIS2_PLACEMENT_3D ( 'NONE', #1124, #2432, #3039 ) ;
#3062 = CARTESIAN_POINT ( 'NONE',  ( 6.478435652084950647, 3.950000000000000178, 30.00000000000000000 ) ) ;
#3063 = AXIS2_PLACEMENT_3D ( 'NONE', #381, #3998, #3697 ) ;
#3064 = CARTESIAN_POINT ( 'NONE',  ( 0.000000000000000000, 0.000000000000000000, 0.000000000000000000 ) ) ;
#3065 = VERTEX_POINT ( 'NONE', #324 ) ;
#3066 = ORIENTED_EDGE ( 'NONE', *, *, #3025, .F. ) ;
#3067 = VECTOR ( 'NONE', #1530, 1000.000000000000000 ) ;
#3068 = EDGE_CURVE ( 'NONE', #2083, #510, #2946, .T. ) ;
#3069 = PRODUCT_DEFINITION_SHAPE ( 'NONE', 'NONE',  #4256 ) ;
#3070 = CARTESIAN_POINT ( 'NONE',  ( -20.50000000000000000, 5.500000000000000000, 8.142135623730919036 ) ) ;
#3071 =( LENGTH_UNIT ( ) NAMED_UNIT ( * ) SI_UNIT ( .MILLI., .METRE. ) );
#3072 = LINE ( 'NONE', #1034, #622 ) ;
#3073 = AXIS2_PLACEMENT_3D ( 'NONE', #1319, #2351, #1656 ) ;
#3074 = EDGE_CURVE ( 'NONE', #3018, #3467, #1696, .T. ) ;
#3075 = CARTESIAN_POINT ( 'NONE',  ( -11.50000000000000000, -2.250000000000000000, 6.750000000000000000 ) ) ;
#3076 = CARTESIAN_POINT ( 'NONE',  ( -11.70000000000000107, -25.50000000000000000, 0.000000000000000000 ) ) ;
#3077 = VERTEX_POINT ( 'NONE', #69 ) ;
#3078 = VERTEX_POINT ( 'NONE', #2000 ) ;
#3079 = EDGE_CURVE ( 'NONE', #2347, #3994, #404, .T. ) ;
#3080 = DIRECTION ( 'NONE',  ( 1.000000000000000000, 0.000000000000000000, 0.000000000000000000 ) ) ;
#3081 = CARTESIAN_POINT ( 'NONE',  ( 11.95000000000000107, 0.7500000000000000000, 1.781304612113787655 ) ) ;
#3082 = VERTEX_POINT ( 'NONE', #2300 ) ;
#3083 = VERTEX_POINT ( 'NONE', #3617 ) ;
#3084 = EDGE_CURVE ( 'NONE', #3447, #3687, #669, .T. ) ;
#3085 = FACE_OUTER_BOUND ( 'NONE', #1341, .T. ) ;
#3086 = VECTOR ( 'NONE', #2409, 1000.000000000000000 ) ;
#3087 = FACE_OUTER_BOUND ( 'NONE', #2557, .T. ) ;
#3088 = VERTEX_POINT ( 'NONE', #300 ) ;
#3089 = ORIENTED_EDGE ( 'NONE', *, *, #63, .T. ) ;
#3090 = VECTOR ( 'NONE', #2101, 1000.000000000000000 ) ;
#3091 = CARTESIAN_POINT ( 'NONE',  ( 0.000000000000000000, 0.000000000000000000, 0.000000000000000000 ) ) ;
#3092 = PRESENTATION_STYLE_ASSIGNMENT (( #1818 ) ) ;
#3093 = CYLINDRICAL_SURFACE ( 'NONE', #1177, 1.750000000000001554 ) ;
#3094 = VECTOR ( 'NONE', #1827, 1000.000000000000000 ) ;
#3095 = AXIS2_PLACEMENT_3D ( 'NONE', #3336, #1011, #690 ) ;
#3096 = DIRECTION ( 'NONE',  ( -4.081702296416015011E-16, 1.000000000000000000, 0.000000000000000000 ) ) ;
#3097 = ADVANCED_FACE ( 'NONE', ( #1606 ), #2924, .T. ) ;
#3098 = CARTESIAN_POINT ( 'NONE',  ( 7.021564347915039583, 1.449999999999999956, 0.000000000000000000 ) ) ;
#3099 = ORIENTED_EDGE ( 'NONE', *, *, #3573, .T. ) ;
#3100 = ORIENTED_EDGE ( 'NONE', *, *, #2544, .T. ) ;
#3101 = CARTESIAN_POINT ( 'NONE',  ( -11.95000000000000107, 0.7500000000000000000, 33.00000000000000000 ) ) ;
#3102 = DIRECTION ( 'NONE',  ( 0.000000000000000000, -1.000000000000000000, 0.000000000000000000 ) ) ;
#3103 = ADVANCED_FACE ( 'NONE', ( #971 ), #7, .F. ) ;
#3104 = LINE ( 'NONE', #1167, #3704 ) ;
#3105 = ORIENTED_EDGE ( 'NONE', *, *, #1159, .F. ) ;
#3106 = ORIENTED_EDGE ( 'NONE', *, *, #874, .F. ) ;
#3107 = DIRECTION ( 'NONE',  ( 0.000000000000000000, 0.000000000000000000, -1.000000000000000000 ) ) ;
#3108 = EDGE_CURVE ( 'NONE', #2259, #1323, #2121, .T. ) ;
#3109 = CARTESIAN_POINT ( 'NONE',  ( 7.321564347915040294, 1.449999999999999956, 30.00000000000000000 ) ) ;
#3110 = ORIENTED_EDGE ( 'NONE', *, *, #3120, .F. ) ;
#3111 = CARTESIAN_POINT ( 'NONE',  ( 11.95000000000000107, 0.7500000000000000000, 8.218695387886221226 ) ) ;
#3112 = ORIENTED_EDGE ( 'NONE', *, *, #2125, .T. ) ;
#3113 = CARTESIAN_POINT ( 'NONE',  ( -6.604487272054069713, -13.39999999999999147, 0.2999999999999999889 ) ) ;
#3114 = DIRECTION ( 'NONE',  ( -1.000000000000000000, -1.000802005371235004E-16, 0.000000000000000000 ) ) ;
#3115 = DIRECTION ( 'NONE',  ( 0.000000000000000000, -1.000000000000000000, 0.000000000000000000 ) ) ;
#3116 = DIRECTION ( 'NONE',  ( -1.000000000000000000, 1.334402673828313339E-16, 0.000000000000000000 ) ) ;
#3117 = CARTESIAN_POINT ( 'NONE',  ( 13.00000000000000000, 0.000000000000000000, 10.00000000000000000 ) ) ;
#3118 = EDGE_LOOP ( 'NONE', ( #469, #378, #4250, #1558 ) ) ;
#3119 = FACE_OUTER_BOUND ( 'NONE', #2892, .T. ) ;
#3120 = EDGE_CURVE ( 'NONE', #1843, #3505, #2187, .T. ) ;
#3121 = CARTESIAN_POINT ( 'NONE',  ( -11.11051126243938647, 2.000302375090276641, 24.66393720501957887 ) ) ;
#3122 = VECTOR ( 'NONE', #512, 1000.000000000000000 ) ;
#3123 = FACE_OUTER_BOUND ( 'NONE', #2703, .T. ) ;
#3124 = LINE ( 'NONE', #176, #2465 ) ;
#3125 = ORIENTED_EDGE ( 'NONE', *, *, #3636, .F. ) ;
#3126 = ORIENTED_EDGE ( 'NONE', *, *, #2229, .F. ) ;
#3127 = VECTOR ( 'NONE', #82, 1000.000000000000000 ) ;
#3128 = EDGE_CURVE ( 'NONE', #2089, #2052, #449, .T. ) ;
#3129 = DIRECTION ( 'NONE',  ( 0.000000000000000000, 0.000000000000000000, -1.000000000000000000 ) ) ;
#3130 = DIRECTION ( 'NONE',  ( 8.673617379884039170E-17, 1.000000000000000000, 0.000000000000000000 ) ) ;
#3131 = ORIENTED_EDGE ( 'NONE', *, *, #2234, .T. ) ;
#3132 = VECTOR ( 'NONE', #3692, 1000.000000000000000 ) ;
#3133 = CARTESIAN_POINT ( 'NONE',  ( -7.321564347915050064, 1.449999999999999956, 30.00000000000000000 ) ) ;
#3134 = VERTEX_POINT ( 'NONE', #127 ) ;
#3135 = EDGE_CURVE ( 'NONE', #3871, #2505, #2040, .T. ) ;
#3136 = VECTOR ( 'NONE', #2590, 1000.000000000000000 ) ;
#3137 = DIRECTION ( 'NONE',  ( 1.000000000000000000, 0.000000000000000000, 0.000000000000000000 ) ) ;
#3138 = AXIS2_PLACEMENT_3D ( 'NONE', #2571, #313, #4232 ) ;
#3139 = FACE_BOUND ( 'NONE', #1568, .T. ) ;
#3140 = VECTOR ( 'NONE', #3514, 999.9999999999998863 ) ;
#3141 = DIRECTION ( 'NONE',  ( 0.5734623443633282136, 0.000000000000000000, 0.8192319205190404796 ) ) ;
#3142 = ORIENTED_EDGE ( 'NONE', *, *, #2570, .T. ) ;
#3143 = DIRECTION ( 'NONE',  ( 0.000000000000000000, 1.000000000000000000, 0.000000000000000000 ) ) ;
#3144 = CARTESIAN_POINT ( 'NONE',  ( 11.95000000000000107, 0.7500000000000000000, 8.218695387886221226 ) ) ;
#3145 = FACE_BOUND ( 'NONE', #2562, .T. ) ;
#3146 = DIRECTION ( 'NONE',  ( -1.000000000000000000, 0.000000000000000000, -1.774442330017996058E-16 ) ) ;
#3147 = VERTEX_POINT ( 'NONE', #794 ) ;
#3148 = EDGE_LOOP ( 'NONE', ( #2630, #2718, #3441, #4024 ) ) ;
#3149 = CARTESIAN_POINT ( 'NONE',  ( 0.000000000000000000, 20.29999999999999716, 6.000000000000000000 ) ) ;
#3150 = CARTESIAN_POINT ( 'NONE',  ( -8.250000000000000000, 4.250000000000000000, 28.00000000000000000 ) ) ;
#3151 = ORIENTED_EDGE ( 'NONE', *, *, #1514, .F. ) ;
#3152 = EDGE_CURVE ( 'NONE', #1748, #4004, #3052, .T. ) ;
#3153 = LINE ( 'NONE', #3453, #3225 ) ;
#3154 = ORIENTED_EDGE ( 'NONE', *, *, #465, .T. ) ;
#3155 = AXIS2_PLACEMENT_3D ( 'NONE', #2017, #1933, #1012 ) ;
#3156 = DIRECTION ( 'NONE',  ( 0.000000000000000000, 1.000000000000000000, 0.000000000000000000 ) ) ;
#3157 = EDGE_CURVE ( 'NONE', #2989, #712, #1234, .T. ) ;
#3158 = AXIS2_PLACEMENT_3D ( 'NONE', #2512, #920, #2140 ) ;
#3159 = DIRECTION ( 'NONE',  ( -0.7071067811865474617, 0.000000000000000000, -0.7071067811865474617 ) ) ;
#3160 = VECTOR ( 'NONE', #57, 1000.000000000000000 ) ;
#3161 = EDGE_CURVE ( 'NONE', #2411, #3826, #1433, .T. ) ;
#3162 = CARTESIAN_POINT ( 'NONE',  ( -5.859999999999999432, -13.89999999999999858, 3.000000000000000000 ) ) ;
#3163 = ORIENTED_EDGE ( 'NONE', *, *, #2466, .T. ) ;
#3164 = DIRECTION ( 'NONE',  ( 0.000000000000000000, 0.000000000000000000, 1.000000000000000000 ) ) ;
#3165 = CARTESIAN_POINT ( 'NONE',  ( 7.029711978026615959, 4.910324997807021141, 0.03615354498552770385 ) ) ;
#3166 = CARTESIAN_POINT ( 'NONE',  ( -8.583837389224925118, 5.763433675622452235, 33.00000000000000000 ) ) ;
#3167 = AXIS2_PLACEMENT_3D ( 'NONE', #602, #2238, #2193 ) ;
#3168 = DIRECTION ( 'NONE',  ( 0.000000000000000000, -1.000000000000000000, 0.000000000000000000 ) ) ;
#3169 = ORIENTED_EDGE ( 'NONE', *, *, #3609, .F. ) ;
#3170 = ORIENTED_EDGE ( 'NONE', *, *, #2944, .F. ) ;
#3171 = CARTESIAN_POINT ( 'NONE',  ( -14.75000000000000000, 0.7500000000000000000, 28.00000000000000000 ) ) ;
#3172 = DIRECTION ( 'NONE',  ( 0.000000000000000000, 1.000000000000000000, 0.000000000000000000 ) ) ;
#3173 = ORIENTED_EDGE ( 'NONE', *, *, #2515, .T. ) ;
#3174 = FACE_OUTER_BOUND ( 'NONE', #1616, .T. ) ;
#3175 = ORIENTED_EDGE ( 'NONE', *, *, #232, .F. ) ;
#3176 = EDGE_CURVE ( 'NONE', #3083, #1103, #3763, .T. ) ;
#3177 = CARTESIAN_POINT ( 'NONE',  ( -7.500000000000000000, -18.50000000000000000, 6.000000000000000000 ) ) ;
#3178 = FACE_OUTER_BOUND ( 'NONE', #1575, .T. ) ;
#3179 = ADVANCED_FACE ( 'NONE', ( #1114 ), #3721, .T. ) ;
#3180 = CARTESIAN_POINT ( 'NONE',  ( -13.00000000000000000, 0.000000000000000000, 6.000000000000000000 ) ) ;
#3181 = LINE ( 'NONE', #234, #1988 ) ;
#3182 = ORIENTED_EDGE ( 'NONE', *, *, #3367, .F. ) ;
#3183 = DIRECTION ( 'NONE',  ( 2.551063935260009690E-17, 1.000000000000000000, 0.000000000000000000 ) ) ;
#3184 = ADVANCED_FACE ( 'NONE', ( #4042 ), #107, .T. ) ;
#3185 = LINE ( 'NONE', #6, #1439 ) ;
#3186 = CARTESIAN_POINT ( 'NONE',  ( 33.50000000000000000, -5.500000000000000000, 6.000000000000000000 ) ) ;
#3187 = ORIENTED_EDGE ( 'NONE', *, *, #3394, .F. ) ;
#3188 = ORIENTED_EDGE ( 'NONE', *, *, #3932, .T. ) ;
#3189 = AXIS2_PLACEMENT_3D ( 'NONE', #853, #445, #2444 ) ;
#3190 = CARTESIAN_POINT ( 'NONE',  ( 17.00000000000000000, -4.250000000000000000, 5.000000000000000000 ) ) ;
#3191 = LINE ( 'NONE', #1235, #1417 ) ;
#3192 = ORIENTED_EDGE ( 'NONE', *, *, #1936, .T. ) ;
#3193 = CARTESIAN_POINT ( 'NONE',  ( -14.75000000000000000, 12.75000000000000000, 28.00000000000000000 ) ) ;
#3194 = ORIENTED_EDGE ( 'NONE', *, *, #423, .T. ) ;
#3195 = DIRECTION ( 'NONE',  ( 0.000000000000000000, 0.000000000000000000, -1.000000000000000000 ) ) ;
#3196 = VECTOR ( 'NONE', #2462, 1000.000000000000000 ) ;
#3197 = CARTESIAN_POINT ( 'NONE',  ( -6.604487272054069713, -13.39999999999999147, -0.2000000000000025091 ) ) ;
#3198 = EDGE_CURVE ( 'NONE', #1484, #1921, #3417, .T. ) ;
#3199 = CIRCLE ( 'NONE', #1890, 4.999999999999999112 ) ;
#3200 = CARTESIAN_POINT ( 'NONE',  ( -6.478435652084960417, 3.950000000000000178, 30.00000000000000000 ) ) ;
#3201 = PRODUCT_DEFINITION_CONTEXT ( 'detailed design', #428, 'design' ) ;
#3202 = COLOUR_RGB ( '',0.7921568627450980005, 0.8196078431372548767, 0.9333333333333333481 ) ;
#3203 = FACE_OUTER_BOUND ( 'NONE', #418, .T. ) ;
#3204 = VERTEX_POINT ( 'NONE', #732 ) ;
#3205 = EDGE_CURVE ( 'NONE', #1721, #2457, #489, .T. ) ;
#3206 = AXIS2_PLACEMENT_3D ( 'NONE', #523, #2803, #2088 ) ;
#3207 = DIRECTION ( 'NONE',  ( 0.000000000000000000, 0.000000000000000000, -1.000000000000000000 ) ) ;
#3208 = DIRECTION ( 'NONE',  ( 1.000000000000000000, 0.000000000000000000, 0.000000000000000000 ) ) ;
#3209 = LINE ( 'NONE', #2258, #4045 ) ;
#3210 = ORIENTED_EDGE ( 'NONE', *, *, #391, .T. ) ;
#3211 = EDGE_CURVE ( 'NONE', #1219, #2899, #1710, .T. ) ;
#3212 = ORIENTED_EDGE ( 'NONE', *, *, #3079, .F. ) ;
#3213 = CARTESIAN_POINT ( 'NONE',  ( 9.599999999999999645, 4.250000000000000000, 0.000000000000000000 ) ) ;
#3214 = CARTESIAN_POINT ( 'NONE',  ( 0.000000000000000000, -18.50000000000000000, 0.000000000000000000 ) ) ;
#3215 = ORIENTED_EDGE ( 'NONE', *, *, #3937, .T. ) ;
#3216 = LINE ( 'NONE', #891, #1239 ) ;
#3217 = ORIENTED_EDGE ( 'NONE', *, *, #53, .T. ) ;
#3218 = DIRECTION ( 'NONE',  ( 0.000000000000000000, -1.000000000000000000, 0.000000000000000000 ) ) ;
#3219 = PLANE ( 'NONE',  #1689 ) ;
#3220 = DIRECTION ( 'NONE',  ( 1.000000000000000000, 0.000000000000000000, 0.000000000000000000 ) ) ;
#3221 = CARTESIAN_POINT ( 'NONE',  ( 7.055028863459309463, -13.89999999999999858, 0.5168231408637730118 ) ) ;
#3222 = VECTOR ( 'NONE', #1505, 1000.000000000000000 ) ;
#3223 = CARTESIAN_POINT ( 'NONE',  ( 11.50000000000000000, -4.250000000000000000, 5.000000000000000000 ) ) ;
#3224 = ORIENTED_EDGE ( 'NONE', *, *, #26, .T. ) ;
#3225 = VECTOR ( 'NONE', #2458, 1000.000000000000000 ) ;
#3226 = DIRECTION ( 'NONE',  ( -0.000000000000000000, 1.000000000000000000, 0.000000000000000000 ) ) ;
#3227 = EDGE_CURVE ( 'NONE', #911, #733, #888, .T. ) ;
#3228 = CARTESIAN_POINT ( 'NONE',  ( 11.70000000000000107, -25.50000000000000000, 0.000000000000000000 ) ) ;
#3229 = CARTESIAN_POINT ( 'NONE',  ( -11.50000000000000000, -7.750000000000000000, 29.75000000000000000 ) ) ;
#3230 = VERTEX_POINT ( 'NONE', #1094 ) ;
#3231 = CIRCLE ( 'NONE', #3646, 3.249999999999999556 ) ;
#3232 = VERTEX_POINT ( 'NONE', #1414 ) ;
#3233 = ADVANCED_FACE ( 'NONE', ( #2363, #407, #425 ), #2731, .T. ) ;
#3234 = FACE_OUTER_BOUND ( 'NONE', #3936, .T. ) ;
#3235 =( REPRESENTATION_RELATIONSHIP ('NONE','NONE', #1858, #2580 ) REPRESENTATION_RELATIONSHIP_WITH_TRANSFORMATION ( #658 )SHAPE_REPRESENTATION_RELATIONSHIP( ) );
#3236 = FACE_OUTER_BOUND ( 'NONE', #143, .T. ) ;
#3237 = ORIENTED_EDGE ( 'NONE', *, *, #2229, .T. ) ;
#3238 = CARTESIAN_POINT ( 'NONE',  ( 0.000000000000000000, -18.50000000000000000, 10.00000000000000000 ) ) ;
#3239 = ORIENTED_EDGE ( 'NONE', *, *, #1686, .T. ) ;
#3240 = EDGE_CURVE ( 'NONE', #2410, #3619, #3032, .T. ) ;
#3241 = DIRECTION ( 'NONE',  ( 1.000000000000000000, 0.000000000000000000, 0.000000000000000000 ) ) ;
#3242 = CARTESIAN_POINT ( 'NONE',  ( -7.066623021759439460, -4.791442999637728128, 0.1090406419500302704 ) ) ;
#3243 = CARTESIAN_POINT ( 'NONE',  ( -20.50000000000000000, 17.30000000000000071, 8.142135623730919036 ) ) ;
#3244 = CARTESIAN_POINT ( 'NONE',  ( 10.50000000000000000, 4.330127018922195425, 10.00000000000000000 ) ) ;
#3245 = CARTESIAN_POINT ( 'NONE',  ( 0.000000000000000000, 0.000000000000000000, 0.000000000000000000 ) ) ;
#3246 = VERTEX_POINT ( 'NONE', #2710 ) ;
#3247 = DIRECTION ( 'NONE',  ( 0.000000000000000000, -1.000000000000000000, 0.000000000000000000 ) ) ;
#3248 = CARTESIAN_POINT ( 'NONE',  ( -13.00000000000000000, 0.000000000000000000, 10.00000000000000000 ) ) ;
#3249 = PLANE ( 'NONE',  #2050 ) ;
#3250 = ORIENTED_EDGE ( 'NONE', *, *, #1752, .F. ) ;
#3251 = EDGE_LOOP ( 'NONE', ( #329, #2681, #1750, #461, #872, #3889 ) ) ;
#3252 = CARTESIAN_POINT ( 'NONE',  ( -7.021743700800381127, 4.935435187805737201, 0.02450878398114163248 ) ) ;
#3253 = DIRECTION ( 'NONE',  ( -0.8302211308910921739, -0.5574341878840192166, 0.000000000000000000 ) ) ;
#3254 = ORIENTED_EDGE ( 'NONE', *, *, #1051, .F. ) ;
#3255 = LINE ( 'NONE', #3238, #2472 ) ;
#3256 = ORIENTED_EDGE ( 'NONE', *, *, #3477, .F. ) ;
#3257 = EDGE_CURVE ( 'NONE', #568, #1829, #1075, .T. ) ;
#3258 = AXIS2_PLACEMENT_3D ( 'NONE', #576, #1185, #2212 ) ;
#3259 = CARTESIAN_POINT ( 'NONE',  ( -17.00000000000000000, 0.7500000000000000000, 5.000000000000000000 ) ) ;
#3260 = CARTESIAN_POINT ( 'NONE',  ( -10.50000000000000000, 5.500000000000000000, 4.000000000000000000 ) ) ;
#3261 = AXIS2_PLACEMENT_3D ( 'NONE', #466, #1777, #2768 ) ;
#3262 = ADVANCED_FACE ( 'NONE', ( #3203 ), #3781, .F. ) ;
#3263 = AXIS2_PLACEMENT_3D ( 'NONE', #3281, #980, #1617 ) ;
#3264 = DIRECTION ( 'NONE',  ( 1.000000000000000000, 0.000000000000000000, 0.000000000000000000 ) ) ;
#3265 = CARTESIAN_POINT ( 'NONE',  ( 6.812568034508548642, 5.557621689300254353, -0.1552780213715127533 ) ) ;
#3266 = DIRECTION ( 'NONE',  ( -1.000000000000000000, 0.000000000000000000, 0.000000000000000000 ) ) ;
#3267 = AXIS2_PLACEMENT_3D ( 'NONE', #2935, #677, #3652 ) ;
#3268 = CARTESIAN_POINT ( 'NONE',  ( -7.104487272054069713, 4.666504109204420381, 0.2999999999999999889 ) ) ;
#3269 = AXIS2_PLACEMENT_3D ( 'NONE', #160, #1148, #3470 ) ;
#3270 = DIRECTION ( 'NONE',  ( 1.000000000000000000, 0.000000000000000000, 0.000000000000000000 ) ) ;
#3271 = DIRECTION ( 'NONE',  ( -1.000000000000000000, 0.000000000000000000, 0.000000000000000000 ) ) ;
#3272 = ORIENTED_EDGE ( 'NONE', *, *, #2182, .F. ) ;
#3273 = EDGE_LOOP ( 'NONE', ( #3425, #3729 ) ) ;
#3274 = VECTOR ( 'NONE', #3693, 1000.000000000000000 ) ;
#3275 = FACE_OUTER_BOUND ( 'NONE', #1435, .T. ) ;
#3276 = CIRCLE ( 'NONE', #527, 3.249999999999999556 ) ;
#3277 = DIRECTION ( 'NONE',  ( 0.000000000000000000, -1.000000000000000000, 0.000000000000000000 ) ) ;
#3278 = ORIENTED_EDGE ( 'NONE', *, *, #3312, .F. ) ;
#3279 = CARTESIAN_POINT ( 'NONE',  ( 12.00000000000000000, -4.250000000000000000, 5.000000000000000000 ) ) ;
#3280 = VERTEX_POINT ( 'NONE', #2188 ) ;
#3281 = CARTESIAN_POINT ( 'NONE',  ( -6.604487272054069713, -13.39999999999999147, 0.2999999999999999889 ) ) ;
#3282 = EDGE_CURVE ( 'NONE', #526, #93, #2210, .T. ) ;
#3283 = LINE ( 'NONE', #333, #4167 ) ;
#3284 = ORIENTED_EDGE ( 'NONE', *, *, #2223, .T. ) ;
#3285 = APPLICATION_PROTOCOL_DEFINITION ( 'draft international standard', 'automotive_design', 1998, #1693 ) ;
#3286 = DIRECTION ( 'NONE',  ( 0.000000000000000000, 0.000000000000000000, -1.000000000000000000 ) ) ;
#3287 = ADVANCED_FACE ( 'NONE', ( #2534 ), #255, .F. ) ;
#3288 = DIRECTION ( 'NONE',  ( 0.000000000000000000, 0.000000000000000000, 1.000000000000000000 ) ) ;
#3289 = CARTESIAN_POINT ( 'NONE',  ( 6.821846154098160753, -5.531776484677992656, -0.1505312828201236519 ) ) ;
#3290 = CARTESIAN_POINT ( 'NONE',  ( 6.478435652084950647, 3.950000000000000178, 0.000000000000000000 ) ) ;
#3291 = CIRCLE ( 'NONE', #2331, 3.249999999999999556 ) ;
#3292 = DIRECTION ( 'NONE',  ( 0.000000000000000000, 0.000000000000000000, 1.000000000000000000 ) ) ;
#3293 = DIRECTION ( 'NONE',  ( 0.000000000000000000, 0.000000000000000000, 1.000000000000000000 ) ) ;
#3294 = ORIENTED_EDGE ( 'NONE', *, *, #1623, .T. ) ;
#3295 = ORIENTED_EDGE ( 'NONE', *, *, #3758, .T. ) ;
#3296 = VECTOR ( 'NONE', #900, 1000.000000000000000 ) ;
#3297 = CARTESIAN_POINT ( 'NONE',  ( -3.289756829919200154, 18.50000000000000000, 10.00000000000000000 ) ) ;
#3298 = VECTOR ( 'NONE', #4207, 1000.000000000000000 ) ;
#3299 = DIRECTION ( 'NONE',  ( 0.8302211308910921739, -0.5574341878840192166, 0.000000000000000000 ) ) ;
#3300 = ORIENTED_EDGE ( 'NONE', *, *, #3609, .T. ) ;
#3301 = FACE_OUTER_BOUND ( 'NONE', #1465, .T. ) ;
#3302 = VERTEX_POINT ( 'NONE', #532 ) ;
#3303 = PRODUCT_DEFINITION_FORMATION_WITH_SPECIFIED_SOURCE ( 'ä»', '', #803, .NOT_KNOWN. ) ;
#3304 = FACE_OUTER_BOUND ( 'NONE', #1326, .T. ) ;
#3305 = DIRECTION ( 'NONE',  ( 0.000000000000000000, 0.000000000000000000, 1.000000000000000000 ) ) ;
#3306 = VERTEX_POINT ( 'NONE', #1520 ) ;
#3307 = ADVANCED_FACE ( 'NONE', ( #3504 ), #2469, .F. ) ;
#3308 = PRODUCT_DEFINITION_SHAPE ( 'NONE', 'NONE',  #1178 ) ;
#3309 = CARTESIAN_POINT ( 'NONE',  ( 0.000000000000000000, 18.50000000000000000, 0.000000000000000000 ) ) ;
#3310 = CARTESIAN_POINT ( 'NONE',  ( 7.104487272054069713, 4.666504109204420381, 0.2999999999999999889 ) ) ;
#3311 = CARTESIAN_POINT ( 'NONE',  ( 7.019915882559813802, -4.941217813367346778, 0.02175415631024741475 ) ) ;
#3312 = EDGE_CURVE ( 'NONE', #816, #2482, #3843, .T. ) ;
#3313 = CARTESIAN_POINT ( 'NONE',  ( -6.478435652084960417, 4.250000000000000000, 0.000000000000000000 ) ) ;
#3314 = DIRECTION ( 'NONE',  ( -1.000000000000000000, 0.000000000000000000, 0.000000000000000000 ) ) ;
#3315 = CARTESIAN_POINT ( 'NONE',  ( -11.50000000000000000, -4.250000000000000000, 3.250000000000000000 ) ) ;
#3316 = VERTEX_POINT ( 'NONE', #1223 ) ;
#3317 = ORIENTED_EDGE ( 'NONE', *, *, #1338, .T. ) ;
#3318 = EDGE_CURVE ( 'NONE', #1247, #1082, #3847, .T. ) ;
#3319 = DIRECTION ( 'NONE',  ( -1.000000000000000000, 8.587739980083199972E-17, 0.000000000000000000 ) ) ;
#3320 = DIRECTION ( 'NONE',  ( -1.000000000000000000, 0.000000000000000000, -1.774442330017996058E-16 ) ) ;
#3321 = EDGE_LOOP ( 'NONE', ( #474, #1265, #2499, #4225 ) ) ;
#3322 = DIRECTION ( 'NONE',  ( 0.000000000000000000, 0.000000000000000000, 1.000000000000000000 ) ) ;
#3323 = VERTEX_POINT ( 'NONE', #4195 ) ;
#3324 =( BOUNDED_CURVE ( )  B_SPLINE_CURVE ( 3, ( #3902, #3880, #937, #570 ),
 .UNSPECIFIED., .F., .T. ) 
 B_SPLINE_CURVE_WITH_KNOTS ( ( 4, 4 ),
 ( 1.431888505849261195, 2.195202236769282056 ),
 .UNSPECIFIED. ) 
 CURVE ( )  GEOMETRIC_REPRESENTATION_ITEM ( )  RATIONAL_B_SPLINE_CURVE ( ( 1.000000000000000000, 0.9520325305715081621, 0.9520325305715081621, 1.000000000000000000 ) ) 
 REPRESENTATION_ITEM ( '' )  );
#3325 = CARTESIAN_POINT ( 'NONE',  ( 10.50000000000000000, 4.330127018922195425, 10.00000000000000000 ) ) ;
#3326 = CARTESIAN_POINT ( 'NONE',  ( 7.004487272054069180, -13.89999999999999858, 0.000000000000000000 ) ) ;
#3327 = VERTEX_POINT ( 'NONE', #1865 ) ;
#3328 = ORIENTED_EDGE ( 'NONE', *, *, #164, .T. ) ;
#3329 = LINE ( 'NONE', #3309, #4153 ) ;
#3330 = VECTOR ( 'NONE', #3031, 1000.000000000000000 ) ;
#3331 = CARTESIAN_POINT ( 'NONE',  ( -10.28771024652967014, 3.225750696657938121, 31.13231064908478629 ) ) ;
#3332 = CARTESIAN_POINT ( 'NONE',  ( 6.985536781891340752, -5.048767797965157733, -0.02495050258205872354 ) ) ;
#3333 = AXIS2_PLACEMENT_3D ( 'NONE', #3200, #4214, #233 ) ;
#3334 = DIRECTION ( 'NONE',  ( 0.000000000000000000, 0.000000000000000000, -1.000000000000000000 ) ) ;
#3335 = AXIS2_PLACEMENT_3D ( 'NONE', #3518, #1596, #3241 ) ;
#3336 = CARTESIAN_POINT ( 'NONE',  ( -7.021564347915049353, 1.449999999999999956, 0.000000000000000000 ) ) ;
#3337 = EDGE_CURVE ( 'NONE', #4208, #2634, #3181, .T. ) ;
#3338 = DIRECTION ( 'NONE',  ( 0.000000000000000000, 1.000000000000000000, 0.000000000000000000 ) ) ;
#3339 = ORIENTED_EDGE ( 'NONE', *, *, #1261, .T. ) ;
#3340 = ORIENTED_EDGE ( 'NONE', *, *, #1192, .T. ) ;
#3341 = DIRECTION ( 'NONE',  ( 0.000000000000000000, 0.000000000000000000, -1.000000000000000000 ) ) ;
#3342 = EDGE_CURVE ( 'NONE', #3077, #1697, #1866, .T. ) ;
#3343 = CARTESIAN_POINT ( 'NONE',  ( 10.50000000000000000, -18.50000000000000000, 4.000000000000000000 ) ) ;
#3344 = ORIENTED_EDGE ( 'NONE', *, *, #970, .T. ) ;
#3345 = AXIS2_PLACEMENT_3D ( 'NONE', #2873, #2225, #3969 ) ;
#3346 = DIRECTION ( 'NONE',  ( 1.000000000000000000, 0.000000000000000000, 0.000000000000000000 ) ) ;
#3347 = EDGE_LOOP ( 'NONE', ( #558, #957, #3284, #3915, #2521, #3328 ) ) ;
#3348 = CIRCLE ( 'NONE', #666, 3.250000000000000000 ) ;
#3349 = CARTESIAN_POINT ( 'NONE',  ( 11.50000000000000000, -7.750000000000000000, 5.000000000000000000 ) ) ;
#3350 = EDGE_CURVE ( 'NONE', #2783, #2259, #1371, .T. ) ;
#3351 = CARTESIAN_POINT ( 'NONE',  ( 11.50000000000000000, -4.250000000000000000, 28.00000000000000000 ) ) ;
#3352 = ORIENTED_EDGE ( 'NONE', *, *, #3410, .F. ) ;
#3353 = VERTEX_POINT ( 'NONE', #509 ) ;
#3354 = DIRECTION ( 'NONE',  ( 0.000000000000000000, 0.000000000000000000, 1.000000000000000000 ) ) ;
#3355 = LINE ( 'NONE', #463, #2308 ) ;
#3356 = DIRECTION ( 'NONE',  ( 0.000000000000000000, -1.000000000000000000, 0.000000000000000000 ) ) ;
#3357 = DIRECTION ( 'NONE',  ( -0.8302211308910921739, -0.5574341878840192166, 0.000000000000000000 ) ) ;
#3358 = DIRECTION ( 'NONE',  ( -1.000000000000000000, 0.000000000000000000, 0.000000000000000000 ) ) ;
#3359 = EDGE_LOOP ( 'NONE', ( #2871, #1174, #4227, #1659, #2453, #2232 ) ) ;
#3360 = DIRECTION ( 'NONE',  ( -8.673617379884039170E-17, 1.000000000000000000, 0.000000000000000000 ) ) ;
#3361 = EDGE_CURVE ( 'NONE', #2179, #2211, #4173, .T. ) ;
#3362 = DIRECTION ( 'NONE',  ( 0.000000000000000000, 1.000000000000000000, 0.000000000000000000 ) ) ;
#3363 = FACE_OUTER_BOUND ( 'NONE', #1088, .T. ) ;
#3364 = ORIENTED_EDGE ( 'NONE', *, *, #2139, .T. ) ;
#3365 = AXIS2_PLACEMENT_3D ( 'NONE', #3440, #3358, #1800 ) ;
#3366 = ORIENTED_EDGE ( 'NONE', *, *, #3879, .T. ) ;
#3367 = EDGE_CURVE ( 'NONE', #2089, #1153, #215, .T. ) ;
#3368 = VECTOR ( 'NONE', #934, 1000.000000000000000 ) ;
#3369 = LINE ( 'NONE', #2413, #656 ) ;
#3370 = DIRECTION ( 'NONE',  ( 0.000000000000000000, 0.000000000000000000, -1.000000000000000000 ) ) ;
#3371 = ORIENTED_EDGE ( 'NONE', *, *, #3712, .T. ) ;
#3372 = VERTEX_POINT ( 'NONE', #1563 ) ;
#3373 = EDGE_CURVE ( 'NONE', #2287, #2597, #3500, .T. ) ;
#3374 = CARTESIAN_POINT ( 'NONE',  ( 20.50000000000000000, -5.500000000000000000, 8.142135623730929694 ) ) ;
#3375 = CARTESIAN_POINT ( 'NONE',  ( -11.11051126243938647, 2.000302375090277085, 31.33606279498042113 ) ) ;
#3376 = CARTESIAN_POINT ( 'NONE',  ( 7.055028863459309463, 17.30000000000000071, 0.5168231408637720126 ) ) ;
#3377 = DIRECTION ( 'NONE',  ( -1.000000000000000000, 0.000000000000000000, 0.000000000000000000 ) ) ;
#3378 = ORIENTED_EDGE ( 'NONE', *, *, #434, .F. ) ;
#3379 = FACE_OUTER_BOUND ( 'NONE', #3424, .T. ) ;
#3380 = CARTESIAN_POINT ( 'NONE',  ( 7.500000000000000000, -25.50000000000000000, 6.000000000000000000 ) ) ;
#3381 = LINE ( 'NONE', #430, #749 ) ;
#3382 = ORIENTED_EDGE ( 'NONE', *, *, #1432, .T. ) ;
#3383 = VERTEX_POINT ( 'NONE', #1246 ) ;
#3384 = DIRECTION ( 'NONE',  ( 1.000000000000000000, 0.000000000000000000, 0.000000000000000000 ) ) ;
#3385 = DIRECTION ( 'NONE',  ( 0.000000000000000000, 0.000000000000000000, 1.000000000000000000 ) ) ;
#3386 = ORIENTED_EDGE ( 'NONE', *, *, #1440, .T. ) ;
#3387 = EDGE_CURVE ( 'NONE', #3306, #3468, #3048, .T. ) ;
#3388 = ORIENTED_EDGE ( 'NONE', *, *, #3152, .F. ) ;
#3389 = DIRECTION ( 'NONE',  ( 0.000000000000000000, -1.000000000000000000, 0.000000000000000000 ) ) ;
#3390 = CARTESIAN_POINT ( 'NONE',  ( 20.50000000000000000, 18.50000000000000000, 8.142135623730929694 ) ) ;
#3391 = EDGE_CURVE ( 'NONE', #1631, #2179, #3637, .T. ) ;
#3392 = AXIS2_PLACEMENT_3D ( 'NONE', #4175, #1868, #3164 ) ;
#3393 = CARTESIAN_POINT ( 'NONE',  ( 13.50000000000000000, 18.50000000000000000, 0.000000000000000000 ) ) ;
#3394 = EDGE_CURVE ( 'NONE', #585, #3323, #4050, .T. ) ;
#3395 = CARTESIAN_POINT ( 'NONE',  ( 17.00000000000000000, 6.938893903907229955E-15, 5.000000000000000000 ) ) ;
#3396 = ORIENTED_EDGE ( 'NONE', *, *, #2407, .T. ) ;
#3397 = ORIENTED_EDGE ( 'NONE', *, *, #2940, .F. ) ;
#3398 = VECTOR ( 'NONE', #1021, 1000.000000000000000 ) ;
#3399 = CARTESIAN_POINT ( 'NONE',  ( 20.50000000000000000, 5.500000000000000000, 8.142135623730929694 ) ) ;
#3400 = CARTESIAN_POINT ( 'NONE',  ( 0.000000000000000000, 0.1499999999999999667, 27.00000000000000000 ) ) ;
#3401 = VERTEX_POINT ( 'NONE', #3568 ) ;
#3402 = ORIENTED_EDGE ( 'NONE', *, *, #520, .T. ) ;
#3403 = VECTOR ( 'NONE', #3444, 1000.000000000000000 ) ;
#3404 = FACE_OUTER_BOUND ( 'NONE', #16, .T. ) ;
#3405 = CIRCLE ( 'NONE', #1551, 3.249999999999999556 ) ;
#3406 = DIRECTION ( 'NONE',  ( 0.000000000000000000, 0.000000000000000000, 1.000000000000000000 ) ) ;
#3407 = ORIENTED_EDGE ( 'NONE', *, *, #2969, .T. ) ;
#3408 = ORIENTED_EDGE ( 'NONE', *, *, #3666, .T. ) ;
#3409 = VECTOR ( 'NONE', #821, 1000.000000000000000 ) ;
#3410 = EDGE_CURVE ( 'NONE', #1103, #394, #1668, .T. ) ;
#3411 = DIRECTION ( 'NONE',  ( 0.000000000000000000, 0.000000000000000000, -1.000000000000000000 ) ) ;
#3412 = CARTESIAN_POINT ( 'NONE',  ( -6.846922166715013525, -5.460051892991578448, -0.1373730134767718047 ) ) ;
#3413 = CARTESIAN_POINT ( 'NONE',  ( 11.50000000000000000, -2.250000000000000000, 29.75000000000000000 ) ) ;
#3414 = AXIS2_PLACEMENT_3D ( 'NONE', #773, #3765, #1698 ) ;
#3415 = ADVANCED_FACE ( 'NONE', ( #2320 ), #2964, .F. ) ;
#3416 = DIRECTION ( 'NONE',  ( -0.000000000000000000, -0.000000000000000000, -1.000000000000000000 ) ) ;
#3417 = LINE ( 'NONE', #3395, #751 ) ;
#3418 = ORIENTED_EDGE ( 'NONE', *, *, #2209, .T. ) ;
#3419 = ORIENTED_EDGE ( 'NONE', *, *, #2094, .F. ) ;
#3420 = EDGE_CURVE ( 'NONE', #2272, #1320, #1264, .T. ) ;
#3421 = DIRECTION ( 'NONE',  ( 0.000000000000000000, 0.000000000000000000, -1.000000000000000000 ) ) ;
#3422 = CARTESIAN_POINT ( 'NONE',  ( 13.42893218813449963, -5.500000000000000000, 1.071067811865487940 ) ) ;
#3423 = DIRECTION ( 'NONE',  ( 0.000000000000000000, -0.000000000000000000, -1.000000000000000000 ) ) ;
#3424 = EDGE_LOOP ( 'NONE', ( #356, #3483, #1315, #97, #3449 ) ) ;
#3425 = ORIENTED_EDGE ( 'NONE', *, *, #3916, .F. ) ;
#3426 = DIRECTION ( 'NONE',  ( -1.000000000000000000, 0.000000000000000000, 0.000000000000000000 ) ) ;
#3427 = CIRCLE ( 'NONE', #3978, 1.374772708486752926 ) ;
#3428 = CARTESIAN_POINT ( 'NONE',  ( -17.00000000000000000, 4.250000000000000000, 30.00000000000000000 ) ) ;
#3429 = ORIENTED_EDGE ( 'NONE', *, *, #4047, .T. ) ;
#3430 = CARTESIAN_POINT ( 'NONE',  ( -7.069562688365580883, 4.719258248530726618, 0.4843660572034121925 ) ) ;
#3431 = ORIENTED_EDGE ( 'NONE', *, *, #59, .T. ) ;
#3432 = CIRCLE ( 'NONE', #2879, 3.249999999999999556 ) ;
#3433 = LINE ( 'NONE', #504, #4087 ) ;
#3434 =( NAMED_UNIT ( * ) PLANE_ANGLE_UNIT ( ) SI_UNIT ( $, .RADIAN. ) );
#3435 = DIRECTION ( 'NONE',  ( 1.000000000000000000, 8.587739980083199972E-17, 0.000000000000000000 ) ) ;
#3436 = VECTOR ( 'NONE', #926, 1000.000000000000114 ) ;
#3437 = EDGE_CURVE ( 'NONE', #1697, #1252, #297, .T. ) ;
#3438 =( GEOMETRIC_REPRESENTATION_CONTEXT ( 3 ) GLOBAL_UNCERTAINTY_ASSIGNED_CONTEXT ( ( #3458 ) ) GLOBAL_UNIT_ASSIGNED_CONTEXT ( ( #850, #3499, #4125 ) ) REPRESENTATION_CONTEXT ( 'NONE', 'WORKASPACE' ) );
#3439 = CARTESIAN_POINT ( 'NONE',  ( -11.50000000000000000, 0.7500000000000000000, 5.000000000000000000 ) ) ;
#3440 = CARTESIAN_POINT ( 'NONE',  ( -5.859999999999999432, -13.89999999999999858, 3.000000000000000000 ) ) ;
#3441 = ORIENTED_EDGE ( 'NONE', *, *, #2778, .F. ) ;
#3442 = EDGE_CURVE ( 'NONE', #782, #1252, #2343, .T. ) ;
#3443 = FACE_OUTER_BOUND ( 'NONE', #1102, .T. ) ;
#3444 = DIRECTION ( 'NONE',  ( 0.000000000000000000, 1.000000000000000000, 0.000000000000000000 ) ) ;
#3445 = CARTESIAN_POINT ( 'NONE',  ( 13.50000000000000000, -5.500000000000000000, 0.9999999999999701350 ) ) ;
#3446 = CARTESIAN_POINT ( 'NONE',  ( -10.73213150326322030, -5.500000000000000000, 6.000000000000000000 ) ) ;
#3447 = VERTEX_POINT ( 'NONE', #2645 ) ;
#3448 = EDGE_CURVE ( 'NONE', #3327, #510, #3910, .T. ) ;
#3449 = ORIENTED_EDGE ( 'NONE', *, *, #1244, .F. ) ;
#3450 = CARTESIAN_POINT ( 'NONE',  ( -12.00000000000000000, 0.7500000000000000000, 0.000000000000000000 ) ) ;
#3451 = LINE ( 'NONE', #119, #2792 ) ;
#3452 = ORIENTED_EDGE ( 'NONE', *, *, #1947, .F. ) ;
#3453 = CARTESIAN_POINT ( 'NONE',  ( -17.00000000000000000, 0.000000000000000000, 28.00000000000000000 ) ) ;
#3454 = ORIENTED_EDGE ( 'NONE', *, *, #1557, .T. ) ;
#3455 = DIRECTION ( 'NONE',  ( 1.000000000000000000, 0.000000000000000000, 0.000000000000000000 ) ) ;
#3456 = FILL_AREA_STYLE ('',( #2116 ) ) ;
#3457 = DIRECTION ( 'NONE',  ( 0.000000000000000000, 0.000000000000000000, 1.000000000000000000 ) ) ;
#3458 = UNCERTAINTY_MEASURE_WITH_UNIT (LENGTH_MEASURE( 1.000000000000000082E-05 ), #850, 'distance_accuracy_value', 'NONE');
#3459 = CARTESIAN_POINT ( 'NONE',  ( -10.73213150326322030, 4.456093859144889535, 6.000000000000000000 ) ) ;
#3460 = ORIENTED_EDGE ( 'NONE', *, *, #842, .F. ) ;
#3461 = DIRECTION ( 'NONE',  ( 1.245367360287403862E-16, 0.000000000000000000, 1.000000000000000000 ) ) ;
#3462 = ADVANCED_FACE ( 'NONE', ( #3952 ), #1996, .T. ) ;
#3463 = CARTESIAN_POINT ( 'NONE',  ( 9.599999999999999645, 4.250000000000000000, 7.636759374687045465 ) ) ;
#3464 = AXIS2_PLACEMENT_3D ( 'NONE', #3783, #3183, #2493 ) ;
#3465 = DIRECTION ( 'NONE',  ( 1.000000000000000000, 0.000000000000000000, 0.000000000000000000 ) ) ;
#3466 = CARTESIAN_POINT ( 'NONE',  ( -17.00000000000000000, -4.250000000000000000, 5.000000000000000000 ) ) ;
#3467 = VERTEX_POINT ( 'NONE', #2919 ) ;
#3468 = VERTEX_POINT ( 'NONE', #1289 ) ;
#3469 = EDGE_CURVE ( 'NONE', #3848, #3917, #3432, .T. ) ;
#3470 = DIRECTION ( 'NONE',  ( 1.000000000000000000, 0.000000000000000000, 0.000000000000000000 ) ) ;
#3471 = CYLINDRICAL_SURFACE ( 'NONE', #1485, 0.5000000000000000000 ) ;
#3472 = VERTEX_POINT ( 'NONE', #320 ) ;
#3473 = AXIS2_PLACEMENT_3D ( 'NONE', #3925, #1364, #1706 ) ;
#3474 = FILL_AREA_STYLE ('',( #727 ) ) ;
#3475 = ORIENTED_EDGE ( 'NONE', *, *, #966, .T. ) ;
#3476 = VECTOR ( 'NONE', #479, 1000.000000000000000 ) ;
#3477 = EDGE_CURVE ( 'NONE', #1492, #703, #2120, .T. ) ;
#3478 = CARTESIAN_POINT ( 'NONE',  ( 10.73213150326320076, -4.456093859144894864, 6.000000000000000000 ) ) ;
#3479 = CYLINDRICAL_SURFACE ( 'NONE', #2097, 3.249999999999999556 ) ;
#3480 = VECTOR ( 'NONE', #3951, 1000.000000000000000 ) ;
#3481 = CARTESIAN_POINT ( 'NONE',  ( -10.50000000000000000, 0.000000000000000000, 10.00000000000000000 ) ) ;
#3482 = CARTESIAN_POINT ( 'NONE',  ( 7.104487272054079483, -4.666504109204404394, 0.2535695272793198063 ) ) ;
#3483 = ORIENTED_EDGE ( 'NONE', *, *, #80, .T. ) ;
#3484 =( BOUNDED_CURVE ( )  B_SPLINE_CURVE ( 3, ( #807, #3678, #2038, #403 ),
 .UNSPECIFIED., .F., .T. ) 
 B_SPLINE_CURVE_WITH_KNOTS ( ( 4, 4 ),
 ( 1.431888505849261195, 2.195202236769282056 ),
 .UNSPECIFIED. ) 
 CURVE ( )  GEOMETRIC_REPRESENTATION_ITEM ( )  RATIONAL_B_SPLINE_CURVE ( ( 1.000000000000000000, 0.9520325305715081621, 0.9520325305715081621, 1.000000000000000000 ) ) 
 REPRESENTATION_ITEM ( '' )  );
#3485 = FACE_OUTER_BOUND ( 'NONE', #1251, .T. ) ;
#3486 = CARTESIAN_POINT ( 'NONE',  ( 6.878169808500835813, 5.370188999566896548, -0.1184719822604697187 ) ) ;
#3487 = CARTESIAN_POINT ( 'NONE',  ( -10.50000000000000000, -4.330127018922190985, 10.00000000000000000 ) ) ;
#3488 = CARTESIAN_POINT ( 'NONE',  ( 10.50000000000000000, -5.500000000000000000, 4.000000000000000000 ) ) ;
#3489 = EDGE_LOOP ( 'NONE', ( #3831, #3836, #4057, #1366 ) ) ;
#3490 = ORIENTED_EDGE ( 'NONE', *, *, #1392, .F. ) ;
#3491 = DIRECTION ( 'NONE',  ( 0.000000000000000000, -1.000000000000000000, 0.000000000000000000 ) ) ;
#3492 = DIRECTION ( 'NONE',  ( 0.000000000000000000, 0.000000000000000000, 1.000000000000000000 ) ) ;
#3493 = ORIENTED_EDGE ( 'NONE', *, *, #3257, .F. ) ;
#3494 = DIRECTION ( 'NONE',  ( 1.000000000000000000, -1.000802005371235004E-16, 0.000000000000000000 ) ) ;
#3495 = ORIENTED_EDGE ( 'NONE', *, *, #3891, .F. ) ;
#3496 = EDGE_CURVE ( 'NONE', #3875, #3468, #2682, .T. ) ;
#3497 = CARTESIAN_POINT ( 'NONE',  ( -11.50000000000000000, 0.7500000000000000000, 5.000000000000000000 ) ) ;
#3498 = CARTESIAN_POINT ( 'NONE',  ( -7.104487272054069713, -4.666504109204420381, 0.2999999999999999889 ) ) ;
#3499 =( NAMED_UNIT ( * ) PLANE_ANGLE_UNIT ( ) SI_UNIT ( $, .RADIAN. ) );
#3500 = CIRCLE ( 'NONE', #2333, 1.750000000000001554 ) ;
#3501 = EDGE_CURVE ( 'NONE', #2310, #1271, #4120, .T. ) ;
#3502 = CARTESIAN_POINT ( 'NONE',  ( -6.528035413153459920, 3.158726812816190055, 30.00000000000000000 ) ) ;
#3503 = VECTOR ( 'NONE', #955, 1000.000000000000000 ) ;
#3504 = FACE_OUTER_BOUND ( 'NONE', #1588, .T. ) ;
#3505 = VERTEX_POINT ( 'NONE', #2381 ) ;
#3506 = CARTESIAN_POINT ( 'NONE',  ( -17.00000000000000000, 4.250000000000000000, 33.00000000000000000 ) ) ;
#3507 = VECTOR ( 'NONE', #48, 1000.000000000000000 ) ;
#3508 = CARTESIAN_POINT ( 'NONE',  ( -6.604487272054069713, -13.39999999999999147, -0.2000000000000023703 ) ) ;
#3509 = FACE_OUTER_BOUND ( 'NONE', #3602, .T. ) ;
#3510 = VERTEX_POINT ( 'NONE', #3111 ) ;
#3511 = EDGE_LOOP ( 'NONE', ( #88, #2976, #2543, #334 ) ) ;
#3512 = CARTESIAN_POINT ( 'NONE',  ( -10.50000000000000000, 18.50000000000000000, 4.000000000000000000 ) ) ;
#3513 = EDGE_CURVE ( 'NONE', #995, #1247, #3153, .T. ) ;
#3514 = DIRECTION ( 'NONE',  ( 0.4355609281042803760, -0.9001592514155136726, 0.000000000000000000 ) ) ;
#3515 = ORIENTED_EDGE ( 'NONE', *, *, #264, .F. ) ;
#3516 = DIRECTION ( 'NONE',  ( -1.307961444974836761E-16, 0.7071067811865475727, 0.7071067811865475727 ) ) ;
#3517 = ORIENTED_EDGE ( 'NONE', *, *, #3128, .T. ) ;
#3518 = CARTESIAN_POINT ( 'NONE',  ( 0.000000000000000000, 0.000000000000000000, 15.00000000000000000 ) ) ;
#3519 = ADVANCED_FACE ( 'NONE', ( #1390 ), #1813, .F. ) ;
#3520 = DIRECTION ( 'NONE',  ( 0.7071067811865441310, 0.000000000000000000, 0.7071067811865510144 ) ) ;
#3521 = EDGE_CURVE ( 'NONE', #3959, #4003, #3999, .T. ) ;
#3522 = CARTESIAN_POINT ( 'NONE',  ( -10.50003772136046365, 4.330148797359811397, 7.429478950761713385 ) ) ;
#3523 = ORIENTED_EDGE ( 'NONE', *, *, #3884, .T. ) ;
#3524 = DIRECTION ( 'NONE',  ( 0.000000000000000000, 0.000000000000000000, 1.000000000000000000 ) ) ;
#3525 = LINE ( 'NONE', #1227, #304 ) ;
#3526 = EDGE_CURVE ( 'NONE', #2865, #451, #1050, .T. ) ;
#3527 = CARTESIAN_POINT ( 'NONE',  ( 10.50000000000000000, 0.000000000000000000, 8.142135623730929694 ) ) ;
#3528 = DIRECTION ( 'NONE',  ( 0.000000000000000000, -1.000000000000000000, 0.000000000000000000 ) ) ;
#3529 = EDGE_LOOP ( 'NONE', ( #3801, #92, #765, #4092 ) ) ;
#3530 = ORIENTED_EDGE ( 'NONE', *, *, #2738, .F. ) ;
#3531 = CIRCLE ( 'NONE', #3943, 2.160000000000000142 ) ;
#3532 = CARTESIAN_POINT ( 'NONE',  ( 10.50000000000000000, -4.330127018922195425, 8.142135623730929694 ) ) ;
#3533 = DIRECTION ( 'NONE',  ( -0.8302211308910921739, -0.5574341878840192166, 0.000000000000000000 ) ) ;
#3534 = ORIENTED_EDGE ( 'NONE', *, *, #781, .F. ) ;
#3535 = LINE ( 'NONE', #1576, #3368 ) ;
#3536 = ORIENTED_EDGE ( 'NONE', *, *, #3469, .T. ) ;
#3537 = VECTOR ( 'NONE', #595, 1000.000000000000000 ) ;
#3538 = FACE_OUTER_BOUND ( 'NONE', #2821, .T. ) ;
#3539 = CIRCLE ( 'NONE', #1273, 9.999999999999998224 ) ;
#3540 = CARTESIAN_POINT ( 'NONE',  ( -6.891209575572446511, -5.332208250148497974, -0.1096235186460094296 ) ) ;
#3541 = CARTESIAN_POINT ( 'NONE',  ( -1.467447582342629175, 2.714124606654877425, -17.74623595507955542 ) ) ;
#3542 = AXIS2_PLACEMENT_3D ( 'NONE', #867, #587, #930 ) ;
#3543 = CARTESIAN_POINT ( 'NONE',  ( -5.859999999999999432, -13.89999999999999858, 3.000000000000000000 ) ) ;
#3544 = PRODUCT_DEFINITION_CONTEXT ( 'detailed design', #2574, 'design' ) ;
#3545 = DIRECTION ( 'NONE',  ( -1.000000000000000000, 8.587739980083199972E-17, 0.000000000000000000 ) ) ;
#3546 = EDGE_LOOP ( 'NONE', ( #982, #1224, #979, #848 ) ) ;
#3547 = EDGE_CURVE ( 'NONE', #2347, #2181, #3775, .T. ) ;
#3548 = AXIS2_PLACEMENT_3D ( 'NONE', #3064, #3385, #2456 ) ;
#3549 = DIRECTION ( 'NONE',  ( 0.000000000000000000, 0.000000000000000000, -1.000000000000000000 ) ) ;
#3550 = CARTESIAN_POINT ( 'NONE',  ( 0.000000000000000000, 0.000000000000000000, 6.000000000000000000 ) ) ;
#3551 = CARTESIAN_POINT ( 'NONE',  ( -13.42893218813449963, -18.50000000000000000, 1.071067811865479946 ) ) ;
#3552 = MANIFOLD_SOLID_BREP ( 'µ¹½Ç1', #1559 ) ;
#3553 = ORIENTED_EDGE ( 'NONE', *, *, #611, .T. ) ;
#3554 = AXIS2_PLACEMENT_3D ( 'NONE', #2858, #2167, #1479 ) ;
#3555 = VERTEX_POINT ( 'NONE', #2805 ) ;
#3556 = EDGE_CURVE ( 'NONE', #2657, #29, #1372, .T. ) ;
#3557 = DIRECTION ( 'NONE',  ( 0.000000000000000000, 0.000000000000000000, 1.000000000000000000 ) ) ;
#3558 = CARTESIAN_POINT ( 'NONE',  ( -7.004487272054069180, -13.89999999999999858, 0.000000000000000000 ) ) ;
#3559 = VERTEX_POINT ( 'NONE', #3698 ) ;
#3560 = CARTESIAN_POINT ( 'NONE',  ( -11.50000000000000000, -7.750000000000000000, 26.25000000000000000 ) ) ;
#3561 = VERTEX_POINT ( 'NONE', #1196 ) ;
#3562 = CARTESIAN_POINT ( 'NONE',  ( -6.478435652084960417, 3.950000000000000178, 30.00000000000000000 ) ) ;
#3563 = CARTESIAN_POINT ( 'NONE',  ( -7.040029782122691593, -4.877336122141718633, 0.05366879296814360684 ) ) ;
#3564 = VECTOR ( 'NONE', #4200, 999.9999999999998863 ) ;
#3565 = CARTESIAN_POINT ( 'NONE',  ( -10.50000000000000000, 0.000000000000000000, 8.142135623730919036 ) ) ;
#3566 = CARTESIAN_POINT ( 'NONE',  ( 6.721076177311817723, 5.808974272451028931, -0.1863084664507791699 ) ) ;
#3567 = MECHANICAL_DESIGN_GEOMETRIC_PRESENTATION_REPRESENTATION (  '', ( #3017 ), #958 ) ;
#3568 = CARTESIAN_POINT ( 'NONE',  ( 11.50000000000000000, -4.250000000000000000, 29.75000000000000000 ) ) ;
#3569 = ORIENTED_EDGE ( 'NONE', *, *, #665, .F. ) ;
#3570 = AXIS2_PLACEMENT_3D ( 'NONE', #4112, #536, #175 ) ;
#3571 = DIRECTION ( 'NONE',  ( 0.000000000000000000, -1.000000000000000000, 0.000000000000000000 ) ) ;
#3572 = CARTESIAN_POINT ( 'NONE',  ( 7.055028863459309463, 4.740945869313009986, 0.5168231408637720126 ) ) ;
#3573 = EDGE_CURVE ( 'NONE', #3848, #2865, #2504, .T. ) ;
#3574 = DIRECTION ( 'NONE',  ( 0.000000000000000000, 0.000000000000000000, -1.000000000000000000 ) ) ;
#3575 = ORIENTED_EDGE ( 'NONE', *, *, #191, .F. ) ;
#3576 = VECTOR ( 'NONE', #3007, 1000.000000000000000 ) ;
#3577 = ORIENTED_EDGE ( 'NONE', *, *, #2790, .F. ) ;
#3578 = CIRCLE ( 'NONE', #4058, 1.749999999999999778 ) ;
#3579 = CARTESIAN_POINT ( 'NONE',  ( -7.042232563985341365, 4.870000511975504764, 0.05808242921182103780 ) ) ;
#3580 = EDGE_CURVE ( 'NONE', #1873, #1527, #3484, .T. ) ;
#3581 = DIRECTION ( 'NONE',  ( 0.000000000000000000, -1.000000000000000000, 0.000000000000000000 ) ) ;
#3582 = VERTEX_POINT ( 'NONE', #66 ) ;
#3583 = LINE ( 'NONE', #3560, #1642 ) ;
#3584 = VERTEX_POINT ( 'NONE', #3029 ) ;
#3585 = DIRECTION ( 'NONE',  ( -8.903304390725439501E-47, -1.000000000000000000, 4.765805150845109569E-32 ) ) ;
#3586 = PLANE ( 'NONE',  #2241 ) ;
#3587 = ORIENTED_EDGE ( 'NONE', *, *, #3753, .T. ) ;
#3588 = CARTESIAN_POINT ( 'NONE',  ( -13.42893218813449963, 18.50000000000000000, 1.071067811865479946 ) ) ;
#3589 = CARTESIAN_POINT ( 'NONE',  ( 7.104487272054069713, 4.666504109204420381, 0.2999999999999999889 ) ) ;
#3590 = UNCERTAINTY_MEASURE_WITH_UNIT (LENGTH_MEASURE( 1.000000000000000082E-05 ), #1516, 'distance_accuracy_value', 'NONE');
#3591 = CARTESIAN_POINT ( 'NONE',  ( 6.761590683782508826, -5.699514179292176408, -0.1748171610113288532 ) ) ;
#3592 = CARTESIAN_POINT ( 'NONE',  ( -11.95000000000000107, 0.7500000000000000000, 33.00000000000000000 ) ) ;
#3593 = DIRECTION ( 'NONE',  ( 0.000000000000000000, 0.000000000000000000, -1.000000000000000000 ) ) ;
#3594 = CARTESIAN_POINT ( 'NONE',  ( -9.599999999999999645, 4.250000000000000000, 50.00000000000000711 ) ) ;
#3595 = EDGE_LOOP ( 'NONE', ( #3655, #3782, #605, #2610 ) ) ;
#3596 = EDGE_LOOP ( 'NONE', ( #2700, #1730 ) ) ;
#3597 = EDGE_CURVE ( 'NONE', #3088, #178, #1452, .T. ) ;
#3598 = CARTESIAN_POINT ( 'NONE',  ( -6.856114800876602189, 5.434288257876587203, -0.1328243728677082069 ) ) ;
#3599 = CARTESIAN_POINT ( 'NONE',  ( 5.859999999999999432, -13.89999999999999858, 6.000000000000000000 ) ) ;
#3600 = EDGE_LOOP ( 'NONE', ( #1442, #746, #1807, #2078 ) ) ;
#3601 = DIRECTION ( 'NONE',  ( -0.000000000000000000, 1.000000000000000000, 0.000000000000000000 ) ) ;
#3602 = EDGE_LOOP ( 'NONE', ( #1421, #2561, #3192, #3942 ) ) ;
#3603 = AXIS2_PLACEMENT_3D ( 'NONE', #3892, #3850, #1291 ) ;
#3604 = EDGE_CURVE ( 'NONE', #843, #3472, #3535, .T. ) ;
#3605 = DIRECTION ( 'NONE',  ( 1.000000000000000000, 0.000000000000000000, 0.000000000000000000 ) ) ;
#3606 = LINE ( 'NONE', #3630, #2658 ) ;
#3607 =( NAMED_UNIT ( * ) PLANE_ANGLE_UNIT ( ) SI_UNIT ( $, .RADIAN. ) );
#3608 = VECTOR ( 'NONE', #984, 1000.000000000000000 ) ;
#3609 = EDGE_CURVE ( 'NONE', #1492, #1219, #1532, .T. ) ;
#3610 = VECTOR ( 'NONE', #1534, 1000.000000000000000 ) ;
#3611 = CARTESIAN_POINT ( 'NONE',  ( 7.104487272054069713, 4.666504109204414164, 0.2416908631785223971 ) ) ;
#3612 = CARTESIAN_POINT ( 'NONE',  ( 6.758413828512715327, -5.708205159060304901, -0.1758588710842643177 ) ) ;
#3613 = AXIS2_PLACEMENT_3D ( 'NONE', #2546, #1572, #2150 ) ;
#3614 = CARTESIAN_POINT ( 'NONE',  ( -20.50000000000000000, -5.500000000000000000, 8.142135623730919036 ) ) ;
#3615 = PRESENTATION_LAYER_ASSIGNMENT (  '', '', ( #2035 ) ) ;
#3616 = CARTESIAN_POINT ( 'NONE',  ( -13.50000000000000000, 5.500000000000000000, 0.000000000000000000 ) ) ;
#3617 = CARTESIAN_POINT ( 'NONE',  ( -5.359999999999999432, -13.89999999999999858, 6.000000000000000000 ) ) ;
#3618 = PRODUCT ( 'WH110-wuji glove\X2\63d295004ef6\X0\ \X2\88c5914d4f53\X0\1', 'WH110-wuji glove\X2\63d295004ef6\X0\ \X2\88c5914d4f53\X0\1', '', ( #2273 ) ) ;
#3619 = VERTEX_POINT ( 'NONE', #3921 ) ;
#3620 = ORIENTED_EDGE ( 'NONE', *, *, #2638, .T. ) ;
#3621 = CIRCLE ( 'NONE', #252, 3.249999999999999556 ) ;
#3622 = CARTESIAN_POINT ( 'NONE',  ( -6.895537355421995862, 5.319528220460338019, -0.1065632490359176426 ) ) ;
#3623 = VECTOR ( 'NONE', #3461, 1000.000000000000000 ) ;
#3624 = CARTESIAN_POINT ( 'NONE',  ( 7.500000000000000000, -25.50000000000000000, 6.000000000000000000 ) ) ;
#3625 = EDGE_LOOP ( 'NONE', ( #3033, #697, #1054, #4166 ) ) ;
#3626 = ADVANCED_FACE ( 'NONE', ( #2891 ), #1900, .F. ) ;
#3627 = CARTESIAN_POINT ( 'NONE',  ( -11.50000000000000000, -4.250000000000000000, 5.000000000000000000 ) ) ;
#3628 = ORIENTED_EDGE ( 'NONE', *, *, #3762, .T. ) ;
#3629 = CARTESIAN_POINT ( 'NONE',  ( 7.021564347915039583, 1.449999999999999956, 0.000000000000000000 ) ) ;
#3630 = CARTESIAN_POINT ( 'NONE',  ( 6.604487272054069713, -13.39999999999999147, -0.2000000000000000111 ) ) ;
#3631 = ORIENTED_EDGE ( 'NONE', *, *, #1618, .F. ) ;
#3632 = SHAPE_DEFINITION_REPRESENTATION ( #2661, #2580 ) ;
#3633 = EDGE_CURVE ( 'NONE', #2505, #1608, #2246, .T. ) ;
#3634 = DIRECTION ( 'NONE',  ( 0.000000000000000000, 0.000000000000000000, 1.000000000000000000 ) ) ;
#3635 = DIRECTION ( 'NONE',  ( 1.000000000000000000, 0.000000000000000000, 0.000000000000000000 ) ) ;
#3636 = EDGE_CURVE ( 'NONE', #1121, #782, #3216, .T. ) ;
#3637 = LINE ( 'NONE', #382, #1431 ) ;
#3638 = CARTESIAN_POINT ( 'NONE',  ( 6.604487272054069713, -13.89999999999999858, -0.2000000000000000111 ) ) ;
#3639 = VECTOR ( 'NONE', #775, 1000.000000000000000 ) ;
#3640 = CARTESIAN_POINT ( 'NONE',  ( -7.400000000000000355, 17.30000000000000071, -0.2000000000000025091 ) ) ;
#3641 = CARTESIAN_POINT ( 'NONE',  ( -6.309209706725373401, -5.729611239388632704, 2.066577232778449513 ) ) ;
#3642 = ORIENTED_EDGE ( 'NONE', *, *, #3135, .F. ) ;
#3643 = ORIENTED_EDGE ( 'NONE', *, *, #4213, .F. ) ;
#3644 = AXIS2_PLACEMENT_3D ( 'NONE', #1779, #3377, #2422 ) ;
#3645 = CARTESIAN_POINT ( 'NONE',  ( -6.604487272054069713, 6.113979708281330083, -0.2000000000000025091 ) ) ;
#3646 = AXIS2_PLACEMENT_3D ( 'NONE', #912, #4186, #2617 ) ;
#3647 = DIRECTION ( 'NONE',  ( 1.000000000000000000, 0.000000000000000000, 0.000000000000000000 ) ) ;
#3648 = ORIENTED_EDGE ( 'NONE', *, *, #3521, .F. ) ;
#3649 = CARTESIAN_POINT ( 'NONE',  ( -10.50000000000000000, 5.500000000000000000, 8.142135623730919036 ) ) ;
#3650 = VERTEX_POINT ( 'NONE', #4164 ) ;
#3651 = CIRCLE ( 'NONE', #2340, 1.659999999999999920 ) ;
#3652 = DIRECTION ( 'NONE',  ( 1.000000000000000000, 0.000000000000000000, 0.000000000000000000 ) ) ;
#3653 = CYLINDRICAL_SURFACE ( 'NONE', #2728, 0.2999999999999999334 ) ;
#3654 = ORIENTED_EDGE ( 'NONE', *, *, #488, .F. ) ;
#3655 = ORIENTED_EDGE ( 'NONE', *, *, #2522, .F. ) ;
#3656 = EDGE_CURVE ( 'NONE', #1385, #4206, #277, .T. ) ;
#3657 = PLANE ( 'NONE',  #1471 ) ;
#3658 = DIRECTION ( 'NONE',  ( 0.000000000000000000, 0.000000000000000000, 1.000000000000000000 ) ) ;
#3659 = DIRECTION ( 'NONE',  ( 0.000000000000000000, 1.000000000000000000, 0.000000000000000000 ) ) ;
#3660 = EDGE_CURVE ( 'NONE', #2287, #2123, #3583, .T. ) ;
#3661 = FACE_OUTER_BOUND ( 'NONE', #652, .T. ) ;
#3662 = PLANE ( 'NONE',  #2402 ) ;
#3663 = FACE_OUTER_BOUND ( 'NONE', #1767, .T. ) ;
#3664 = ORIENTED_EDGE ( 'NONE', *, *, #528, .T. ) ;
#3665 = ORIENTED_EDGE ( 'NONE', *, *, #2131, .T. ) ;
#3666 = EDGE_CURVE ( 'NONE', #3280, #2289, #978, .T. ) ;
#3667 = DIRECTION ( 'NONE',  ( -0.4336462817275464343, 0.000000000000000000, 0.9010831828104847174 ) ) ;
#3668 = DIRECTION ( 'NONE',  ( -1.000000000000000000, 0.000000000000000000, 2.135044278125301343E-15 ) ) ;
#3669 = ORIENTED_EDGE ( 'NONE', *, *, #1992, .F. ) ;
#3670 = FACE_OUTER_BOUND ( 'NONE', #3148, .T. ) ;
#3671 = ORIENTED_EDGE ( 'NONE', *, *, #3597, .T. ) ;
#3672 = LINE ( 'NONE', #2664, #4159 ) ;
#3673 = DIRECTION ( 'NONE',  ( 0.000000000000000000, 1.000000000000000000, 0.000000000000000000 ) ) ;
#3674 = ORIENTED_EDGE ( 'NONE', *, *, #4182, .T. ) ;
#3675 = DIRECTION ( 'NONE',  ( -1.000000000000000000, 0.000000000000000000, 2.668805347656626481E-15 ) ) ;
#3676 = AXIS2_PLACEMENT_3D ( 'NONE', #4132, #559, #3524 ) ;
#3677 = CARTESIAN_POINT ( 'NONE',  ( 7.500000000000000000, 17.30000000000000071, 6.000000000000000000 ) ) ;
#3678 = CARTESIAN_POINT ( 'NONE',  ( 11.11051126243938114, 2.000302375090279750, 24.66393720501958242 ) ) ;
#3679 = EDGE_CURVE ( 'NONE', #426, #4056, #633, .T. ) ;
#3680 = CARTESIAN_POINT ( 'NONE',  ( -10.50000000000000000, 0.000000000000000000, 10.00000000000000000 ) ) ;
#3681 = VECTOR ( 'NONE', #768, 999.9999999999998863 ) ;
#3682 = EDGE_LOOP ( 'NONE', ( #1878, #3151, #221, #3877 ) ) ;
#3683 = EDGE_CURVE ( 'NONE', #490, #1857, #3255, .T. ) ;
#3684 = AXIS2_PLACEMENT_3D ( 'NONE', #3685, #1419, #1057 ) ;
#3685 = CARTESIAN_POINT ( 'NONE',  ( -9.599999999999999645, 4.250000000000000000, 50.00000000000000711 ) ) ;
#3686 = DIRECTION ( 'NONE',  ( -1.000000000000000000, -1.000802005371235004E-16, 0.000000000000000000 ) ) ;
#3687 = VERTEX_POINT ( 'NONE', #567 ) ;
#3688 = VECTOR ( 'NONE', #3673, 1000.000000000000000 ) ;
#3689 = EDGE_CURVE ( 'NONE', #2783, #2109, #4226, .T. ) ;
#3690 = ORIENTED_EDGE ( 'NONE', *, *, #2407, .F. ) ;
#3691 = CIRCLE ( 'NONE', #2859, 3.249999999999999556 ) ;
#3692 = DIRECTION ( 'NONE',  ( -1.000000000000000000, 8.587739980083199972E-17, 0.000000000000000000 ) ) ;
#3693 = DIRECTION ( 'NONE',  ( 0.000000000000000000, 1.000000000000000000, 0.000000000000000000 ) ) ;
#3694 = ORIENTED_EDGE ( 'NONE', *, *, #4026, .F. ) ;
#3695 = ORIENTED_EDGE ( 'NONE', *, *, #2209, .F. ) ;
#3696 = FACE_OUTER_BOUND ( 'NONE', #1812, .T. ) ;
#3697 = DIRECTION ( 'NONE',  ( 0.000000000000000000, 0.000000000000000000, 1.000000000000000000 ) ) ;
#3698 = CARTESIAN_POINT ( 'NONE',  ( 12.00000000000000000, 0.7500000000000000000, 33.00000000000000000 ) ) ;
#3699 = DIRECTION ( 'NONE',  ( 0.000000000000000000, 0.000000000000000000, -1.000000000000000000 ) ) ;
#3700 = ADVANCED_FACE ( 'NONE', ( #3174 ), #3858, .F. ) ;
#3701 = CARTESIAN_POINT ( 'NONE',  ( 11.70000000000000107, -25.50000000000000000, 0.000000000000000000 ) ) ;
#3702 = ORIENTED_EDGE ( 'NONE', *, *, #3152, .T. ) ;
#3703 = ORIENTED_EDGE ( 'NONE', *, *, #1202, .F. ) ;
#3704 = VECTOR ( 'NONE', #2477, 1000.000000000000000 ) ;
#3705 = EDGE_CURVE ( 'NONE', #2365, #1492, #2687, .T. ) ;
#3706 = CARTESIAN_POINT ( 'NONE',  ( -3.250000000000000000, 0.000000000000000000, 50.00000000000000000 ) ) ;
#3707 = CYLINDRICAL_SURFACE ( 'NONE', #2876, 8.500000000000000000 ) ;
#3708 = ORIENTED_EDGE ( 'NONE', *, *, #3884, .F. ) ;
#3709 = VECTOR ( 'NONE', #2384, 1000.000000000000114 ) ;
#3710 = ORIENTED_EDGE ( 'NONE', *, *, #2760, .T. ) ;
#3711 = CIRCLE ( 'NONE', #2884, 8.500000000000000000 ) ;
#3712 = EDGE_CURVE ( 'NONE', #2265, #4156, #3231, .T. ) ;
#3713 = DIRECTION ( 'NONE',  ( 0.4336462817275464343, 0.000000000000000000, -0.9010831828104848285 ) ) ;
#3714 = CARTESIAN_POINT ( 'NONE',  ( 8.250000000000000000, 4.250000000000000000, 5.000000000000000000 ) ) ;
#3715 = ORIENTED_EDGE ( 'NONE', *, *, #2254, .F. ) ;
#3716 = EDGE_LOOP ( 'NONE', ( #3099, #3854, #3175, #350 ) ) ;
#3717 = FACE_OUTER_BOUND ( 'NONE', #2937, .T. ) ;
#3718 = DIRECTION ( 'NONE',  ( 0.000000000000000000, 0.000000000000000000, -1.000000000000000000 ) ) ;
#3719 = DIRECTION ( 'NONE',  ( 1.000000000000000000, 0.000000000000000000, 0.000000000000000000 ) ) ;
#3720 = UNCERTAINTY_MEASURE_WITH_UNIT (LENGTH_MEASURE( 1.000000000000000082E-05 ), #2226, 'distance_accuracy_value', 'NONE');
#3721 = PLANE ( 'NONE',  #3365 ) ;
#3722 = PRODUCT_DEFINITION_SHAPE ( 'NONE', 'NONE',  #3725 ) ;
#3723 = ORIENTED_EDGE ( 'NONE', *, *, #1497, .T. ) ;
#3724 = ORIENTED_EDGE ( 'NONE', *, *, #3051, .F. ) ;
#3725 = PRODUCT_DEFINITION ( 'æœ', '', #2621, #275 ) ;
#3726 = CARTESIAN_POINT ( 'NONE',  ( 6.604487272054069713, 6.113979708281330083, -0.2000000000000000111 ) ) ;
#3727 = DIRECTION ( 'NONE',  ( 0.000000000000000000, 0.000000000000000000, -1.000000000000000000 ) ) ;
#3728 = ORIENTED_EDGE ( 'NONE', *, *, #999, .T. ) ;
#3729 = ORIENTED_EDGE ( 'NONE', *, *, #1936, .F. ) ;
#3730 = ADVANCED_FACE ( 'NONE', ( #2526 ), #3837, .F. ) ;
#3731 = PLANE ( 'NONE',  #1959 ) ;
#3732 = DIRECTION ( 'NONE',  ( 0.000000000000000000, 0.000000000000000000, -1.000000000000000000 ) ) ;
#3733 = ORIENTED_EDGE ( 'NONE', *, *, #4013, .F. ) ;
#3734 = VERTEX_POINT ( 'NONE', #1877 ) ;
#3735 = ADVANCED_FACE ( 'NONE', ( #2549 ), #267, .F. ) ;
#3736 = CARTESIAN_POINT ( 'NONE',  ( -14.75000000000000000, 12.75000000000000000, 5.000000000000000000 ) ) ;
#3737 = DIRECTION ( 'NONE',  ( -1.000000000000000000, -1.138412281109779656E-15, 0.000000000000000000 ) ) ;
#3738 = DIRECTION ( 'NONE',  ( 0.000000000000000000, 1.000000000000000000, 0.000000000000000000 ) ) ;
#3739 = ADVANCED_FACE ( 'NONE', ( #3301 ), #1342, .T. ) ;
#3740 = DIRECTION ( 'NONE',  ( 0.000000000000000000, -1.000000000000000000, 0.000000000000000000 ) ) ;
#3741 = DIRECTION ( 'NONE',  ( 0.000000000000000000, 1.000000000000000000, 0.000000000000000000 ) ) ;
#3742 = ORIENTED_EDGE ( 'NONE', *, *, #2965, .T. ) ;
#3743 = CONICAL_SURFACE ( 'NONE', #3054, 0.5000000000000073275, 0.7853981633974482790 ) ;
#3744 = ORIENTED_EDGE ( 'NONE', *, *, #3025, .T. ) ;
#3745 = CARTESIAN_POINT ( 'NONE',  ( 13.50000000000000000, -5.500000000000000000, 0.000000000000000000 ) ) ;
#3746 = CARTESIAN_POINT ( 'NONE',  ( 8.091224996690819861E-16, 0.000000000000000000, 6.000000000000000000 ) ) ;
#3747 = CARTESIAN_POINT ( 'NONE',  ( -7.400000000000000355, -13.39999999999999147, -0.2000000000000025091 ) ) ;
#3748 = EDGE_LOOP ( 'NONE', ( #1144, #261 ) ) ;
#3749 = ORIENTED_EDGE ( 'NONE', *, *, #499, .F. ) ;
#3750 = VECTOR ( 'NONE', #245, 999.9999999999998863 ) ;
#3751 = CARTESIAN_POINT ( 'NONE',  ( -11.95000000000000107, 0.7499999999999995559, 33.00000000000000000 ) ) ;
#3752 = CIRCLE ( 'NONE', #2443, 0.5000000000000000000 ) ;
#3753 = EDGE_CURVE ( 'NONE', #3372, #1893, #1850, .T. ) ;
#3754 = CARTESIAN_POINT ( 'NONE',  ( -12.00000000000000000, 0.7500000000000000000, 28.00000000000000000 ) ) ;
#3755 = ORIENTED_EDGE ( 'NONE', *, *, #3992, .F. ) ;
#3756 = ORIENTED_EDGE ( 'NONE', *, *, #1595, .T. ) ;
#3757 = CYLINDRICAL_SURFACE ( 'NONE', #39, 3.249999999999999556 ) ;
#3758 = EDGE_CURVE ( 'NONE', #835, #1484, #2953, .T. ) ;
#3759 = CARTESIAN_POINT ( 'NONE',  ( -6.890191756658708755, -5.335183807159200597, -0.1103323526784784070 ) ) ;
#3760 = CARTESIAN_POINT ( 'NONE',  ( -13.42893218813449963, 5.500000000000000000, 1.071067811865479946 ) ) ;
#3761 = LINE ( 'NONE', #1182, #1268 ) ;
#3762 = EDGE_CURVE ( 'NONE', #33, #3077, #1041, .T. ) ;
#3763 = LINE ( 'NONE', #2077, #1638 ) ;
#3764 = VERTEX_POINT ( 'NONE', #3941 ) ;
#3765 = DIRECTION ( 'NONE',  ( 0.000000000000000000, 1.000000000000000000, 0.000000000000000000 ) ) ;
#3766 = DIRECTION ( 'NONE',  ( 0.000000000000000000, -1.000000000000000000, 0.000000000000000000 ) ) ;
#3767 = CARTESIAN_POINT ( 'NONE',  ( 9.600000000000001421, 4.250000000000000000, 30.63675937468704547 ) ) ;
#3768 = CARTESIAN_POINT ( 'NONE',  ( 10.50000000000000000, -4.330127018922195425, 10.00000000000000000 ) ) ;
#3769 = VERTEX_POINT ( 'NONE', #2353 ) ;
#3770 = ORIENTED_EDGE ( 'NONE', *, *, #2667, .T. ) ;
#3771 = FACE_OUTER_BOUND ( 'NONE', #1908, .T. ) ;
#3772 = CIRCLE ( 'NONE', #2605, 1.749999999999999778 ) ;
#3773 = FACE_OUTER_BOUND ( 'NONE', #1550, .T. ) ;
#3774 = ORIENTED_EDGE ( 'NONE', *, *, #4182, .F. ) ;
#3775 = LINE ( 'NONE', #3133, #203 ) ;
#3776 = ORIENTED_EDGE ( 'NONE', *, *, #3437, .T. ) ;
#3777 = CARTESIAN_POINT ( 'NONE',  ( 17.00000000000000000, -4.250000000000000000, 30.00000000000000000 ) ) ;
#3778 = CARTESIAN_POINT ( 'NONE',  ( -6.713389139146342721, -5.829639159045544972, -0.1880839427993638013 ) ) ;
#3779 =( LENGTH_UNIT ( ) NAMED_UNIT ( * ) SI_UNIT ( .MILLI., .METRE. ) );
#3780 = AXIS2_PLACEMENT_3D ( 'NONE', #4218, #1269, #988 ) ;
#3781 = PLANE ( 'NONE',  #3158 ) ;
#3782 = ORIENTED_EDGE ( 'NONE', *, *, #3420, .F. ) ;
#3783 = CARTESIAN_POINT ( 'NONE',  ( 1.084202172485503941E-16, 4.250000000000000000, 30.00000000000000000 ) ) ;
#3784 = EDGE_CURVE ( 'NONE', #3327, #3011, #139, .T. ) ;
#3785 = CARTESIAN_POINT ( 'NONE',  ( 7.011417710924251701, 4.967973436767031181, 0.009450295508404869468 ) ) ;
#3786 = DIRECTION ( 'NONE',  ( 0.000000000000000000, 1.000000000000000000, 0.000000000000000000 ) ) ;
#3787 = CARTESIAN_POINT ( 'NONE',  ( -7.055028863459312127, -13.39999999999999147, 0.5168231408637714575 ) ) ;
#3788 = EDGE_LOOP ( 'NONE', ( #1045, #1168, #2416, #3832 ) ) ;
#3789 = ORIENTED_EDGE ( 'NONE', *, *, #1654, .F. ) ;
#3790 = ADVANCED_FACE ( 'NONE', ( #2679 ), #370, .F. ) ;
#3791 = CYLINDRICAL_SURFACE ( 'NONE', #1344, 0.2999999999999999334 ) ;
#3792 = CYLINDRICAL_SURFACE ( 'NONE', #735, 2.160000000000000142 ) ;
#3793 = ORIENTED_EDGE ( 'NONE', *, *, #2185, .F. ) ;
#3794 = CARTESIAN_POINT ( 'NONE',  ( 10.50000000000000000, 0.000000000000000000, 10.00000000000000000 ) ) ;
#3795 = ORIENTED_EDGE ( 'NONE', *, *, #3282, .T. ) ;
#3796 = CARTESIAN_POINT ( 'NONE',  ( 10.57523380265504720, -4.376242903651783145, 6.715433742851376842 ) ) ;
#3797 = DIRECTION ( 'NONE',  ( 0.000000000000000000, 0.000000000000000000, 1.000000000000000000 ) ) ;
#3798 = SURFACE_STYLE_FILL_AREA ( #4191 ) ;
#3799 = CARTESIAN_POINT ( 'NONE',  ( -5.859999999999999432, 6.157142194232649857, 3.000000000000000000 ) ) ;
#3800 = CARTESIAN_POINT ( 'NONE',  ( -10.57523380265505253, 4.376242903651786698, 6.715433742851407040 ) ) ;
#3801 = ORIENTED_EDGE ( 'NONE', *, *, #2185, .T. ) ;
#3802 = LINE ( 'NONE', #1626, #1266 ) ;
#3803 = VECTOR ( 'NONE', #67, 1000.000000000000000 ) ;
#3804 = CARTESIAN_POINT ( 'NONE',  ( 6.691152953875557863, 5.889105208036556682, -0.1927057494108407043 ) ) ;
#3805 = AXIS2_PLACEMENT_3D ( 'NONE', #1599, #573, #2916 ) ;
#3806 = DIRECTION ( 'NONE',  ( 0.000000000000000000, 0.000000000000000000, 1.000000000000000000 ) ) ;
#3807 = EDGE_CURVE ( 'NONE', #4174, #2527, #1681, .T. ) ;
#3808 = CARTESIAN_POINT ( 'NONE',  ( 11.50000000000000000, -2.250000000000000000, 28.00000000000000000 ) ) ;
#3809 = EDGE_LOOP ( 'NONE', ( #325, #1060, #8, #1584, #3419 ) ) ;
#3810 = APPLICATION_CONTEXT ( 'automotive_design' ) ;
#3811 = ORIENTED_EDGE ( 'NONE', *, *, #2290, .T. ) ;
#3812 = VECTOR ( 'NONE', #700, 1000.000000000000000 ) ;
#3813 = CARTESIAN_POINT ( 'NONE',  ( 10.73213150326320076, 5.500000000000000000, 6.000000000000000000 ) ) ;
#3814 = ADVANCED_FACE ( 'NONE', ( #3670 ), #717, .F. ) ;
#3815 = FACE_BOUND ( 'NONE', #3748, .T. ) ;
#3816 = ORIENTED_EDGE ( 'NONE', *, *, #2388, .F. ) ;
#3817 = VECTOR ( 'NONE', #1118, 1000.000000000000000 ) ;
#3818 = CARTESIAN_POINT ( 'NONE',  ( -9.599999999999999645, 4.250000000000000000, 50.00000000000000711 ) ) ;
#3819 = ORIENTED_EDGE ( 'NONE', *, *, #2279, .F. ) ;
#3820 = VECTOR ( 'NONE', #3421, 1000.000000000000000 ) ;
#3821 = CARTESIAN_POINT ( 'NONE',  ( 0.000000000000000000, 20.29999999999999716, 10.00000000000000000 ) ) ;
#3822 = CARTESIAN_POINT ( 'NONE',  ( 3.250000000000000000, 3.980102097228895273E-16, 50.00000000000000000 ) ) ;
#3823 = VECTOR ( 'NONE', #417, 1000.000000000000000 ) ;
#3824 = CARTESIAN_POINT ( 'NONE',  ( -10.50000000000000000, -18.50000000000000000, 10.00000000000000000 ) ) ;
#3825 = DIRECTION ( 'NONE',  ( -8.587739980083199972E-17, -1.000000000000000000, 0.000000000000000000 ) ) ;
#3826 = VERTEX_POINT ( 'NONE', #1703 ) ;
#3827 = CARTESIAN_POINT ( 'NONE',  ( 10.50000000000000000, 18.50000000000000000, 10.00000000000000000 ) ) ;
#3828 = ADVANCED_FACE ( 'NONE', ( #651 ), #351, .F. ) ;
#3829 = DIRECTION ( 'NONE',  ( 0.5574341878840192166, 0.8302211308910921739, -0.000000000000000000 ) ) ;
#3830 = DIRECTION ( 'NONE',  ( 0.000000000000000000, 1.000000000000000000, 0.000000000000000000 ) ) ;
#3831 = ORIENTED_EDGE ( 'NONE', *, *, #3689, .F. ) ;
#3832 = ORIENTED_EDGE ( 'NONE', *, *, #2176, .F. ) ;
#3833 = ADVANCED_FACE ( 'NONE', ( #2974 ), #34, .F. ) ;
#3834 = CARTESIAN_POINT ( 'NONE',  ( 3.289756829919200154, 18.50000000000000000, 10.00000000000000000 ) ) ;
#3835 = DIRECTION ( 'NONE',  ( -1.245367360287403862E-16, 0.000000000000000000, -1.000000000000000000 ) ) ;
#3836 = ORIENTED_EDGE ( 'NONE', *, *, #678, .F. ) ;
#3837 = PLANE ( 'NONE',  #2614 ) ;
#3838 = ORIENTED_EDGE ( 'NONE', *, *, #3967, .T. ) ;
#3839 = EDGE_CURVE ( 'NONE', #1843, #2201, #1525, .T. ) ;
#3840 = VECTOR ( 'NONE', #1229, 1000.000000000000114 ) ;
#3841 = LINE ( 'NONE', #2849, #4230 ) ;
#3842 = CARTESIAN_POINT ( 'NONE',  ( -7.069290065894483277, -4.782749654522737259, 0.1157129500644069331 ) ) ;
#3843 = CIRCLE ( 'NONE', #3909, 9.000000000000000000 ) ;
#3844 = ADVANCED_FACE ( 'NONE', ( #2798 ), #1166, .F. ) ;
#3845 = CARTESIAN_POINT ( 'NONE',  ( -7.055028863459309463, -13.89999999999999858, 0.5168231408637700142 ) ) ;
#3846 = AXIS2_PLACEMENT_3D ( 'NONE', #4178, #2607, #3868 ) ;
#3847 = LINE ( 'NONE', #1907, #3296 ) ;
#3848 = VERTEX_POINT ( 'NONE', #1482 ) ;
#3849 = CARTESIAN_POINT ( 'NONE',  ( -5.859999999999999432, 17.30000000000000071, 3.000000000000000000 ) ) ;
#3850 = DIRECTION ( 'NONE',  ( 0.000000000000000000, -1.000000000000000000, 0.000000000000000000 ) ) ;
#3851 = LINE ( 'NONE', #2947, #3436 ) ;
#3852 = DIRECTION ( 'NONE',  ( 7.885106708985490266E-17, 1.000000000000000000, 0.000000000000000000 ) ) ;
#3853 = ORIENTED_EDGE ( 'NONE', *, *, #1186, .F. ) ;
#3854 = ORIENTED_EDGE ( 'NONE', *, *, #1803, .T. ) ;
#3855 = CARTESIAN_POINT ( 'NONE',  ( 9.599999999999999645, 4.250000000000000000, 25.36324062531295809 ) ) ;
#3856 = CARTESIAN_POINT ( 'NONE',  ( -5.859999999999999432, 17.30000000000000071, 3.000000000000000000 ) ) ;
#3857 = ORIENTED_EDGE ( 'NONE', *, *, #866, .F. ) ;
#3858 = CYLINDRICAL_SURFACE ( 'NONE', #1783, 0.2999999999999999334 ) ;
#3859 = ORIENTED_EDGE ( 'NONE', *, *, #319, .F. ) ;
#3860 = CARTESIAN_POINT ( 'NONE',  ( 9.599999999999999645, 4.250000000000000000, 33.00000000000000000 ) ) ;
#3861 = CARTESIAN_POINT ( 'NONE',  ( 7.081449110609374209, -4.701403355904047565, 0.4507087365103144005 ) ) ;
#3862 = EDGE_CURVE ( 'NONE', #1422, #326, #155, .T. ) ;
#3863 = DIRECTION ( 'NONE',  ( 0.000000000000000000, 0.000000000000000000, 1.000000000000000000 ) ) ;
#3864 = EDGE_CURVE ( 'NONE', #2112, #394, #2756, .T. ) ;
#3865 = CARTESIAN_POINT ( 'NONE',  ( 7.021743700800426424, -4.935435187805752300, 0.02450878398107788139 ) ) ;
#3866 = EDGE_LOOP ( 'NONE', ( #1108, #2134, #3317, #2429 ) ) ;
#3867 = FACE_OUTER_BOUND ( 'NONE', #1569, .T. ) ;
#3868 = DIRECTION ( 'NONE',  ( 0.000000000000000000, 0.000000000000000000, -1.000000000000000000 ) ) ;
#3869 = DIRECTION ( 'NONE',  ( 0.000000000000000000, -1.000000000000000000, 0.000000000000000000 ) ) ;
#3870 = ORIENTED_EDGE ( 'NONE', *, *, #3350, .F. ) ;
#3871 = VERTEX_POINT ( 'NONE', #2837 ) ;
#3872 = AXIS2_PLACEMENT_3D ( 'NONE', #1910, #3226, #2900 ) ;
#3873 = DIRECTION ( 'NONE',  ( -1.000000000000000000, 0.000000000000000000, 0.000000000000000000 ) ) ;
#3874 = LINE ( 'NONE', #607, #4033 ) ;
#3875 = VERTEX_POINT ( 'NONE', #2192 ) ;
#3876 = CARTESIAN_POINT ( 'NONE',  ( -7.081449110608114772, 4.701403355905933168, 0.4507087365129593404 ) ) ;
#3877 = ORIENTED_EDGE ( 'NONE', *, *, #1832, .T. ) ;
#3878 = CIRCLE ( 'NONE', #3333, 0.2999999999999999334 ) ;
#3879 = EDGE_CURVE ( 'NONE', #451, #3316, #2542, .T. ) ;
#3880 = CARTESIAN_POINT ( 'NONE',  ( 11.11051126243938114, 2.000302375090279750, 1.663937205019580423 ) ) ;
#3881 = VECTOR ( 'NONE', #849, 1000.000000000000000 ) ;
#3882 = CARTESIAN_POINT ( 'NONE',  ( -11.50000000000000000, -2.250000000000000000, 26.25000000000000000 ) ) ;
#3883 = AXIS2_PLACEMENT_3D ( 'NONE', #826, #2086, #3426 ) ;
#3884 = EDGE_CURVE ( 'NONE', #1121, #2527, #133, .T. ) ;
#3885 = DIRECTION ( 'NONE',  ( -1.000000000000000000, 0.000000000000000000, -1.849521353063507680E-16 ) ) ;
#3886 = CARTESIAN_POINT ( 'NONE',  ( 6.785571628374828634, 5.633547156073060336, -0.1672515577152747235 ) ) ;
#3887 = AXIS2_PLACEMENT_3D ( 'NONE', #3390, #4039, #3658 ) ;
#3888 = CARTESIAN_POINT ( 'NONE',  ( 6.875632855195279447, -5.377816063038507011, -0.1205771709836507694 ) ) ;
#3889 = ORIENTED_EDGE ( 'NONE', *, *, #1155, .F. ) ;
#3890 = VECTOR ( 'NONE', #3015, 1000.000000000000000 ) ;
#3891 = EDGE_CURVE ( 'NONE', #2800, #1533, #881, .T. ) ;
#3892 = CARTESIAN_POINT ( 'NONE',  ( 6.604487272054069713, 17.30000000000000071, 0.2999999999999999889 ) ) ;
#3893 = DIRECTION ( 'NONE',  ( 0.000000000000000000, 1.000000000000000000, 0.000000000000000000 ) ) ;
#3894 = CARTESIAN_POINT ( 'NONE',  ( 11.50000000000000000, 12.75000000000000000, 5.000000000000000000 ) ) ;
#3895 = ORIENTED_EDGE ( 'NONE', *, *, #3205, .T. ) ;
#3896 = ORIENTED_EDGE ( 'NONE', *, *, #731, .T. ) ;
#3897 = PLANE ( 'NONE',  #3613 ) ;
#3898 = FACE_OUTER_BOUND ( 'NONE', #3511, .T. ) ;
#3899 = ORIENTED_EDGE ( 'NONE', *, *, #3513, .F. ) ;
#3900 = CARTESIAN_POINT ( 'NONE',  ( 7.021564347915039583, 1.449999999999999956, 30.00000000000000000 ) ) ;
#3901 = EDGE_LOOP ( 'NONE', ( #1835, #4044, #4158, #4070 ) ) ;
#3902 = CARTESIAN_POINT ( 'NONE',  ( 11.95000000000000107, 0.7500000000000000000, 1.781304612113787655 ) ) ;
#3903 = CARTESIAN_POINT ( 'NONE',  ( 7.055028863459309463, -4.740945869313009986, 0.5168231408637720126 ) ) ;
#3904 = EDGE_LOOP ( 'NONE', ( #2222, #4119, #3703, #972, #796, #3169 ) ) ;
#3905 = APPLICATION_PROTOCOL_DEFINITION ( 'draft international standard', 'automotive_design', 1998, #3810 ) ;
#3906 = AXIS2_PLACEMENT_3D ( 'NONE', #4243, #2608, #3914 ) ;
#3907 = DIRECTION ( 'NONE',  ( 0.000000000000000000, 1.000000000000000000, 0.000000000000000000 ) ) ;
#3908 = CARTESIAN_POINT ( 'NONE',  ( 7.016599345041590219, 4.951683693088155813, 0.01685649629344269582 ) ) ;
#3909 = AXIS2_PLACEMENT_3D ( 'NONE', #597, #2832, #557 ) ;
#3910 = LINE ( 'NONE', #1601, #1169 ) ;
#3911 = ADVANCED_FACE ( 'NONE', ( #3145, #2475 ), #839, .T. ) ;
#3912 = DIRECTION ( 'NONE',  ( 1.849736814544524867E-16, 0.000000000000000000, -1.000000000000000000 ) ) ;
#3913 = CARTESIAN_POINT ( 'NONE',  ( 7.104379386497941873, 4.666668358831641328, 0.3757211837389328180 ) ) ;
#3914 = DIRECTION ( 'NONE',  ( -1.000000000000000000, -4.081702296416015011E-16, 0.000000000000000000 ) ) ;
#3915 = ORIENTED_EDGE ( 'NONE', *, *, #859, .T. ) ;
#3916 = EDGE_CURVE ( 'NONE', #1834, #3232, #2748, .T. ) ;
#3917 = VERTEX_POINT ( 'NONE', #1119 ) ;
#3918 = LINE ( 'NONE', #2003, #4163 ) ;
#3919 = CARTESIAN_POINT ( 'NONE',  ( -3.289756829919200154, 18.50000000000000000, 6.000000000000000000 ) ) ;
#3920 = ORIENTED_EDGE ( 'NONE', *, *, #1244, .T. ) ;
#3921 = CARTESIAN_POINT ( 'NONE',  ( 6.604487272054069713, -13.89999999999999858, 0.3000000000000074829 ) ) ;
#3922 = EDGE_CURVE ( 'NONE', #3848, #3065, #3924, .T. ) ;
#3923 = ORIENTED_EDGE ( 'NONE', *, *, #3689, .T. ) ;
#3924 =( BOUNDED_CURVE ( )  B_SPLINE_CURVE ( 3, ( #2427, #2819, #4135, #1438 ),
 .UNSPECIFIED., .F., .T. ) 
 B_SPLINE_CURVE_WITH_KNOTS ( ( 4, 4 ),
 ( 4.087983070410304620, 4.851296801330325259 ),
 .UNSPECIFIED. ) 
 CURVE ( )  GEOMETRIC_REPRESENTATION_ITEM ( )  RATIONAL_B_SPLINE_CURVE ( ( 1.000000000000000000, 0.9520325305715081621, 0.9520325305715081621, 1.000000000000000000 ) ) 
 REPRESENTATION_ITEM ( '' )  );
#3925 = CARTESIAN_POINT ( 'NONE',  ( -11.50000000000000000, 4.250000000000000000, 28.00000000000000000 ) ) ;
#3926 = CARTESIAN_POINT ( 'NONE',  ( -7.053657039314579436, -4.833473066292302001, 0.08016904802933169649 ) ) ;
#3927 = ORIENTED_EDGE ( 'NONE', *, *, #1882, .T. ) ;
#3928 = DIRECTION ( 'NONE',  ( 0.000000000000000000, 0.000000000000000000, -1.000000000000000000 ) ) ;
#3929 = CARTESIAN_POINT ( 'NONE',  ( 6.919773490883136091, 5.248578626958507520, -0.08954010229913117458 ) ) ;
#3930 = CARTESIAN_POINT ( 'NONE',  ( 6.943005691141596714, -5.178317291253346610, -0.06820124268664527756 ) ) ;
#3931 = CARTESIAN_POINT ( 'NONE',  ( 9.599999999999999645, 4.250000000000000000, 50.00000000000000711 ) ) ;
#3932 = EDGE_CURVE ( 'NONE', #2579, #2211, #3711, .T. ) ;
#3933 = PLANE ( 'NONE',  #3780 ) ;
#3934 = CARTESIAN_POINT ( 'NONE',  ( -7.055028863459309463, -4.740945869313009986, 0.5168231408637700142 ) ) ;
#3935 = ORIENTED_EDGE ( 'NONE', *, *, #1667, .T. ) ;
#3936 = EDGE_LOOP ( 'NONE', ( #3859, #4037, #3995, #284 ) ) ;
#3937 = EDGE_CURVE ( 'NONE', #3734, #2052, #1785, .T. ) ;
#3938 = DIRECTION ( 'NONE',  ( 0.000000000000000000, 1.000000000000000000, 0.000000000000000000 ) ) ;
#3939 = DIRECTION ( 'NONE',  ( 1.000000000000000000, 0.000000000000000000, 0.000000000000000000 ) ) ;
#3940 = ORIENTED_EDGE ( 'NONE', *, *, #191, .T. ) ;
#3941 = CARTESIAN_POINT ( 'NONE',  ( 14.75000000000000000, 0.7500000000000000000, 5.000000000000000000 ) ) ;
#3942 = ORIENTED_EDGE ( 'NONE', *, *, #1815, .F. ) ;
#3943 = AXIS2_PLACEMENT_3D ( 'NONE', #2322, #3334, #750 ) ;
#3944 = EDGE_CURVE ( 'NONE', #2391, #4206, #2774, .T. ) ;
#3945 = DIRECTION ( 'NONE',  ( -0.5734623443633282136, 0.000000000000000000, -0.8192319205190404796 ) ) ;
#3946 = CARTESIAN_POINT ( 'NONE',  ( -3.289756829919200154, 18.50000000000000000, 10.00000000000000000 ) ) ;
#3947 = ORIENTED_EDGE ( 'NONE', *, *, #2260, .T. ) ;
#3948 = APPLICATION_PROTOCOL_DEFINITION ( 'draft international standard', 'automotive_design', 1998, #1909 ) ;
#3949 = VECTOR ( 'NONE', #899, 1000.000000000000000 ) ;
#3950 = DIRECTION ( 'NONE',  ( 0.000000000000000000, 1.000000000000000000, 0.000000000000000000 ) ) ;
#3951 = DIRECTION ( 'NONE',  ( 1.000000000000000000, 8.587739980083199972E-17, 0.000000000000000000 ) ) ;
#3952 = FACE_OUTER_BOUND ( 'NONE', #2406, .T. ) ;
#3953 = VECTOR ( 'NONE', #1740, 1000.000000000000000 ) ;
#3954 = DIRECTION ( 'NONE',  ( 1.000000000000000000, 0.000000000000000000, 0.000000000000000000 ) ) ;
#3955 = CIRCLE ( 'NONE', #2789, 2.160000000000000142 ) ;
#3956 = CARTESIAN_POINT ( 'NONE',  ( -10.50000000000000000, -4.330127018922190985, 8.142135623730919036 ) ) ;
#3957 = CARTESIAN_POINT ( 'NONE',  ( 14.75000000000000000, 0.7500000000000000000, 28.00000000000000000 ) ) ;
#3958 = ORIENTED_EDGE ( 'NONE', *, *, #2738, .T. ) ;
#3959 = VERTEX_POINT ( 'NONE', #3422 ) ;
#3960 = AXIS2_PLACEMENT_3D ( 'NONE', #3754, #3130, #2414 ) ;
#3961 = CARTESIAN_POINT ( 'NONE',  ( -6.893116974044970036, 5.326623618670451421, -0.1082823182355667213 ) ) ;
#3962 = AXIS2_PLACEMENT_3D ( 'NONE', #71, #1377, #1739 ) ;
#3963 = CARTESIAN_POINT ( 'NONE',  ( 0.000000000000000000, 0.000000000000000000, 10.00000000000000000 ) ) ;
#3964 = ORIENTED_EDGE ( 'NONE', *, *, #3556, .F. ) ;
#3965 = DIRECTION ( 'NONE',  ( 1.224646799147353207E-16, 1.000000000000000000, 0.000000000000000000 ) ) ;
#3966 = ORIENTED_EDGE ( 'NONE', *, *, #2835, .T. ) ;
#3967 = EDGE_CURVE ( 'NONE', #3078, #2640, #472, .T. ) ;
#3968 = CARTESIAN_POINT ( 'NONE',  ( 5.860000000000001208, -13.39999999999999680, 2.999999999999984457 ) ) ;
#3969 = DIRECTION ( 'NONE',  ( 0.000000000000000000, 0.000000000000000000, -1.000000000000000000 ) ) ;
#3970 = PRODUCT_CONTEXT ( 'NONE', #3810, 'mechanical' ) ;
#3971 = VERTEX_POINT ( 'NONE', #3767 ) ;
#3972 = ADVANCED_FACE ( 'NONE', ( #820 ), #2127, .T. ) ;
#3973 = DIRECTION ( 'NONE',  ( 1.000000000000000000, 0.000000000000000000, 0.000000000000000000 ) ) ;
#3974 = CARTESIAN_POINT ( 'NONE',  ( -6.440804985062399979E-17, 0.7500000000000000000, 33.00000000000000000 ) ) ;
#3975 = CARTESIAN_POINT ( 'NONE',  ( 6.954230040630760890, -5.144308980364739270, -0.05748550219759881313 ) ) ;
#3976 = ADVANCED_FACE ( 'NONE', ( #3123 ), #2559, .T. ) ;
#3977 = FACE_OUTER_BOUND ( 'NONE', #815, .T. ) ;
#3978 = AXIS2_PLACEMENT_3D ( 'NONE', #1871, #260, #3146 ) ;
#3979 = CARTESIAN_POINT ( 'NONE',  ( 11.95000000000000107, 0.7500000000000000000, 33.00000000000000000 ) ) ;
#3980 = DIRECTION ( 'NONE',  ( 1.000000000000000000, 0.000000000000000000, 0.000000000000000000 ) ) ;
#3981 = ORIENTED_EDGE ( 'NONE', *, *, #1711, .F. ) ;
#3982 = ORIENTED_EDGE ( 'NONE', *, *, #4241, .F. ) ;
#3983 = AXIS2_PLACEMENT_3D ( 'NONE', #3245, #686, #1353 ) ;
#3984 = CARTESIAN_POINT ( 'NONE',  ( 10.50000000000000000, -4.330127018922195425, 10.00000000000000000 ) ) ;
#3985 = VECTOR ( 'NONE', #2106, 1000.000000000000000 ) ;
#3986 = FACE_OUTER_BOUND ( 'NONE', #2268, .T. ) ;
#3987 = ORIENTED_EDGE ( 'NONE', *, *, #2460, .F. ) ;
#3988 = DIRECTION ( 'NONE',  ( 0.000000000000000000, 0.000000000000000000, -1.000000000000000000 ) ) ;
#3989 = ORIENTED_EDGE ( 'NONE', *, *, #1906, .T. ) ;
#3990 =( GEOMETRIC_REPRESENTATION_CONTEXT ( 3 ) GLOBAL_UNCERTAINTY_ASSIGNED_CONTEXT ( ( #1519 ) ) GLOBAL_UNIT_ASSIGNED_CONTEXT ( ( #3779, #897, #1561 ) ) REPRESENTATION_CONTEXT ( 'NONE', 'WORKASPACE' ) );
#3991 = FACE_OUTER_BOUND ( 'NONE', #3489, .T. ) ;
#3992 = EDGE_CURVE ( 'NONE', #1981, #3555, #736, .T. ) ;
#3993 = CARTESIAN_POINT ( 'NONE',  ( -7.021564347915049353, 1.449999999999999956, 30.00000000000000000 ) ) ;
#3994 = VERTEX_POINT ( 'NONE', #1628 ) ;
#3995 = ORIENTED_EDGE ( 'NONE', *, *, #3318, .T. ) ;
#3996 = PLANE ( 'NONE',  #2712 ) ;
#3997 = EDGE_CURVE ( 'NONE', #3147, #1589, #4122, .T. ) ;
#3998 = DIRECTION ( 'NONE',  ( 0.000000000000000000, 1.000000000000000000, 0.000000000000000000 ) ) ;
#3999 = LINE ( 'NONE', #4017, #72 ) ;
#4000 = CARTESIAN_POINT ( 'NONE',  ( -9.600000000000001421, 4.250000000000000000, 33.00000000000000000 ) ) ;
#4001 = ADVANCED_FACE ( 'NONE', ( #1911 ), #1586, .T. ) ;
#4002 = CARTESIAN_POINT ( 'NONE',  ( 5.859999999999999432, 17.30000000000000071, 6.000000000000000000 ) ) ;
#4003 = VERTEX_POINT ( 'NONE', #2280 ) ;
#4004 = VERTEX_POINT ( 'NONE', #947 ) ;
#4005 = CARTESIAN_POINT ( 'NONE',  ( -11.95000000000000107, 0.7500000000000000000, 24.78130461211380009 ) ) ;
#4006 = LINE ( 'NONE', #3624, #456 ) ;
#4007 = ORIENTED_EDGE ( 'NONE', *, *, #1445, .T. ) ;
#4008 = ORIENTED_EDGE ( 'NONE', *, *, #2488, .F. ) ;
#4009 = CARTESIAN_POINT ( 'NONE',  ( -7.500000000000000000, 17.30000000000000071, 6.000000000000000000 ) ) ;
#4010 = CARTESIAN_POINT ( 'NONE',  ( 33.50000000000000000, 5.500000000000000000, 6.000000000000000000 ) ) ;
#4011 = ORIENTED_EDGE ( 'NONE', *, *, #3753, .F. ) ;
#4012 = ORIENTED_EDGE ( 'NONE', *, *, #2087, .T. ) ;
#4013 = EDGE_CURVE ( 'NONE', #3764, #4064, #1955, .T. ) ;
#4014 = FACE_OUTER_BOUND ( 'NONE', #2386, .T. ) ;
#4015 = VECTOR ( 'NONE', #424, 1000.000000000000000 ) ;
#4016 = CYLINDRICAL_SURFACE ( 'NONE', #114, 1.749999999999999778 ) ;
#4017 = CARTESIAN_POINT ( 'NONE',  ( 13.42893218813449963, -5.500000000000000000, 1.071067811865487940 ) ) ;
#4018 = ADVANCED_BREP_SHAPE_REPRESENTATION ( '', ( #2029, #830 ), #3438 ) ;
#4019 = CONICAL_SURFACE ( 'NONE', #310, 2.160000000000000142, 0.7853981633974476129 ) ;
#4020 = EDGE_CURVE ( 'NONE', #2239, #1631, #3851, .T. ) ;
#4021 = LINE ( 'NONE', #3050, #373 ) ;
#4022 = AXIS2_PLACEMENT_3D ( 'NONE', #2030, #1989, #374 ) ;
#4023 = DIRECTION ( 'NONE',  ( 1.000000000000000000, 0.000000000000000000, 0.000000000000000000 ) ) ;
#4024 = ORIENTED_EDGE ( 'NONE', *, *, #2260, .F. ) ;
#4025 = ORIENTED_EDGE ( 'NONE', *, *, #465, .F. ) ;
#4026 = EDGE_CURVE ( 'NONE', #1795, #1461, #625, .T. ) ;
#4027 = CIRCLE ( 'NONE', #1476, 10.00000000000000000 ) ;
#4028 = CARTESIAN_POINT ( 'NONE',  ( 8.250000000000000000, -2.250000000000000000, 28.00000000000000000 ) ) ;
#4029 = LINE ( 'NONE', #3768, #1841 ) ;
#4030 = VERTEX_POINT ( 'NONE', #2237 ) ;
#4031 = VECTOR ( 'NONE', #3022, 1000.000000000000000 ) ;
#4032 = ORIENTED_EDGE ( 'NONE', *, *, #2267, .F. ) ;
#4033 = VECTOR ( 'NONE', #3835, 1000.000000000000000 ) ;
#4034 = FACE_OUTER_BOUND ( 'NONE', #2051, .T. ) ;
#4035 = CARTESIAN_POINT ( 'NONE',  ( 7.055028863459309463, -4.740945869313009986, 0.5168231408637720126 ) ) ;
#4036 = ORIENTED_EDGE ( 'NONE', *, *, #3361, .T. ) ;
#4037 = ORIENTED_EDGE ( 'NONE', *, *, #3513, .T. ) ;
#4038 = CARTESIAN_POINT ( 'NONE',  ( -20.50000000000000000, 5.500000000000000000, 8.142135623730919036 ) ) ;
#4039 = DIRECTION ( 'NONE',  ( 0.000000000000000000, -1.000000000000000000, 0.000000000000000000 ) ) ;
#4040 = CARTESIAN_POINT ( 'NONE',  ( 9.599999999999999645, 4.250000000000000000, 50.00000000000000711 ) ) ;
#4041 = EDGE_CURVE ( 'NONE', #2112, #3875, #3185, .T. ) ;
#4042 = FACE_OUTER_BOUND ( 'NONE', #2666, .T. ) ;
#4043 = ORIENTED_EDGE ( 'NONE', *, *, #3410, .T. ) ;
#4044 = ORIENTED_EDGE ( 'NONE', *, *, #4145, .F. ) ;
#4045 = VECTOR ( 'NONE', #561, 1000.000000000000114 ) ;
#4046 = CARTESIAN_POINT ( 'NONE',  ( 10.50000000000000000, 18.50000000000000000, 4.000000000000000000 ) ) ;
#4047 = EDGE_CURVE ( 'NONE', #3353, #1230, #1786, .T. ) ;
#4048 = CARTESIAN_POINT ( 'NONE',  ( -6.478435652084960417, 4.250000000000000000, 30.00000000000000000 ) ) ;
#4049 = VERTEX_POINT ( 'NONE', #240 ) ;
#4050 = CIRCLE ( 'NONE', #2053, 8.500000000000000000 ) ;
#4051 = ORIENTED_EDGE ( 'NONE', *, *, #1775, .T. ) ;
#4052 = AXIS2_PLACEMENT_3D ( 'NONE', #2006, #3965, #996 ) ;
#4053 = DIRECTION ( 'NONE',  ( -0.5734623443633289908, 0.000000000000000000, 0.8192319205190400355 ) ) ;
#4054 = EDGE_CURVE ( 'NONE', #627, #3077, #1313, .T. ) ;
#4055 = CARTESIAN_POINT ( 'NONE',  ( 10.50000000000000000, 0.000000000000000000, 10.00000000000000000 ) ) ;
#4056 = VERTEX_POINT ( 'NONE', #1228 ) ;
#4057 = ORIENTED_EDGE ( 'NONE', *, *, #3108, .T. ) ;
#4058 = AXIS2_PLACEMENT_3D ( 'NONE', #1112, #1774, #3314 ) ;
#4059 = FACE_OUTER_BOUND ( 'NONE', #2833, .T. ) ;
#4060 = CARTESIAN_POINT ( 'NONE',  ( -6.812568034500503522, -5.557621689315477731, -0.1552780213730655945 ) ) ;
#4061 = CARTESIAN_POINT ( 'NONE',  ( -14.75000000000000000, -2.250000000000000000, 5.000000000000000000 ) ) ;
#4062 = DIRECTION ( 'NONE',  ( -0.000000000000000000, -0.000000000000000000, -1.000000000000000000 ) ) ;
#4063 = DIRECTION ( 'NONE',  ( 0.000000000000000000, -1.000000000000000000, 0.000000000000000000 ) ) ;
#4064 = VERTEX_POINT ( 'NONE', #1546 ) ;
#4065 = CARTESIAN_POINT ( 'NONE',  ( 11.95000000000000107, 0.7500000000000000000, 33.00000000000000000 ) ) ;
#4066 = EDGE_CURVE ( 'NONE', #2411, #4030, #1932, .T. ) ;
#4067 = CARTESIAN_POINT ( 'NONE',  ( 5.859999999999999432, -13.89999999999999858, 3.000000000000000000 ) ) ;
#4068 = CARTESIAN_POINT ( 'NONE',  ( -6.478435652084960417, 3.950000000000000178, 0.000000000000000000 ) ) ;
#4069 = DIRECTION ( 'NONE',  ( 0.000000000000000000, 1.000000000000000000, 0.000000000000000000 ) ) ;
#4070 = ORIENTED_EDGE ( 'NONE', *, *, #1667, .F. ) ;
#4071 = ORIENTED_EDGE ( 'NONE', *, *, #2366, .F. ) ;
#4072 = ADVANCED_FACE ( 'NONE', ( #2627 ), #3933, .F. ) ;
#4073 = LINE ( 'NONE', #845, #2509 ) ;
#4074 = DIRECTION ( 'NONE',  ( 1.334402673828311860E-16, 1.000000000000000000, 0.000000000000000000 ) ) ;
#4075 = ORIENTED_EDGE ( 'NONE', *, *, #1623, .F. ) ;
#4076 = VERTEX_POINT ( 'NONE', #2585 ) ;
#4077 = EDGE_CURVE ( 'NONE', #627, #2391, #2545, .T. ) ;
#4078 = CARTESIAN_POINT ( 'NONE',  ( -10.50000000000000000, -5.500000000000000000, 4.000000000000000000 ) ) ;
#4079 = CARTESIAN_POINT ( 'NONE',  ( -6.871474533049148903, -5.389538592692521668, -0.1227352439704332276 ) ) ;
#4080 = CARTESIAN_POINT ( 'NONE',  ( -13.50000000000000000, -5.500000000000000000, 0.9999999999999701350 ) ) ;
#4081 = AXIS2_PLACEMENT_3D ( 'NONE', #3614, #3571, #946 ) ;
#4082 = DIRECTION ( 'NONE',  ( -1.000000000000000000, -4.081702296416015011E-16, 0.000000000000000000 ) ) ;
#4083 = CARTESIAN_POINT ( 'NONE',  ( -6.870000000000000107, -26.12999999999999545, 6.000000000000000000 ) ) ;
#4084 = EDGE_LOOP ( 'NONE', ( #2840, #795, #2997, #376 ) ) ;
#4085 = VECTOR ( 'NONE', #1582, 1000.000000000000000 ) ;
#4086 = EDGE_LOOP ( 'NONE', ( #3344, #3940, #4032, #3215, #3210, #3454 ) ) ;
#4087 = VECTOR ( 'NONE', #1179, 1000.000000000000000 ) ;
#4088 = LINE ( 'NONE', #3706, #3820 ) ;
#4089 = CARTESIAN_POINT ( 'NONE',  ( 10.50000000000000000, 18.50000000000000000, 8.142135623730929694 ) ) ;
#4090 = CARTESIAN_POINT ( 'NONE',  ( 5.859999999999999432, -13.39999999999999858, 3.000000000000000000 ) ) ;
#4091 = ORIENTED_EDGE ( 'NONE', *, *, #1598, .F. ) ;
#4092 = ORIENTED_EDGE ( 'NONE', *, *, #2311, .F. ) ;
#4093 = VECTOR ( 'NONE', #3873, 1000.000000000000000 ) ;
#4094 = DIRECTION ( 'NONE',  ( 0.6980844347081632817, -0.6980844347081632817, -0.1592364406672298061 ) ) ;
#4095 = VECTOR ( 'NONE', #2818, 1000.000000000000000 ) ;
#4096 = FACE_OUTER_BOUND ( 'NONE', #2839, .T. ) ;
#4097 = ORIENTED_EDGE ( 'NONE', *, *, #365, .F. ) ;
#4098 = EDGE_CURVE ( 'NONE', #2968, #1061, #904, .T. ) ;
#4099 = DIRECTION ( 'NONE',  ( -1.837120347822659688E-16, 0.000000000000000000, 1.000000000000000000 ) ) ;
#4100 = ORIENTED_EDGE ( 'NONE', *, *, #4105, .T. ) ;
#4101 = AXIS2_PLACEMENT_3D ( 'NONE', #1194, #3581, #565 ) ;
#4102 = CARTESIAN_POINT ( 'NONE',  ( 10.50003772136045654, -4.330148797359806956, 7.429478950761684075 ) ) ;
#4103 = CARTESIAN_POINT ( 'NONE',  ( -6.619418755212677752, -6.075854876579817265, -0.2000000000000012601 ) ) ;
#4104 = CARTESIAN_POINT ( 'NONE',  ( 10.50000000000000000, 5.500000000000000000, 4.000000000000000000 ) ) ;
#4105 = EDGE_CURVE ( 'NONE', #450, #2484, #2539, .T. ) ;
#4106 = CARTESIAN_POINT ( 'NONE',  ( 13.50000000000000000, -5.500000000000000000, 0.000000000000000000 ) ) ;
#4107 = UNCERTAINTY_MEASURE_WITH_UNIT (LENGTH_MEASURE( 1.000000000000000082E-05 ), #3071, 'distance_accuracy_value', 'NONE');
#4108 = ADVANCED_FACE ( 'NONE', ( #1891 ), #560, .F. ) ;
#4109 = DIRECTION ( 'NONE',  ( 0.000000000000000000, 0.000000000000000000, 1.000000000000000000 ) ) ;
#4110 = VERTEX_POINT ( 'NONE', #443 ) ;
#4111 = DIRECTION ( 'NONE',  ( 0.000000000000000000, 0.000000000000000000, 1.000000000000000000 ) ) ;
#4112 = CARTESIAN_POINT ( 'NONE',  ( 7.500000000000000000, -25.50000000000000000, 6.000000000000000000 ) ) ;
#4113 = DIRECTION ( 'NONE',  ( -0.7071067811865475727, 0.7071067811865475727, 0.000000000000000000 ) ) ;
#4114 = VERTEX_POINT ( 'NONE', #3760 ) ;
#4115 = EDGE_LOOP ( 'NONE', ( #130, #2973, #2988, #1211 ) ) ;
#4116 = DIRECTION ( 'NONE',  ( 0.000000000000000000, 1.000000000000000000, 0.000000000000000000 ) ) ;
#4117 = AXIS2_PLACEMENT_3D ( 'NONE', #2898, #4147, #276 ) ;
#4118 = DIRECTION ( 'NONE',  ( -1.000000000000000000, 0.000000000000000000, 0.000000000000000000 ) ) ;
#4119 = ORIENTED_EDGE ( 'NONE', *, *, #1888, .T. ) ;
#4120 = LINE ( 'NONE', #871, #2468 ) ;
#4121 = ORIENTED_EDGE ( 'NONE', *, *, #1735, .F. ) ;
#4122 = CIRCLE ( 'NONE', #2056, 1.118033988749895347 ) ;
#4123 = EDGE_CURVE ( 'NONE', #2123, #56, #1852, .T. ) ;
#4124 = DIRECTION ( 'NONE',  ( -1.000000000000000000, 0.000000000000000000, -1.849736814544524867E-16 ) ) ;
#4125 =( NAMED_UNIT ( * ) SI_UNIT ( $, .STERADIAN. ) SOLID_ANGLE_UNIT ( ) );
#4126 = STYLED_ITEM ( 'NONE', ( #1904 ), #4018 ) ;
#4127 = VECTOR ( 'NONE', #2016, 1000.000000000000000 ) ;
#4128 = EDGE_CURVE ( 'NONE', #526, #3088, #541, .T. ) ;
#4129 = DIRECTION ( 'NONE',  ( -1.000000000000000000, -1.138412281109779656E-15, 0.000000000000000000 ) ) ;
#4130 = CARTESIAN_POINT ( 'NONE',  ( 7.042232563985546534, -4.870000511975635327, 0.05808242921139102760 ) ) ;
#4131 = ORIENTED_EDGE ( 'NONE', *, *, #2714, .F. ) ;
#4132 = CARTESIAN_POINT ( 'NONE',  ( -13.50000000000000000, 5.500000000000000000, 0.9999999999999701350 ) ) ;
#4133 = EDGE_CURVE ( 'NONE', #3650, #3230, #787, .T. ) ;
#4134 = CARTESIAN_POINT ( 'NONE',  ( 7.016194351042111421, 4.952957232034888690, 0.01627603691633016866 ) ) ;
#4135 = CARTESIAN_POINT ( 'NONE',  ( -11.11051126243938114, 2.000302375090279750, 1.663937205019580423 ) ) ;
#4136 = LINE ( 'NONE', #4179, #3840 ) ;
#4137 = ORIENTED_EDGE ( 'NONE', *, *, #3784, .T. ) ;
#4138 = VERTEX_POINT ( 'NONE', #3413 ) ;
#4139 = CARTESIAN_POINT ( 'NONE',  ( -7.104379386497939208, -4.666668358831636887, 0.3757211837389328180 ) ) ;
#4140 = CARTESIAN_POINT ( 'NONE',  ( -12.00000000000000000, 0.7500000000000000000, 0.000000000000000000 ) ) ;
#4141 = EDGE_LOOP ( 'NONE', ( #2618, #1190, #3105, #2752 ) ) ;
#4142 = CARTESIAN_POINT ( 'NONE',  ( -13.50000000000000000, -5.500000000000000000, 0.000000000000000000 ) ) ;
#4143 = ORIENTED_EDGE ( 'NONE', *, *, #3660, .F. ) ;
#4144 = FACE_OUTER_BOUND ( 'NONE', #741, .T. ) ;
#4145 = EDGE_CURVE ( 'NONE', #4208, #2410, #3072, .T. ) ;
#4146 = DIRECTION ( 'NONE',  ( 1.000000000000000000, 0.000000000000000000, 0.000000000000000000 ) ) ;
#4147 = DIRECTION ( 'NONE',  ( 0.000000000000000000, 1.000000000000000000, 0.000000000000000000 ) ) ;
#4148 = ORIENTED_EDGE ( 'NONE', *, *, #1497, .F. ) ;
#4149 = EDGE_CURVE ( 'NONE', #2181, #2245, #3027, .T. ) ;
#4150 = FACE_OUTER_BOUND ( 'NONE', #2567, .T. ) ;
#4151 = AXIS2_PLACEMENT_3D ( 'NONE', #4198, #987, #1312 ) ;
#4152 = DIRECTION ( 'NONE',  ( 0.000000000000000000, 0.000000000000000000, -1.000000000000000000 ) ) ;
#4153 = VECTOR ( 'NONE', #3973, 1000.000000000000000 ) ;
#4154 = CARTESIAN_POINT ( 'NONE',  ( -11.70000000000000107, -25.50000000000000000, 0.000000000000000000 ) ) ;
#4155 = DIRECTION ( 'NONE',  ( -1.000000000000000000, 0.000000000000000000, 0.000000000000000000 ) ) ;
#4156 = VERTEX_POINT ( 'NONE', #4061 ) ;
#4157 = EDGE_CURVE ( 'NONE', #1272, #2347, #1994, .T. ) ;
#4158 = ORIENTED_EDGE ( 'NONE', *, *, #1311, .T. ) ;
#4159 = VECTOR ( 'NONE', #332, 1000.000000000000000 ) ;
#4160 = DIRECTION ( 'NONE',  ( 8.673617379884039170E-17, 1.000000000000000000, 7.448677074518000365E-34 ) ) ;
#4161 = LINE ( 'NONE', #2200, #117 ) ;
#4162 = ORIENTED_EDGE ( 'NONE', *, *, #1263, .F. ) ;
#4163 = VECTOR ( 'NONE', #3319, 1000.000000000000000 ) ;
#4164 = CARTESIAN_POINT ( 'NONE',  ( -13.50000000000000000, -5.500000000000000000, 0.9999999999999701350 ) ) ;
#4165 = ADVANCED_FACE ( 'NONE', ( #1650 ), #3093, .F. ) ;
#4166 = ORIENTED_EDGE ( 'NONE', *, *, #2893, .F. ) ;
#4167 = VECTOR ( 'NONE', #1640, 1000.000000000000000 ) ;
#4168 = DIRECTION ( 'NONE',  ( 0.000000000000000000, 0.000000000000000000, 1.000000000000000000 ) ) ;
#4169 = CARTESIAN_POINT ( 'NONE',  ( 7.069562688366848313, -4.719258248528833022, 0.4843660572007624787 ) ) ;
#4170 =( NAMED_UNIT ( * ) PLANE_ANGLE_UNIT ( ) SI_UNIT ( $, .RADIAN. ) );
#4171 = CIRCLE ( 'NONE', #52, 3.250000000000000000 ) ;
#4172 = DIRECTION ( 'NONE',  ( 1.000000000000000000, 0.000000000000000000, 0.000000000000000000 ) ) ;
#4173 = LINE ( 'NONE', #1885, #1778 ) ;
#4174 = VERTEX_POINT ( 'NONE', #2747 ) ;
#4175 = CARTESIAN_POINT ( 'NONE',  ( -6.604487272054069713, 18.50000000000000000, 0.2999999999999999889 ) ) ;
#4176 = CARTESIAN_POINT ( 'NONE',  ( -13.42893218813449963, -5.500000000000000000, 1.071067811865479946 ) ) ;
#4177 = EDGE_CURVE ( 'NONE', #2548, #4138, #3578, .T. ) ;
#4178 = CARTESIAN_POINT ( 'NONE',  ( -12.00000000000000000, 0.000000000000000000, 28.00000000000000000 ) ) ;
#4179 = CARTESIAN_POINT ( 'NONE',  ( 9.599999999999999645, 4.250000000000000000, 0.000000000000000000 ) ) ;
#4180 = ORIENTED_EDGE ( 'NONE', *, *, #2809, .F. ) ;
#4181 = ORIENTED_EDGE ( 'NONE', *, *, #4157, .F. ) ;
#4182 = EDGE_CURVE ( 'NONE', #3011, #3327, #2958, .T. ) ;
#4183 = CARTESIAN_POINT ( 'NONE',  ( -13.50000000000000000, 5.500000000000000000, 0.9999999999999701350 ) ) ;
#4184 = CARTESIAN_POINT ( 'NONE',  ( -0.6299999999999994493, -18.62999999999999901, 6.000000000000000000 ) ) ;
#4185 = ORIENTED_EDGE ( 'NONE', *, *, #2492, .T. ) ;
#4186 = DIRECTION ( 'NONE',  ( 1.334402673828311860E-16, 1.000000000000000000, 0.000000000000000000 ) ) ;
#4187 = EDGE_LOOP ( 'NONE', ( #51, #2470, #3981, #1987 ) ) ;
#4188 = EDGE_CURVE ( 'NONE', #2018, #1637, #2346, .T. ) ;
#4189 = FACE_OUTER_BOUND ( 'NONE', #563, .T. ) ;
#4190 = CARTESIAN_POINT ( 'NONE',  ( -7.094175170151669541, -4.701394586434016531, 0.1818820008049387149 ) ) ;
#4191 = FILL_AREA_STYLE ('',( #2531 ) ) ;
#4192 = VECTOR ( 'NONE', #3659, 1000.000000000000000 ) ;
#4193 = FACE_OUTER_BOUND ( 'NONE', #3321, .T. ) ;
#4194 = AXIS2_PLACEMENT_3D ( 'NONE', #3627, #330, #3322 ) ;
#4195 = CARTESIAN_POINT ( 'NONE',  ( 5.859999999999999432, 6.157142194232649857, 6.000000000000000000 ) ) ;
#4196 = ORIENTED_EDGE ( 'NONE', *, *, #2492, .F. ) ;
#4197 = AXIS2_PLACEMENT_3D ( 'NONE', #486, #3115, #167 ) ;
#4198 = CARTESIAN_POINT ( 'NONE',  ( 0.000000000000000000, 5.500000000000000000, 0.000000000000000000 ) ) ;
#4199 = CARTESIAN_POINT ( 'NONE',  ( 7.104487272054069713, 4.666504109204420381, 0.2999999999999999889 ) ) ;
#4200 = DIRECTION ( 'NONE',  ( -0.7071067811865441310, 0.000000000000000000, 0.7071067811865510144 ) ) ;
#4201 = ORIENTED_EDGE ( 'NONE', *, *, #3496, .T. ) ;
#4202 = ORIENTED_EDGE ( 'NONE', *, *, #1263, .T. ) ;
#4203 = EDGE_CURVE ( 'NONE', #56, #2123, #1100, .T. ) ;
#4204 = CARTESIAN_POINT ( 'NONE',  ( 11.11051126243938647, 2.000302375090276641, 31.33606279498042113 ) ) ;
#4205 = DIRECTION ( 'NONE',  ( 0.000000000000000000, 0.000000000000000000, 1.000000000000000000 ) ) ;
#4206 = VERTEX_POINT ( 'NONE', #3956 ) ;
#4207 = DIRECTION ( 'NONE',  ( -0.4336462817275464343, 0.000000000000000000, 0.9010831828104848285 ) ) ;
#4208 = VERTEX_POINT ( 'NONE', #343 ) ;
#4209 = ADVANCED_FACE ( 'NONE', ( #2788 ), #3662, .F. ) ;
#4210 = CARTESIAN_POINT ( 'NONE',  ( 10.50000000000000000, 4.330127018922195425, 8.142135623730929694 ) ) ;
#4211 = CARTESIAN_POINT ( 'NONE',  ( -6.998065758036322137, -5.009653388819085507, -0.008373249587689465812 ) ) ;
#4212 = DIRECTION ( 'NONE',  ( 1.000000000000000000, 0.000000000000000000, 0.000000000000000000 ) ) ;
#4213 = EDGE_CURVE ( 'NONE', #1121, #2272, #1978, .T. ) ;
#4214 = DIRECTION ( 'NONE',  ( 0.000000000000000000, 0.000000000000000000, 1.000000000000000000 ) ) ;
#4215 = CARTESIAN_POINT ( 'NONE',  ( 5.859999999999999432, -13.89999999999999858, 3.000000000000000000 ) ) ;
#4216 = ORIENTED_EDGE ( 'NONE', *, *, #788, .T. ) ;
#4217 = LINE ( 'NONE', #1267, #3803 ) ;
#4218 = CARTESIAN_POINT ( 'NONE',  ( -10.50000000000000000, -5.500000000000000000, 4.000000000000000000 ) ) ;
#4219 = DIRECTION ( 'NONE',  ( 0.000000000000000000, 0.000000000000000000, 1.000000000000000000 ) ) ;
#4220 = EDGE_LOOP ( 'NONE', ( #1448, #2148, #1037, #800 ) ) ;
#4221 = ORIENTED_EDGE ( 'NONE', *, *, #291, .F. ) ;
#4222 = VECTOR ( 'NONE', #2604, 1000.000000000000000 ) ;
#4223 = CARTESIAN_POINT ( 'NONE',  ( 9.600000000000001421, 4.250000000000000000, 30.63675937468704547 ) ) ;
#4224 = FACE_OUTER_BOUND ( 'NONE', #3546, .T. ) ;
#4225 = ORIENTED_EDGE ( 'NONE', *, *, #2544, .F. ) ;
#4226 = LINE ( 'NONE', #1856, #549 ) ;
#4227 = ORIENTED_EDGE ( 'NONE', *, *, #578, .T. ) ;
#4228 = CIRCLE ( 'NONE', #2779, 3.249999999999999556 ) ;
#4229 = DIRECTION ( 'NONE',  ( -1.245367360287403862E-16, 0.000000000000000000, -1.000000000000000000 ) ) ;
#4230 = VECTOR ( 'NONE', #550, 1000.000000000000000 ) ;
#4231 = EDGE_CURVE ( 'NONE', #828, #2310, #3651, .T. ) ;
#4232 = DIRECTION ( 'NONE',  ( 0.000000000000000000, 0.000000000000000000, 1.000000000000000000 ) ) ;
#4233 = CIRCLE ( 'NONE', #3542, 1.500000000000000444 ) ;
#4234 = CARTESIAN_POINT ( 'NONE',  ( 5.859999999999999432, 18.50000000000000000, 6.000000000000000000 ) ) ;
#4235 = EDGE_CURVE ( 'NONE', #93, #1017, #2323, .T. ) ;
#4236 = CARTESIAN_POINT ( 'NONE',  ( 7.071374334410542417, 4.775949604688916494, 0.1210286273285621494 ) ) ;
#4237 = VECTOR ( 'NONE', #1410, 1000.000000000000000 ) ;
#4238 = CARTESIAN_POINT ( 'NONE',  ( 8.091224996690819861E-16, 0.000000000000000000, 6.000000000000000000 ) ) ;
#4239 = AXIS2_PLACEMENT_3D ( 'NONE', #2615, #1961, #3320 ) ;
#4240 = DIRECTION ( 'NONE',  ( 7.885106708985490266E-17, 1.000000000000000000, 0.000000000000000000 ) ) ;
#4241 = EDGE_CURVE ( 'NONE', #1873, #3510, #2986, .T. ) ;
#4242 = DIRECTION ( 'NONE',  ( 0.000000000000000000, 1.000000000000000000, 0.000000000000000000 ) ) ;
#4243 = CARTESIAN_POINT ( 'NONE',  ( 12.00000000000000000, 4.898042755699219985E-15, 5.000000000000000000 ) ) ;
#4244 = EDGE_LOOP ( 'NONE', ( #3194, #591, #1725, #3431, #3187, #3100, #331, #3671 ) ) ;
#4245 = ORIENTED_EDGE ( 'NONE', *, *, #1789, .F. ) ;
#4246 = CARTESIAN_POINT ( 'NONE',  ( -5.859999999999999432, -13.39999999999999147, 3.000000000000000000 ) ) ;
#4247 = CARTESIAN_POINT ( 'NONE',  ( 12.00000000000000000, -4.250000000000000000, 28.00000000000000000 ) ) ;
#4248 = ORIENTED_EDGE ( 'NONE', *, *, #3864, .T. ) ;
#4249 = CARTESIAN_POINT ( 'NONE',  ( -7.099861855604440386, 4.673567866680740757, 0.3774866946173321414 ) ) ;
#4250 = ORIENTED_EDGE ( 'NONE', *, *, #1149, .T. ) ;
#4251 = DIRECTION ( 'NONE',  ( 0.000000000000000000, 0.000000000000000000, -1.000000000000000000 ) ) ;
#4252 = CARTESIAN_POINT ( 'NONE',  ( 7.099861855604419958, -4.673567866680783389, 0.3774866946135990720 ) ) ;
#4253 = ORIENTED_EDGE ( 'NONE', *, *, #210, .T. ) ;
#4254 = EDGE_CURVE ( 'NONE', #2989, #2390, #2672, .T. ) ;
#4255 = CARTESIAN_POINT ( 'NONE',  ( 7.069290065894454855, 4.782749654522816307, 0.1157129500643541142 ) ) ;
#4256 = NEXT_ASSEMBLY_USAGE_OCCURRENCE ( 'NAUO1', ' ', ' ', #1178, #3725, $ ) ;
#4257 = NEXT_ASSEMBLY_USAGE_OCCURRENCE ( 'NAUO2', ' ', ' ', #1178, #1611, $ ) ;
ENDSEC;
END-ISO-10303-21;
